Sample,Timestamp,Measured Motor Steps,Target Motor Steps,Current Error,PID Control Signal,PID P Term,PID I Term,PID D Term,PID V Term,PID A Term
0,0.05,-36.39,-36.37,0.01,-2.4,0.4,-1.8,-1.0,-0.0,-0.0
1,1.08,-36.34,-36.37,-0.04,-6.7,-1.1,-1.8,-3.8,-0.0,-0.0
2,2.05,-36.36,-36.37,-0.01,-3.1,-0.4,-1.8,-0.9,-0.0,-0.0
3,3.09,-36.38,-36.37,0.00,-0.8,0.0,-1.8,1.0,-0.0,-0.0
4,4.05,-36.39,-36.37,0.01,0.5,0.4,-1.8,1.9,-0.0,-0.0
5,5.11,-36.36,-36.37,-0.01,-1.2,-0.4,-1.8,0.9,-0.0,-0.0
6,6.09,-36.39,-36.37,0.01,0.5,0.4,-1.8,1.9,-0.0,-0.0
7,7.05,-36.40,-36.37,0.02,0.9,0.7,-1.8,1.9,-0.0,-0.0
8,8.09,-36.36,-36.37,-0.01,-3.1,-0.4,-1.8,-1.0,-0.0,-0.0
9,9.07,-36.39,-36.37,0.01,0.5,0.4,-1.8,1.9,-0.0,-0.0
10,10.11,-36.39,-36.37,0.01,-0.4,0.4,-1.8,1.0,-0.0,-0.0
11,11.09,-36.38,-36.37,0.00,-1.8,0.0,-1.8,0.0,-0.0,-0.0
12,12.06,-36.40,-36.37,0.02,-0.1,0.7,-1.7,0.9,-0.0,-0.0
13,13.11,-36.39,-36.37,0.01,0.5,0.4,-1.7,1.9,-0.0,-0.0
14,14.09,-36.36,-36.37,-0.01,-3.1,-0.4,-1.8,-0.9,-0.0,-0.0
15,15.06,-36.35,-36.37,-0.02,-5.4,-0.7,-1.8,-2.9,-0.0,-0.0
16,16.10,-36.38,-36.37,0.00,-1.8,0.0,-1.8,0.0,-0.0,-0.0
17,17.06,-36.38,-36.37,0.00,-3.7,0.0,-1.8,-1.9,-0.0,-0.0
18,18.11,-36.39,-36.37,0.01,-1.4,0.4,-1.8,0.0,-0.0,-0.0
19,19.08,-36.36,-36.37,-0.01,-3.1,-0.4,-1.8,-0.9,-0.0,-0.0
20,20.05,-36.39,-36.37,0.01,0.5,0.4,-1.8,1.9,-0.0,-0.0
21,21.10,-36.39,-36.37,0.01,-0.5,0.4,-1.8,0.9,-0.0,-0.0
22,22.07,-36.38,-36.37,0.00,-3.7,0.0,-1.8,-1.9,-0.0,-0.0
23,23.06,-36.38,-36.37,0.00,-0.8,0.0,-1.8,0.9,-0.0,-0.0
24,24.09,-36.38,-36.37,0.00,-2.7,0.0,-1.8,-1.0,-0.0,-0.0
25,25.06,-36.36,-36.37,-0.01,-2.1,-0.4,-1.8,0.0,-0.0,-0.0
26,26.04,-36.36,-36.37,-0.01,-2.1,-0.4,-1.8,0.0,-0.0,-0.0
27,27.08,-36.35,-36.37,-0.02,-2.5,-0.7,-1.8,0.0,-0.0,-0.0
28,28.06,-36.38,-36.37,0.00,-2.7,0.0,-1.8,-0.9,-0.0,-0.0
29,29.11,-36.36,-36.37,-0.01,-4.0,-0.4,-1.8,-1.9,-0.0,-0.0
30,30.09,-36.38,-36.37,0.00,-0.8,0.0,-1.8,0.9,-0.0,-0.0
31,31.06,-36.40,-36.37,0.02,-1.0,0.7,-1.8,0.0,-0.0,-0.0
32,32.11,-36.36,-36.37,-0.01,-1.2,-0.4,-1.8,1.0,-0.0,-0.0
33,33.07,-36.38,-36.37,0.00,-1.8,0.0,-1.8,0.0,-0.0,-0.0
34,34.05,-36.39,-36.37,0.01,1.4,0.4,-1.8,2.8,-0.0,-0.0
35,35.11,-36.38,-36.37,0.00,-1.8,0.0,-1.8,0.0,-0.0,-0.0
36,36.08,-36.40,-36.37,0.02,2.8,0.7,-1.8,3.8,-0.0,-0.0
37,37.05,-36.35,-36.37,-0.02,-4.4,-0.7,-1.8,-1.9,-0.0,-0.0
38,38.09,-36.39,-36.37,0.01,-1.4,0.4,-1.8,0.0,-0.0,-0.0
39,39.05,-36.36,-36.37,-0.01,-3.1,-0.4,-1.8,-0.9,-0.0,-0.0
40,40.11,-36.38,-36.37,0.00,-0.8,0.0,-1.8,0.9,-0.0,-0.0
41,41.09,-36.35,-36.37,-0.02,-3.5,-0.7,-1.8,-0.9,-0.0,-0.0
42,42.05,-36.38,-36.37,0.00,-1.8,0.0,-1.8,0.0,-0.0,-0.0
43,43.10,-36.38,-36.37,0.00,0.1,0.0,-1.8,1.9,-0.0,-0.0
44,44.06,-36.40,-36.37,0.02,-1.1,0.7,-1.8,0.0,-0.0,-0.0
45,45.11,-36.36,-36.37,-0.01,-4.0,-0.4,-1.8,-1.9,-0.0,-0.0
46,46.07,-36.40,-36.37,0.02,4.7,0.7,-1.8,5.8,-0.0,-0.0
47,47.11,-36.38,-36.37,0.00,-2.7,0.0,-1.8,-1.0,-0.0,-0.0
48,48.08,-36.36,-36.37,-0.01,-5.0,-0.4,-1.8,-2.9,-0.0,-0.0
49,49.05,-36.40,-36.37,0.02,-2.0,0.7,-1.8,-0.9,-0.0,-0.0
50,50.11,-36.36,-36.37,-0.01,-4.0,-0.4,-1.8,-1.9,-0.0,-0.0
51,51.10,-36.36,-36.37,-0.01,-3.1,-0.4,-1.8,-0.9,-0.0,-0.0
52,52.05,-36.38,-36.37,0.00,-2.7,0.0,-1.8,-1.0,-0.0,-0.0
53,53.10,-36.39,-36.37,0.01,-0.5,0.4,-1.8,0.9,-0.0,-0.0
54,54.07,-36.43,-36.37,0.05,6.3,1.5,-1.8,6.6,-0.0,-0.0
55,55.05,-36.36,-36.37,-0.01,-4.0,-0.4,-1.8,-1.9,-0.0,-0.0
56,56.09,-36.35,-36.37,-0.02,-3.5,-0.7,-1.8,-0.9,-0.0,-0.0
57,57.06,-36.39,-36.37,0.01,-1.4,0.4,-1.8,0.0,-0.0,-0.0
58,58.10,-36.35,-36.37,-0.02,-3.5,-0.7,-1.8,-1.0,-0.0,-0.0
59,59.07,-36.38,-36.37,0.00,-0.8,0.0,-1.8,1.0,-0.0,-0.0
60,60.05,-36.38,-36.37,0.00,1.0,0.0,-1.8,2.8,-0.0,-0.0
61,61.11,-36.41,-36.37,0.04,1.2,1.1,-1.8,1.9,-0.0,-0.0
62,62.07,-36.35,-36.37,-0.02,-4.4,-0.7,-1.8,-1.9,-0.0,-0.0
63,63.06,-36.34,-36.37,-0.04,-2.9,-1.1,-1.8,0.0,-0.0,-0.0
64,64.10,-36.36,-36.34,0.02,124.3,0.7,-1.8,0.9,4.9,119.6
65,65.10,-36.00,-36.13,-0.13,126.6,-4.0,-1.8,-7.4,12.4,127.4
66,66.07,-35.33,-35.77,-0.44,107.4,-13.2,-2.1,-16.0,19.0,119.6
67,67.05,-34.41,-35.23,-0.82,89.4,-24.5,-2.7,-20.6,25.4,112.0
68,68.12,-33.30,-34.45,-1.15,105.9,-34.4,-3.8,-13.8,34.4,123.5
69,69.11,-32.06,-33.55,-1.50,74.4,-45.0,-5.1,-18.5,38.4,104.7
70,70.08,-30.79,-32.50,-1.72,89.0,-51.6,-6.7,-11.3,46.6,112.0
71,71.06,-29.43,-31.28,-1.84,105.4,-55.3,-8.4,-5.6,55.2,119.6
72,72.04,-27.94,-29.89,-1.95,99.6,-58.6,-10.3,-3.8,60.2,112.0
73,73.11,-26.22,-28.18,-1.95,108.8,-58.6,-12.4,0.0,67.8,112.0
74,74.09,-24.43,-26.44,-2.01,104.1,-60.4,-14.3,-2.8,73.3,108.3
75,75.07,-22.49,-24.53,-2.04,111.8,-61.2,-16.3,0.9,80.1,108.3
76,76.05,-20.36,-22.45,-2.09,118.4,-62.6,-18.4,-0.9,88.3,112.0
77,77.04,-18.03,-20.18,-2.15,130.2,-64.4,-20.5,-2.8,98.4,119.6
78,78.09,-15.47,-17.58,-2.11,14.1,-63.3,-22.7,1.9,98.3,-0.0
79,79.09,-13.05,-15.10,-2.05,11.3,-61.5,-24.8,0.9,96.7,-0.0
80,80.07,-10.80,-12.64,-1.84,30.8,-55.3,-26.7,9.4,103.3,-0.0
81,81.06,-8.48,-10.17,-1.68,38.7,-50.5,-28.4,9.3,108.3,-0.0
82,82.11,-6.08,-7.55,-1.46,34.7,-43.9,-30.1,10.4,98.3,-0.0
83,83.10,-3.83,-5.06,-1.23,42.7,-37.0,-31.4,11.1,100.0,-0.0
84,84.07,-1.55,-2.64,-1.09,46.7,-32.6,-32.5,8.5,103.3,-0.0
85,85.05,0.78,-0.18,-0.96,44.6,-28.9,-33.5,3.8,103.3,-0.0
86,86.11,3.27,2.47,-0.81,54.1,-24.2,-34.4,9.4,103.3,-0.0
87,87.10,5.62,4.95,-0.67,57.8,-20.1,-35.2,6.5,106.7,-0.0
88,88.08,7.91,7.38,-0.52,55.0,-15.8,-35.8,6.5,100.0,-0.0
89,89.06,10.22,9.84,-0.38,61.8,-11.4,-36.2,9.4,100.0,-0.0
90,90.11,12.70,12.47,-0.23,65.9,-7.0,-36.5,9.4,100.0,-0.0
91,91.11,15.01,14.95,-0.06,70.8,-1.8,-36.7,9.2,100.0,-0.0
92,92.07,17.25,17.36,0.11,78.1,3.3,-36.6,11.5,100.0,-0.0
93,93.05,19.63,19.82,0.20,75.0,5.9,-36.5,5.6,100.0,-0.0
94,94.11,22.18,22.45,0.27,74.6,8.1,-36.2,2.8,100.0,-0.0
95,95.10,24.61,24.94,0.33,74.1,9.9,-35.9,1.8,98.3,-0.0
96,96.06,27.04,27.35,0.31,76.6,9.2,-35.6,-1.9,105.0,-0.0
97,97.06,29.49,29.84,0.35,83.2,10.6,-35.3,4.6,103.3,-0.0
98,98.04,32.04,32.28,0.23,65.6,7.0,-35.0,-4.7,98.3,-0.0
99,99.11,34.83,34.97,0.13,70.3,4.0,-34.8,-5.5,106.7,-0.0
100,100.08,37.35,37.40,0.05,59.4,1.5,-34.8,-5.6,98.3,-0.0
101,101.07,39.94,39.85,-0.09,59.4,-2.6,-34.8,-6.6,103.3,-0.0
102,102.04,42.48,42.29,-0.20,51.0,-5.9,-34.9,-6.6,98.3,-0.0
103,103.11,45.28,44.97,-0.31,48.4,-9.2,-35.2,-5.5,98.3,-0.0
104,104.08,47.81,47.40,-0.42,46.4,-12.5,-35.5,-5.6,100.0,-0.0
105,105.07,50.40,49.85,-0.55,44.3,-16.5,-36.0,-6.6,103.3,-0.0
106,106.04,52.91,52.29,-0.61,46.0,-18.3,-36.6,0.9,100.0,-0.0
107,107.11,55.70,54.97,-0.73,35.3,-22.0,-37.4,-3.7,98.3,-0.0
108,108.09,58.20,57.41,-0.79,29.7,-23.8,-38.1,-8.4,100.0,-0.0
109,109.06,60.58,59.85,-0.73,46.2,-22.0,-38.9,3.7,103.3,-0.0
110,110.04,63.04,62.28,-0.76,38.6,-22.7,-39.6,0.9,100.0,-0.0
111,111.11,65.66,64.96,-0.71,36.6,-21.2,-40.3,-1.8,100.0,-0.0
112,112.09,68.04,67.41,-0.63,40.9,-19.0,-41.0,0.9,100.0,-0.0
113,113.07,70.50,69.86,-0.63,42.7,-19.0,-41.6,0.0,103.3,-0.0
114,114.04,72.81,72.29,-0.52,50.1,-15.8,-42.2,4.7,103.3,-0.0
115,115.04,75.29,74.78,-0.51,42.1,-15.4,-42.7,1.8,98.3,-0.0
116,116.09,77.92,77.41,-0.51,38.8,-15.4,-43.2,-0.9,98.3,-0.0
117,117.06,80.29,79.83,-0.45,43.7,-13.5,-43.7,1.0,100.0,-0.0
118,118.04,82.71,82.28,-0.44,49.6,-13.2,-44.1,1.9,105.0,-0.0
119,119.10,85.33,84.92,-0.40,44.5,-12.1,-44.6,2.8,98.3,-0.0
120,120.06,87.77,87.35,-0.42,44.4,-12.5,-45.0,1.9,100.0,-0.0
121,121.12,90.37,89.98,-0.39,44.8,-11.7,-45.4,1.9,100.0,-0.0
122,122.09,92.76,92.42,-0.34,49.6,-10.2,-45.8,5.6,100.0,-0.0
123,123.06,95.19,94.84,-0.35,42.5,-10.6,-46.1,1.0,98.3,-0.0
124,124.11,97.75,97.46,-0.29,46.1,-8.8,-46.5,4.7,96.7,-0.0
125,125.09,100.16,99.90,-0.26,53.6,-7.7,-46.8,4.7,103.3,-0.0
126,126.06,102.51,102.33,-0.18,55.6,-5.5,-47.0,4.7,103.3,-0.0
127,127.12,105.18,104.99,-0.18,54.9,-5.5,-47.2,0.9,106.7,-0.0
128,128.09,107.53,107.42,-0.11,46.8,-3.3,-47.3,-0.9,98.3,-0.0
129,129.07,109.97,109.87,-0.11,45.8,-3.3,-47.4,-1.9,98.3,-0.0
130,130.05,112.38,112.30,-0.07,52.5,-2.2,-47.4,-2.8,105.0,-0.0
131,131.10,114.97,114.94,-0.02,53.7,-0.7,-47.5,1.9,100.0,-0.0
132,132.07,117.41,117.37,-0.04,48.6,-1.1,-47.5,-2.8,100.0,-0.0
133,133.05,119.78,119.82,0.04,58.8,1.1,-47.5,1.9,103.3,-0.0
134,134.10,122.42,122.44,0.01,52.9,0.4,-47.5,0.0,100.0,-0.0
135,135.08,124.87,124.88,0.01,51.2,0.4,-47.5,0.0,98.3,-0.0
136,136.05,127.32,127.31,-0.01,54.1,-0.4,-47.5,1.9,100.0,-0.0
137,137.11,129.96,129.97,0.01,57.9,0.4,-47.5,0.0,105.0,-0.0
138,138.08,132.37,132.40,0.02,55.4,0.7,-47.5,3.8,98.3,-0.0
139,139.06,134.85,134.85,0.00,57.5,0.0,-47.5,0.0,105.0,-0.0
140,140.11,137.44,137.47,0.04,52.9,1.1,-47.4,0.9,98.3,-0.0
141,141.10,139.89,139.93,0.04,55.8,1.1,-47.4,3.8,98.3,-0.0
142,142.06,142.30,142.34,0.04,50.2,1.1,-47.4,-1.9,98.3,-0.0
143,143.12,144.93,144.97,0.04,56.2,1.1,-47.3,-0.9,103.3,-0.0
144,144.08,147.40,147.40,0.00,51.0,0.0,-47.3,0.0,98.3,-0.0
145,145.05,149.84,149.82,-0.02,49.3,-0.7,-47.4,-1.0,98.3,-0.0
146,146.10,152.54,152.44,-0.10,48.9,-2.9,-47.4,1.0,98.3,-0.0
147,147.07,155.02,154.85,-0.16,50.8,-4.8,-47.6,-1.9,105.0,-0.0
148,148.04,157.57,157.29,-0.28,35.5,-8.4,-47.8,-6.6,98.3,-0.0
149,149.10,160.27,159.93,-0.33,35.6,-9.9,-48.1,-4.7,98.3,-0.0
150,150.06,162.71,162.35,-0.37,38.7,-11.0,-48.5,-1.9,100.0,-0.0
151,151.12,165.42,164.98,-0.44,39.4,-13.2,-48.9,-1.9,103.3,-0.0
152,152.09,167.88,167.41,-0.48,35.6,-14.3,-49.4,0.9,98.3,-0.0
153,153.06,170.30,169.83,-0.48,37.1,-14.3,-49.8,-3.8,105.0,-0.0
154,154.10,172.85,172.45,-0.40,41.7,-12.1,-50.3,5.7,98.3,-0.0
155,155.09,175.28,174.90,-0.39,36.9,-11.7,-50.7,0.9,98.3,-0.0
156,156.05,177.64,177.32,-0.32,44.7,-9.5,-51.0,1.9,103.3,-0.0
157,157.11,180.25,179.96,-0.29,35.4,-8.8,-51.3,-2.8,98.3,-0.0
158,158.08,182.60,182.39,-0.22,46.9,-6.6,-51.5,0.0,105.0,-0.0
159,159.06,185.03,184.83,-0.21,35.7,-6.2,-51.7,-4.7,98.3,-0.0
160,160.11,187.59,187.46,-0.13,44.4,-4.0,-51.8,1.9,98.3,-0.0
161,161.09,189.99,189.91,-0.09,48.3,-2.6,-51.9,2.8,100.0,-0.0
162,162.06,192.43,192.34,-0.10,47.8,-2.9,-52.1,2.8,100.0,-0.0
163,163.04,194.89,194.78,-0.10,42.3,-2.9,-52.2,-0.9,98.3,-0.0
164,164.09,197.52,197.41,-0.11,45.3,-3.3,-52.3,0.9,100.0,-0.0
165,165.06,199.98,199.84,-0.13,45.4,-4.0,-52.4,1.9,100.0,-0.0
166,166.11,202.66,202.47,-0.20,40.6,-5.9,-52.6,-0.9,100.0,-0.0
167,167.09,205.11,204.91,-0.21,37.2,-6.2,-52.8,-3.8,100.0,-0.0
168,168.06,207.57,207.35,-0.22,40.4,-6.6,-53.0,0.0,100.0,-0.0
169,169.04,209.97,209.79,-0.18,44.1,-5.5,-53.2,2.8,100.0,-0.0
170,170.10,212.60,212.43,-0.17,40.5,-5.1,-53.4,-0.9,100.0,-0.0
171,171.06,214.98,214.84,-0.13,41.8,-4.0,-53.5,1.0,98.3,-0.0
172,172.04,217.37,217.28,-0.09,46.6,-2.6,-53.7,2.8,100.0,-0.0
173,173.10,219.97,219.93,-0.04,56.3,-1.1,-53.7,2.8,108.3,-0.0
174,174.06,222.31,222.34,0.02,48.2,0.7,-53.8,2.9,98.3,-0.0
175,175.12,224.93,224.97,0.04,55.2,1.1,-53.7,2.8,105.0,-0.0
176,176.09,227.34,227.40,0.06,49.3,1.8,-53.7,2.8,98.3,-0.0
177,177.07,229.79,229.85,0.06,52.1,1.8,-53.6,-2.8,106.7,-0.0
178,178.04,232.12,232.28,0.16,53.4,4.8,-53.5,3.8,98.3,-0.0
179,179.10,234.88,234.93,0.05,42.7,1.5,-53.4,-3.8,98.3,-0.0
180,180.06,237.29,237.35,0.06,47.6,1.8,-53.3,-0.9,100.0,-0.0
181,181.12,239.99,239.98,-0.01,42.6,-0.4,-53.3,-3.8,100.0,-0.0
182,182.09,242.41,242.40,0.00,45.1,0.0,-53.3,0.0,98.3,-0.0
183,183.07,244.89,244.86,-0.02,48.4,-0.7,-53.3,-0.9,103.3,-0.0
184,184.04,247.31,247.28,-0.04,43.9,-1.1,-53.3,0.0,98.3,-0.0
185,185.09,249.96,249.90,-0.07,42.7,-2.2,-53.4,0.0,98.3,-0.0
186,186.05,252.44,252.32,-0.12,40.8,-3.7,-53.5,-3.8,101.7,-0.0
187,187.11,255.07,254.96,-0.11,42.4,-3.3,-53.6,0.9,98.3,-0.0
188,188.08,257.51,257.39,-0.12,45.9,-3.7,-53.8,0.0,103.3,-0.0
189,189.06,259.92,259.84,-0.09,46.4,-2.6,-53.8,2.8,100.0,-0.0
190,190.11,262.57,262.47,-0.11,43.0,-3.3,-54.0,1.9,98.3,-0.0
191,191.09,265.04,264.92,-0.12,37.8,-3.7,-54.0,-2.8,98.3,-0.0
192,192.06,267.42,267.34,-0.09,42.4,-2.6,-54.1,-0.9,100.0,-0.0
193,193.11,270.03,269.95,-0.07,41.9,-2.2,-54.2,0.0,98.3,-0.0
194,194.08,272.47,272.39,-0.09,40.5,-2.6,-54.3,-0.9,98.3,-0.0
195,195.06,274.93,274.83,-0.10,46.0,-2.9,-54.4,0.0,103.3,-0.0
196,196.11,277.54,277.46,-0.09,46.7,-2.6,-54.5,3.8,100.0,-0.0
197,197.09,280.05,279.90,-0.15,40.9,-4.4,-54.7,0.0,100.0,-0.0
198,198.06,282.47,282.33,-0.15,38.0,-4.4,-54.8,-2.8,100.0,-0.0
199,199.12,285.12,284.99,-0.13,45.1,-4.0,-54.9,-0.9,105.0,-0.0
200,200.09,287.56,287.42,-0.15,38.9,-4.4,-55.1,0.0,98.3,-0.0
201,201.10,290.01,289.93,-0.09,48.1,-2.6,-55.2,7.5,98.3,-0.0
202,202.06,292.44,292.34,-0.10,49.6,-2.9,-55.3,2.8,105.0,-0.0
203,203.04,294.86,294.79,-0.07,47.4,-2.2,-55.4,0.0,105.0,-0.0
204,204.09,297.44,297.42,-0.01,45.4,-0.4,-55.4,2.8,98.3,-0.0
205,205.08,299.88,299.87,-0.01,46.3,-0.4,-55.4,3.8,98.3,-0.0
206,206.05,302.25,302.32,0.07,49.8,2.2,-55.4,4.7,98.3,-0.0
207,207.11,304.87,304.98,0.11,56.5,3.3,-55.3,1.9,106.7,-0.0
208,208.08,307.24,307.39,0.16,50.8,4.8,-55.2,2.8,98.3,-0.0
209,209.06,309.68,309.85,0.17,53.4,5.1,-55.0,0.0,103.3,-0.0
210,210.11,312.34,312.47,0.12,45.2,3.7,-54.8,-1.9,98.3,-0.0
211,211.09,314.76,314.92,0.16,51.0,4.8,-54.7,0.9,100.0,-0.0
212,212.06,317.18,317.35,0.17,48.0,5.1,-54.6,-0.9,98.3,-0.0
213,213.04,319.65,319.80,0.15,51.8,4.4,-54.4,1.9,100.0,-0.0
214,214.10,322.35,322.43,0.07,50.1,2.2,-54.3,-2.8,105.0,-0.0
215,215.06,324.76,324.84,0.09,50.2,2.6,-54.2,1.9,100.0,-0.0
216,216.04,327.16,327.28,0.12,54.2,3.7,-54.2,4.7,100.0,-0.0
217,217.10,329.85,329.94,0.09,61.5,2.6,-54.1,4.7,108.3,-0.0
218,218.06,332.26,332.34,0.09,49.5,2.6,-54.1,1.0,100.0,-0.0
219,219.12,334.85,334.98,0.13,59.8,4.0,-53.9,4.7,105.0,-0.0
220,220.09,337.30,337.42,0.11,52.2,3.3,-53.9,2.8,100.0,-0.0
221,221.07,339.79,339.87,0.07,50.6,2.2,-53.8,-2.8,105.0,-0.0
222,222.05,342.19,342.30,0.11,50.6,3.3,-53.7,0.9,100.0,-0.0
223,223.11,344.87,344.95,0.07,46.0,2.2,-53.6,-0.9,98.3,-0.0
224,224.08,347.31,347.39,0.07,49.6,2.2,-53.5,0.9,100.0,-0.0
225,225.05,349.80,349.81,0.00,42.7,0.0,-53.5,-3.8,100.0,-0.0
226,226.10,352.48,352.44,-0.04,47.6,-1.1,-53.5,-2.8,105.0,-0.0
227,227.07,354.98,354.87,-0.11,42.7,-3.3,-53.6,-3.8,103.3,-0.0
228,228.04,357.53,357.29,-0.24,29.7,-7.3,-53.7,-7.6,98.3,-0.0
229,229.09,360.19,359.91,-0.29,31.7,-8.8,-54.0,-3.8,98.3,-0.0
230,230.06,362.63,362.33,-0.31,37.1,-9.2,-54.3,-2.8,103.3,-0.0
231,231.12,365.36,364.97,-0.38,29.5,-11.4,-54.7,-2.8,98.3,-0.0
232,232.09,367.75,367.41,-0.34,42.6,-10.2,-55.0,2.8,105.0,-0.0
233,233.05,370.15,369.82,-0.33,40.0,-9.9,-55.3,1.9,103.3,-0.0
234,234.11,372.71,372.45,-0.26,40.9,-7.7,-55.7,0.9,103.3,-0.0
235,235.07,375.06,374.86,-0.20,49.2,-5.9,-55.9,7.6,103.3,-0.0
236,236.04,377.40,377.29,-0.12,41.5,-3.7,-56.0,2.8,98.3,-0.0
237,237.09,379.94,379.90,-0.05,42.7,-1.5,-56.1,1.9,98.3,-0.0
238,238.05,382.34,382.32,-0.01,49.7,-0.4,-56.1,2.8,103.3,-0.0
239,239.11,384.95,384.96,0.01,47.1,0.4,-56.1,2.8,100.0,-0.0
240,240.08,387.29,387.40,0.10,58.4,2.9,-56.1,6.6,105.0,-0.0
241,241.06,389.78,389.84,0.05,42.6,1.5,-56.0,-2.8,100.0,-0.0
242,242.11,392.40,392.46,0.07,44.6,2.2,-55.9,0.0,98.3,-0.0
243,243.09,394.80,394.91,0.11,46.7,3.3,-55.8,0.9,98.3,-0.0
244,244.06,397.29,397.34,0.05,48.8,1.5,-55.8,-1.9,105.0,-0.0
245,245.11,399.93,399.96,0.02,43.3,0.7,-55.8,0.0,98.3,-0.0
246,246.08,402.38,402.39,0.00,44.4,0.0,-55.8,1.9,98.3,-0.0
247,247.06,404.88,404.84,-0.05,41.4,-1.5,-55.8,-4.7,103.3,-0.0
248,248.11,407.48,407.46,-0.02,42.5,-0.7,-55.8,-0.9,100.0,-0.0
249,249.09,409.92,409.91,-0.01,42.9,-0.4,-55.8,-0.9,100.0,-0.0
250,250.06,412.34,412.34,0.00,41.6,0.0,-55.8,-0.9,98.3,-0.0
251,251.04,414.77,414.79,0.02,46.8,0.7,-55.8,1.9,100.0,-0.0
252,252.10,417.40,417.43,0.04,51.1,1.1,-55.8,-0.9,106.7,-0.0
253,253.06,419.81,419.84,0.02,46.0,0.7,-55.7,1.0,100.0,-0.0
254,254.12,422.46,422.48,0.01,41.9,0.4,-55.7,-2.8,100.0,-0.0
255,255.10,424.90,424.93,0.02,50.6,0.7,-55.6,-2.8,108.3,-0.0
256,256.06,427.27,427.33,0.06,46.5,1.8,-55.6,1.9,98.3,-0.0
257,257.12,429.96,429.98,0.02,50.2,0.7,-55.5,0.0,105.0,-0.0
258,258.09,432.34,432.41,0.07,48.6,2.2,-55.5,1.9,100.0,-0.0
259,259.06,434.78,434.84,0.06,45.5,1.8,-55.4,-0.9,100.0,-0.0
260,260.04,437.26,437.28,0.02,49.4,0.7,-55.4,-0.9,105.0,-0.0
261,261.10,439.95,439.94,-0.01,46.4,-0.4,-55.4,-2.8,105.0,-0.0
262,262.07,442.41,442.37,-0.04,43.1,-1.1,-55.4,-3.8,103.3,-0.0
263,263.05,444.86,444.82,-0.04,46.8,-1.1,-55.4,0.0,103.3,-0.0
264,264.11,447.49,447.45,-0.04,48.7,-1.1,-55.5,1.9,103.3,-0.0
265,265.07,449.95,449.86,-0.09,42.4,-2.6,-55.5,-2.8,103.3,-0.0
266,266.04,452.36,452.29,-0.07,39.6,-2.2,-55.6,-0.9,98.3,-0.0
267,267.09,454.98,454.90,-0.09,38.2,-2.6,-55.7,-1.9,98.3,-0.0
268,268.05,457.43,457.32,-0.11,42.6,-3.3,-55.8,0.0,101.7,-0.0
269,269.11,460.06,459.96,-0.10,39.5,-2.9,-55.9,0.0,98.3,-0.0
270,270.08,462.45,462.39,-0.06,49.1,-1.8,-56.0,1.9,105.0,-0.0
271,271.06,464.93,464.83,-0.10,40.3,-2.9,-56.0,0.9,98.3,-0.0
272,272.11,467.54,467.46,-0.09,41.5,-2.6,-56.1,1.9,98.3,-0.0
273,273.09,469.98,469.91,-0.07,41.8,-2.2,-56.2,1.9,98.3,-0.0
274,274.06,472.38,472.34,-0.04,43.8,-1.1,-56.2,2.8,98.3,-0.0
275,275.04,474.87,474.79,-0.09,38.3,-2.6,-56.3,-2.8,100.0,-0.0
276,276.09,477.44,477.42,-0.02,44.8,-0.7,-56.4,1.9,100.0,-0.0
277,277.06,479.88,479.84,-0.05,39.5,-1.5,-56.4,-1.0,98.3,-0.0
278,278.11,482.50,482.47,-0.02,44.7,-0.7,-56.4,1.9,100.0,-0.0
279,279.09,484.95,484.92,-0.04,40.5,-1.1,-56.5,-1.9,100.0,-0.0
280,280.06,487.39,487.35,-0.05,42.0,-1.5,-56.5,0.0,100.0,-0.0
281,281.04,489.84,489.79,-0.05,41.3,-1.5,-56.5,0.9,98.3,-0.0
282,282.10,492.43,492.43,0.00,53.9,0.0,-56.6,3.8,106.7,-0.0
283,283.06,494.85,494.84,-0.01,42.3,-0.4,-56.6,1.0,98.3,-0.0
284,284.11,497.49,497.48,-0.01,42.1,-0.4,-56.6,-0.9,100.0,-0.0
285,285.10,499.95,499.93,-0.02,50.1,-0.7,-56.6,-0.9,108.3,-0.0
286,286.06,502.29,502.33,0.04,46.6,1.1,-56.6,3.8,98.3,-0.0
287,287.12,504.97,504.98,0.01,49.7,0.4,-56.6,0.9,105.0,-0.0
288,288.09,507.37,507.41,0.04,43.6,1.1,-56.6,-0.9,100.0,-0.0
289,289.06,509.84,509.84,0.00,44.4,0.0,-56.5,0.9,100.0,-0.0
290,290.04,512.21,512.28,0.07,53.5,2.2,-56.5,2.8,105.0,-0.0
291,291.11,514.93,514.95,0.02,51.5,0.7,-56.4,-2.8,110.0,-0.0
292,292.07,517.33,517.37,0.04,44.9,1.1,-56.4,1.9,98.3,-0.0
293,293.04,519.76,519.78,0.01,41.4,0.4,-56.3,-1.0,98.3,-0.0
294,294.09,522.36,522.40,0.04,45.0,1.1,-56.3,1.9,98.3,-0.0
295,295.06,524.77,524.82,0.05,45.2,1.5,-56.3,0.0,100.0,-0.0
296,296.10,527.39,527.44,0.05,44.3,1.5,-56.2,-1.0,100.0,-0.0
297,297.07,529.77,529.86,0.09,44.7,2.6,-56.2,0.0,98.3,-0.0
298,298.04,532.19,532.29,0.10,48.7,2.9,-56.1,1.9,100.0,-0.0
299,299.10,534.75,534.93,0.17,56.1,5.1,-55.9,1.9,105.0,-0.0
300,300.06,537.17,537.34,0.17,47.7,5.1,-55.8,0.0,98.3,-0.0
301,301.12,539.77,539.98,0.21,53.1,6.2,-55.5,-0.9,103.3,-0.0
302,302.08,542.18,542.40,0.22,48.7,6.6,-55.3,-0.9,98.3,-0.0
303,303.05,544.57,544.81,0.24,61.1,7.3,-55.1,3.8,105.0,-0.0
304,304.10,547.22,547.44,0.22,54.8,6.6,-54.9,4.7,98.3,-0.0
305,305.08,549.76,549.89,0.13,41.1,4.0,-54.7,-6.6,98.3,-0.0
306,306.05,552.20,552.31,0.11,47.6,3.3,-54.5,-2.8,101.7,-0.0
307,307.11,554.96,554.96,0.00,42.7,0.0,-54.5,-2.8,100.0,-0.0
308,308.08,557.45,557.39,-0.06,44.9,-1.8,-54.5,-3.8,105.0,-0.0
309,309.06,559.96,559.84,-0.12,40.8,-3.7,-54.6,-0.9,100.0,-0.0
310,310.11,562.71,562.47,-0.23,33.5,-7.0,-54.8,-4.7,100.0,-0.0
311,311.09,565.15,564.92,-0.23,35.4,-7.0,-55.1,-0.9,98.3,-0.0
312,312.06,567.61,567.35,-0.27,41.6,-8.1,-55.3,0.0,105.0,-0.0
313,313.04,570.07,569.79,-0.28,37.7,-8.4,-55.6,0.0,101.7,-0.0
314,314.09,572.69,572.42,-0.27,37.9,-8.1,-55.9,1.9,100.0,-0.0
315,315.07,575.07,574.86,-0.21,35.1,-6.2,-56.1,-0.9,98.3,-0.0
316,316.04,577.47,577.29,-0.17,45.0,-5.1,-56.3,4.7,101.7,-0.0
317,317.11,580.04,579.95,-0.09,53.1,-2.6,-56.4,3.8,108.3,-0.0
318,318.08,582.45,582.38,-0.06,44.5,-1.8,-56.5,2.8,100.0,-0.0
319,319.06,584.90,584.83,-0.07,46.2,-2.2,-56.6,0.0,105.0,-0.0
320,320.11,587.45,587.45,0.00,44.6,0.0,-56.6,2.8,98.3,-0.0
321,321.09,589.93,589.91,-0.02,38.2,-0.7,-56.6,-2.8,98.3,-0.0
322,322.06,592.25,592.33,0.09,55.9,2.6,-56.6,6.6,103.3,-0.0
323,323.12,594.95,594.98,0.02,43.2,0.7,-56.5,-0.9,100.0,-0.0
324,324.09,597.44,597.41,-0.02,44.9,-0.7,-56.5,-2.8,105.0,-0.0
325,325.07,599.84,599.86,0.01,39.4,0.4,-56.5,-2.8,98.3,-0.0
326,326.04,602.28,602.29,0.01,49.1,0.4,-56.5,1.9,103.3,-0.0
327,327.10,604.97,604.93,-0.04,41.6,-1.1,-56.6,0.9,98.3,-0.0
328,328.07,607.40,607.37,-0.04,44.2,-1.1,-56.6,1.9,100.0,-0.0
329,329.05,609.84,609.81,-0.02,46.9,-0.7,-56.6,0.9,103.3,-0.0
330,330.10,612.44,612.43,-0.01,43.0,-0.4,-56.6,0.0,100.0,-0.0
331,331.08,614.86,614.88,0.02,46.9,0.7,-56.6,2.8,100.0,-0.0
332,332.05,617.25,617.31,0.06,48.1,1.8,-56.6,2.8,100.0,-0.0
333,333.11,619.91,619.96,0.05,49.0,1.5,-56.5,-0.9,105.0,-0.0
334,334.08,622.30,622.39,0.09,45.4,2.6,-56.4,0.9,98.3,-0.0
335,335.06,624.78,624.84,0.06,47.7,1.8,-56.4,-2.8,105.0,-0.0
336,336.11,627.38,627.47,0.09,44.6,2.6,-56.3,0.0,98.3,-0.0
337,337.10,629.82,629.92,0.10,44.1,2.9,-56.2,-0.9,98.3,-0.0
338,338.06,632.24,632.33,0.09,45.5,2.6,-56.1,-1.0,100.0,-0.0
339,339.11,634.90,634.97,0.06,49.2,1.8,-56.0,0.0,103.3,-0.0
340,340.08,637.37,637.39,0.02,41.2,0.7,-56.0,-1.9,98.3,-0.0
341,341.05,639.78,639.82,0.04,42.6,1.1,-55.9,-0.9,98.3,-0.0
342,342.10,642.46,642.43,-0.02,41.7,-0.7,-56.0,0.0,98.3,-0.0
343,343.07,644.91,644.85,-0.06,44.3,-1.8,-56.0,-2.9,105.0,-0.0
344,344.04,647.36,647.29,-0.07,43.6,-2.2,-56.1,1.9,100.0,-0.0
345,345.10,650.04,649.93,-0.11,36.1,-3.3,-56.2,-2.8,98.3,-0.0
346,346.06,652.43,652.34,-0.09,41.4,-2.6,-56.2,1.9,98.3,-0.0
347,347.12,655.05,654.98,-0.07,49.5,-2.2,-56.4,4.7,103.3,-0.0
348,348.09,657.50,657.40,-0.10,38.0,-2.9,-56.4,-0.9,98.3,-0.0
349,349.05,659.91,659.82,-0.09,46.8,-2.6,-56.5,1.0,105.0,-0.0
350,350.11,662.48,662.45,-0.02,41.0,-0.7,-56.6,0.0,98.3,-0.0
351,351.09,664.97,664.90,-0.06,38.0,-1.8,-56.6,-1.9,98.3,-0.0
352,352.06,667.40,667.33,-0.06,41.2,-1.8,-56.7,-1.9,101.7,-0.0
353,353.04,669.82,669.78,-0.05,46.1,-1.5,-56.7,0.9,103.3,-0.0
354,354.09,672.49,672.41,-0.07,42.2,-2.2,-56.8,-3.8,105.0,-0.0
355,355.06,674.90,674.82,-0.09,41.1,-2.6,-56.8,-2.9,103.3,-0.0
356,356.11,677.50,677.45,-0.05,46.6,-1.5,-56.9,0.0,105.0,-0.0
357,357.08,679.97,679.87,-0.10,42.5,-2.9,-57.0,-0.9,103.3,-0.0
358,358.04,682.32,682.29,-0.04,45.9,-1.1,-57.0,5.7,98.3,-0.0
359,359.09,685.05,684.90,-0.15,32.0,-4.4,-57.1,-4.8,98.3,-0.0
360,360.06,687.38,687.33,-0.05,44.9,-1.5,-57.2,1.9,101.7,-0.0
361,361.12,690.00,689.97,-0.02,43.9,-0.7,-57.2,1.9,100.0,-0.0
362,362.09,692.41,692.41,0.00,48.7,0.0,-57.2,0.9,105.0,-0.0
363,363.07,694.84,694.85,0.01,46.2,0.4,-57.2,4.7,98.3,-0.0
364,364.04,697.28,697.28,0.00,48.7,0.0,-57.2,0.9,105.0,-0.0
365,365.10,699.91,699.93,0.01,43.1,0.4,-57.2,0.0,100.0,-0.0
366,366.07,702.32,702.35,0.04,50.8,1.1,-57.2,1.9,105.0,-0.0
367,367.12,704.91,704.97,0.06,43.9,1.8,-57.2,0.9,98.3,-0.0
368,368.09,707.36,707.40,0.04,39.5,1.1,-57.1,-2.8,98.3,-0.0
369,369.07,709.80,709.85,0.05,46.8,1.5,-57.1,-0.9,103.3,-0.0
370,370.04,712.19,712.28,0.09,46.5,2.6,-57.0,0.9,100.0,-0.0
371,371.10,714.86,714.93,0.07,45.3,2.2,-56.9,0.0,100.0,-0.0
372,372.07,717.27,717.36,0.09,45.8,2.6,-56.8,0.0,100.0,-0.0
373,373.05,719.75,719.80,0.05,43.1,1.5,-56.8,0.0,98.3,-0.0
374,374.10,722.38,722.43,0.06,44.4,1.8,-56.7,0.9,98.3,-0.0
375,375.07,724.82,724.86,0.04,46.9,1.1,-56.6,-0.9,103.3,-0.0
376,376.04,727.21,727.28,0.07,43.0,2.2,-56.6,-0.9,98.3,-0.0
377,377.09,729.81,729.89,0.09,45.4,2.6,-56.5,1.0,98.3,-0.0
378,378.06,732.20,732.33,0.12,53.2,3.7,-56.3,0.9,105.0,-0.0
379,379.10,734.80,734.95,0.15,50.3,4.4,-56.2,3.8,98.3,-0.0
380,380.09,737.26,737.41,0.16,52.2,4.8,-56.1,1.9,101.7,-0.0
381,381.05,739.66,739.82,0.16,45.3,4.8,-55.9,-1.9,98.3,-0.0
382,382.10,742.26,742.45,0.18,50.0,5.5,-55.7,1.9,98.3,-0.0
383,383.09,744.75,744.90,0.15,46.2,4.4,-55.6,-0.9,98.3,-0.0
384,384.05,747.23,747.32,0.09,45.4,2.6,-55.5,0.0,98.3,-0.0
385,385.11,749.93,749.97,0.04,41.2,1.1,-55.4,-2.8,98.3,-0.0
386,386.09,752.42,752.41,-0.01,43.3,-0.4,-55.4,-0.9,100.0,-0.0
387,387.06,754.94,754.84,-0.10,38.8,-2.9,-55.5,-2.8,100.0,-0.0
388,388.12,757.63,757.48,-0.16,40.8,-4.8,-55.6,-3.8,105.0,-0.0
389,389.10,760.17,759.93,-0.24,39.0,-7.3,-55.8,-2.8,105.0,-0.0
390,390.07,762.60,762.37,-0.23,41.1,-7.0,-56.0,-0.9,105.0,-0.0
391,391.05,765.04,764.82,-0.22,44.0,-6.6,-56.3,1.9,105.0,-0.0
392,392.10,767.69,767.44,-0.24,34.5,-7.3,-56.5,0.0,98.3,-0.0
393,393.08,770.13,769.89,-0.24,30.5,-7.3,-56.8,-3.8,98.3,-0.0
394,394.05,772.47,772.31,-0.16,41.8,-4.8,-57.0,1.9,101.7,-0.0
395,395.11,775.12,774.96,-0.16,35.5,-4.8,-57.1,-0.9,98.3,-0.0
396,396.08,777.48,777.39,-0.09,47.1,-2.6,-57.2,1.9,105.0,-0.0
397,397.04,779.85,779.80,-0.05,44.1,-1.5,-57.3,2.9,100.0,-0.0
398,398.10,782.48,782.45,-0.04,45.8,-1.1,-57.3,0.9,103.3,-0.0
399,399.09,784.90,784.90,0.00,50.2,0.0,-57.3,0.9,106.7,-0.0
400,400.05,787.34,787.32,-0.02,44.1,-0.7,-57.3,-2.8,105.0,-0.0
401,401.12,789.93,789.97,0.04,42.1,1.1,-57.3,0.0,98.3,-0.0
402,402.08,792.37,792.39,0.02,45.3,0.7,-57.3,1.9,100.0,-0.0
403,403.06,794.86,794.84,-0.02,38.4,-0.7,-57.3,-1.9,98.3,-0.0
404,404.11,797.50,797.47,-0.02,44.1,-0.7,-57.3,-2.8,105.0,-0.0
405,405.10,800.00,799.92,-0.09,37.8,-2.6,-57.4,-5.7,103.3,-0.0
406,406.06,802.39,802.33,-0.06,44.5,-1.8,-57.4,3.8,100.0,-0.0
407,407.11,805.03,804.97,-0.06,45.7,-1.8,-57.5,0.0,105.0,-0.0
408,408.08,807.46,807.40,-0.06,38.9,-1.8,-57.6,0.0,98.3,-0.0
409,409.06,809.84,809.83,-0.01,45.8,-0.4,-57.6,3.8,100.0,-0.0
410,410.12,812.45,812.48,0.02,50.2,0.7,-57.6,3.7,103.3,-0.0
411,411.12,814.89,814.99,0.10,56.4,2.9,-57.6,2.7,108.3,-0.0
412,412.09,817.32,817.40,0.09,46.2,2.6,-57.5,2.8,98.3,-0.0
413,413.07,819.71,819.86,0.15,57.8,4.4,-57.4,7.5,103.3,-0.0
414,414.04,822.14,822.28,0.13,47.9,4.0,-57.2,2.8,98.3,-0.0
415,415.08,824.74,824.89,0.15,47.5,4.4,-57.1,1.9,98.3,-0.0
416,416.05,827.16,827.31,0.15,48.9,4.4,-56.9,-1.9,103.3,-0.0
417,417.11,829.86,829.95,0.10,37.9,2.9,-56.8,-6.6,98.3,-0.0
418,418.08,832.28,832.39,0.11,47.9,3.3,-56.6,-3.8,105.0,-0.0
419,419.06,834.74,834.83,0.09,40.6,2.6,-56.5,-3.8,98.3,-0.0
420,420.11,837.41,837.45,0.04,40.2,1.1,-56.4,-2.8,98.3,-0.0
421,421.09,839.90,839.90,0.00,36.2,0.0,-56.4,-5.7,98.3,-0.0
422,422.06,842.32,842.33,0.01,45.9,0.4,-56.4,1.9,100.0,-0.0
423,423.12,845.00,844.97,-0.02,41.2,-0.7,-56.4,0.0,98.3,-0.0
424,424.09,847.44,847.41,-0.02,43.1,-0.7,-56.4,1.9,98.3,-0.0
425,425.06,849.85,849.83,-0.02,43.1,-0.7,-56.5,1.9,98.3,-0.0
426,426.11,852.50,852.47,-0.02,44.6,-0.7,-56.5,1.9,100.0,-0.0
427,427.10,854.98,854.92,-0.06,40.7,-1.8,-56.6,-0.9,100.0,-0.0
428,428.06,857.39,857.33,-0.05,44.8,-1.5,-56.6,2.8,100.0,-0.0
429,429.12,860.06,859.98,-0.09,42.0,-2.6,-56.7,-3.8,105.0,-0.0
430,430.09,862.41,862.41,0.00,47.0,0.0,-56.8,3.8,100.0,-0.0
431,431.06,864.86,864.84,-0.02,38.9,-0.7,-56.8,-1.9,98.3,-0.0
432,432.04,867.31,867.28,-0.02,49.3,-0.7,-56.8,1.9,105.0,-0.0
433,433.10,869.95,869.94,-0.01,52.2,-0.4,-56.8,2.8,106.7,-0.0
434,434.07,872.41,872.37,-0.05,43.3,-1.5,-56.9,0.0,101.7,-0.0
435,435.05,874.84,874.81,-0.02,48.5,-0.7,-56.9,2.8,103.3,-0.0
436,436.10,877.48,877.44,-0.04,49.0,-1.1,-57.0,3.8,103.3,-0.0
437,437.07,879.93,879.86,-0.07,38.6,-2.2,-57.1,-3.8,101.7,-0.0
438,438.04,882.30,882.28,-0.02,45.2,-0.7,-57.1,4.7,98.3,-0.0
439,439.08,884.94,884.89,-0.05,39.7,-1.5,-57.1,0.0,98.3,-0.0
440,440.05,887.34,887.31,-0.02,47.3,-0.7,-57.2,1.9,103.3,-0.0
441,441.11,889.97,889.96,-0.01,45.5,-0.4,-57.2,4.7,98.3,-0.0
442,442.08,892.40,892.39,0.00,49.7,0.0,-57.2,1.9,105.0,-0.0
443,443.05,894.79,894.80,0.01,50.2,0.4,-57.2,3.8,103.3,-0.0
444,444.10,897.41,897.43,0.02,49.4,0.7,-57.2,0.9,105.0,-0.0
445,445.07,899.87,899.85,-0.02,43.5,-0.7,-57.2,-1.9,103.3,-0.0
446,446.12,902.44,902.48,0.04,51.7,1.1,-57.2,2.8,105.0,-0.0
447,447.08,904.83,904.88,0.05,46.4,1.5,-57.2,3.8,98.3,-0.0
448,448.05,907.28,907.31,0.02,46.9,0.7,-57.2,0.0,103.3,-0.0
449,449.11,909.90,909.95,0.05,40.8,1.5,-57.1,-1.9,98.3,-0.0
450,450.08,912.23,912.38,0.15,55.2,4.4,-57.0,2.8,105.0,-0.0
451,451.05,914.69,914.82,0.13,46.2,4.0,-56.9,-0.9,100.0,-0.0
452,452.11,917.30,917.45,0.15,46.9,4.4,-56.8,0.9,98.3,-0.0
453,453.09,919.73,919.90,0.17,48.8,5.1,-56.6,1.9,98.3,-0.0
454,454.05,922.13,922.33,0.20,47.8,5.9,-56.4,0.0,98.3,-0.0
455,455.12,924.76,924.97,0.22,51.4,6.6,-56.2,0.9,100.0,-0.0
456,456.09,927.19,927.41,0.22,51.6,6.6,-56.0,0.9,100.0,-0.0
457,457.05,929.59,929.82,0.23,51.4,7.0,-55.8,1.9,98.3,-0.0
458,458.11,932.28,932.47,0.20,48.5,5.9,-55.5,-1.9,100.0,-0.0
459,459.09,934.75,934.92,0.16,43.1,4.8,-55.3,-4.7,98.3,-0.0
460,460.06,937.15,937.34,0.20,49.8,5.9,-55.1,-0.9,100.0,-0.0
461,461.12,939.81,939.98,0.17,58.0,5.1,-54.9,2.8,105.0,-0.0
462,462.09,942.25,942.41,0.16,48.3,4.8,-54.8,0.0,98.3,-0.0
463,463.07,944.76,944.86,0.10,52.3,2.9,-54.7,-0.9,105.0,-0.0
464,464.04,947.27,947.29,0.02,40.6,0.7,-54.7,-3.8,98.3,-0.0
465,465.10,949.98,949.94,-0.04,38.8,-1.1,-54.7,-3.8,98.3,-0.0
466,466.08,952.48,952.39,-0.10,37.7,-2.9,-54.7,-4.7,100.0,-0.0
467,467.05,954.94,954.80,-0.15,36.2,-4.4,-54.9,-2.9,98.3,-0.0
468,468.10,957.64,957.43,-0.21,38.3,-6.2,-55.1,-3.8,103.3,-0.0
469,469.07,960.11,959.85,-0.26,36.6,-7.7,-55.3,-3.8,103.3,-0.0
470,470.12,962.79,962.48,-0.31,40.2,-9.2,-55.6,0.0,105.0,-0.0
471,471.08,965.22,964.89,-0.33,30.6,-9.9,-55.9,-1.9,98.3,-0.0
472,472.05,967.61,967.31,-0.31,38.9,-9.2,-56.2,0.9,103.3,-0.0
473,473.11,970.23,969.96,-0.27,35.6,-8.1,-56.5,1.9,98.3,-0.0
474,474.08,972.66,972.39,-0.27,41.1,-8.1,-56.8,0.9,105.0,-0.0
475,475.06,974.99,974.83,-0.16,44.8,-4.8,-57.0,6.6,100.0,-0.0
476,476.11,977.61,977.46,-0.15,40.5,-4.4,-57.2,3.8,98.3,-0.0
477,477.09,980.03,979.91,-0.12,37.2,-3.7,-57.3,-1.9,100.0,-0.0
478,478.06,982.34,982.34,0.00,48.3,0.0,-57.3,5.6,100.0,-0.0
479,479.04,984.81,984.79,-0.02,41.2,-0.7,-57.4,0.9,98.3,-0.0
480,480.09,987.40,987.42,0.01,43.2,0.4,-57.4,1.9,98.3,-0.0
481,481.07,989.90,989.86,-0.05,38.5,-1.5,-57.4,-0.9,98.3,-0.0
482,482.04,992.33,992.28,-0.05,35.4,-1.5,-57.4,-5.7,100.0,-0.0
483,483.10,994.97,994.94,-0.04,44.6,-1.1,-57.4,-1.9,105.0,-0.0
484,484.07,997.39,997.37,-0.02,43.0,-0.7,-57.5,2.8,98.3,-0.0
485,485.05,999.87,999.82,-0.05,47.9,-1.5,-57.5,1.9,105.0,-0.0
486,486.11,1002.49,1002.45,-0.04,40.6,-1.1,-57.6,0.9,98.3,-0.0
487,487.09,1004.94,1004.90,-0.05,41.1,-1.5,-57.6,1.9,98.3,-0.0
488,488.05,1007.36,1007.32,-0.04,43.8,-1.1,-57.7,0.9,101.7,-0.0
489,489.11,1010.01,1009.97,-0.05,35.4,-1.5,-57.7,-3.8,98.3,-0.0
490,490.09,1012.38,1012.40,0.02,51.8,0.7,-57.8,3.8,105.0,-0.0
491,491.06,1014.82,1014.85,0.02,46.8,0.7,-57.7,3.8,100.0,-0.0
492,492.04,1017.24,1017.28,0.05,50.7,1.5,-57.7,1.9,105.0,-0.0
493,493.09,1019.84,1019.90,0.06,48.5,1.8,-57.6,0.9,103.3,-0.0
494,494.05,1022.18,1022.31,0.13,53.1,4.0,-57.6,6.6,100.0,-0.0
495,495.11,1024.80,1024.95,0.15,51.3,4.4,-57.4,0.9,103.3,-0.0
496,496.08,1027.22,1027.39,0.17,52.9,5.1,-57.2,0.0,105.0,-0.0
497,497.05,1029.59,1029.80,0.21,49.4,6.2,-57.1,1.9,98.3,-0.0
498,498.10,1032.21,1032.43,0.21,47.7,6.2,-56.8,0.0,98.3,-0.0
499,499.07,1034.58,1034.85,0.27,54.3,8.1,-56.6,2.8,100.0,-0.0
500,500.04,1037.05,1037.28,0.23,55.6,7.0,-56.4,0.0,105.0,-0.0
501,501.10,1039.72,1039.93,0.21,43.7,6.2,-56.1,-4.7,98.3,-0.0
502,502.07,1042.19,1042.35,0.16,51.0,4.8,-55.9,-2.8,105.0,-0.0
503,503.04,1044.68,1044.80,0.12,47.5,3.7,-55.8,-3.7,103.3,-0.0
504,504.09,1047.29,1047.42,0.13,49.5,4.0,-55.7,2.8,98.3,-0.0
505,505.07,1049.83,1049.87,0.04,41.9,1.1,-55.6,-1.9,98.3,-0.0
506,506.04,1052.28,1052.30,0.01,44.8,0.4,-55.6,0.0,100.0,-0.0
507,507.11,1055.00,1054.95,-0.05,45.1,-1.5,-55.6,-2.8,105.0,-0.0
508,508.08,1057.46,1057.39,-0.07,41.4,-2.2,-55.7,0.9,98.3,-0.0
509,509.06,1059.91,1059.83,-0.09,46.7,-2.6,-55.8,0.0,105.0,-0.0
510,510.11,1062.54,1062.46,-0.07,41.2,-2.2,-55.9,0.9,98.3,-0.0
511,511.09,1064.99,1064.91,-0.09,40.8,-2.6,-56.0,0.9,98.3,-0.0
512,512.06,1067.44,1067.34,-0.11,40.4,-3.3,-56.0,-1.9,101.7,-0.0
513,513.04,1069.86,1069.79,-0.07,43.2,-2.2,-56.1,-1.9,103.3,-0.0
514,514.09,1072.47,1072.42,-0.05,49.2,-1.5,-56.2,1.9,105.0,-0.0
515,515.06,1074.84,1074.84,0.00,47.4,0.0,-56.2,1.9,101.7,-0.0
516,516.11,1077.51,1077.47,-0.05,46.4,-1.5,-56.2,-0.9,105.0,-0.0
517,517.08,1079.88,1079.88,0.00,39.2,0.0,-56.2,-2.9,98.3,-0.0
518,518.04,1082.30,1082.30,0.00,41.9,0.0,-56.2,-1.9,100.0,-0.0
519,519.10,1084.89,1084.92,0.04,42.3,1.1,-56.2,-0.9,98.3,-0.0
520,520.06,1087.35,1087.33,-0.02,41.2,-0.7,-56.2,-1.9,100.0,-0.0
521,521.12,1089.95,1089.97,0.01,49.4,0.4,-56.2,1.9,103.3,-0.0
522,522.08,1092.37,1092.39,0.02,42.9,0.7,-56.2,0.0,98.3,-0.0
523,523.05,1094.70,1094.81,0.11,58.8,3.3,-56.1,6.7,105.0,-0.0
524,524.10,1097.36,1097.44,0.07,45.2,2.2,-56.0,-0.9,100.0,-0.0
525,525.08,1099.82,1099.89,0.07,46.4,2.2,-56.0,1.9,98.3,-0.0
526,526.05,1102.23,1102.31,0.07,53.4,2.2,-55.9,3.8,103.3,-0.0
527,527.11,1104.90,1104.96,0.06,42.4,1.8,-55.8,-1.9,98.3,-0.0
528,528.08,1107.26,1107.39,0.12,61.3,3.7,-55.8,8.5,105.0,-0.0
529,529.04,1109.69,1109.79,0.10,47.5,2.9,-55.7,1.9,98.3,-0.0
530,530.09,1112.35,1112.42,0.06,53.1,1.8,-55.6,1.9,105.0,-0.0
531,531.06,1114.73,1114.84,0.10,51.7,2.9,-55.5,0.9,103.3,-0.0
532,532.11,1117.36,1117.47,0.11,55.9,3.3,-55.4,4.7,103.3,-0.0
533,533.08,1119.76,1119.88,0.11,48.2,3.3,-55.3,1.9,98.3,-0.0
534,534.05,1122.18,1122.30,0.12,51.0,3.7,-55.2,0.9,101.7,-0.0
535,535.11,1124.79,1124.95,0.16,50.6,4.8,-55.1,0.9,100.0,-0.0
536,536.08,1127.22,1127.38,0.16,54.8,4.8,-54.9,0.0,105.0,-0.0
537,537.04,1129.63,1129.79,0.16,51.1,4.8,-54.8,2.9,98.3,-0.0
538,538.09,1132.21,1132.42,0.21,54.4,6.2,-54.6,2.8,100.0,-0.0
539,539.07,1134.69,1134.86,0.16,48.4,4.8,-54.4,-1.9,100.0,-0.0
540,540.04,1137.07,1137.29,0.22,55.5,6.6,-54.2,-1.9,105.0,-0.0
541,541.09,1139.72,1139.91,0.18,52.9,5.5,-54.0,-1.9,103.3,-0.0
542,542.05,1142.11,1142.32,0.21,52.4,6.2,-53.8,0.0,100.0,-0.0
543,543.11,1144.75,1144.95,0.21,55.0,6.2,-53.6,-0.9,103.3,-0.0
544,544.09,1147.25,1147.40,0.15,56.0,4.4,-53.4,0.0,105.0,-0.0
545,545.05,1149.76,1149.81,0.06,47.5,1.8,-53.3,-1.0,100.0,-0.0
546,546.10,1152.43,1152.44,0.01,43.3,0.4,-53.3,-3.8,100.0,-0.0
547,547.07,1154.92,1154.86,-0.06,38.5,-1.8,-53.3,-4.7,98.3,-0.0
548,548.04,1157.43,1157.29,-0.15,43.4,-4.4,-53.4,-3.8,105.0,-0.0
549,549.09,1160.12,1159.91,-0.22,37.4,-6.6,-53.6,-5.7,103.3,-0.0
550,550.05,1162.57,1162.32,-0.26,38.4,-7.7,-53.9,0.0,100.0,-0.0
551,551.11,1165.22,1164.95,-0.27,41.1,-8.1,-54.1,0.0,103.3,-0.0
552,552.08,1167.61,1167.39,-0.22,46.8,-6.6,-54.4,2.8,105.0,-0.0
553,553.05,1170.00,1169.80,-0.20,41.7,-5.9,-54.6,3.8,98.3,-0.0
554,554.10,1172.63,1172.43,-0.20,41.2,-5.9,-54.8,1.9,100.0,-0.0
555,555.08,1174.99,1174.88,-0.11,43.6,-3.3,-55.0,1.9,100.0,-0.0
556,556.05,1177.44,1177.31,-0.13,35.5,-4.0,-55.1,-3.8,98.3,-0.0
557,557.11,1180.02,1179.96,-0.06,42.1,-1.8,-55.1,-0.9,100.0,-0.0
558,558.08,1182.43,1182.39,-0.05,41.7,-1.5,-55.2,0.0,98.3,-0.0
559,559.06,1184.88,1184.83,-0.05,43.5,-1.5,-55.2,1.9,98.3,-0.0
560,560.11,1187.51,1187.46,-0.05,49.2,-1.5,-55.3,0.9,105.0,-0.0
561,561.09,1189.98,1189.91,-0.07,44.6,-2.2,-55.3,-2.8,105.0,-0.0
562,562.07,1192.37,1192.35,-0.02,47.0,-0.7,-55.4,-1.9,105.0,-0.0
563,563.04,1194.82,1194.80,-0.02,48.9,-0.7,-55.4,0.0,105.0,-0.0
564,564.10,1197.45,1197.43,-0.02,39.4,-0.7,-55.4,-2.8,98.3,-0.0
565,565.08,1199.85,1199.88,0.02,46.5,0.7,-55.4,2.8,98.3,-0.0
566,566.04,1202.28,1202.29,0.01,44.3,0.4,-55.4,0.9,98.3,-0.0
567,567.09,1204.91,1204.91,0.00,42.0,0.0,-55.3,-0.9,98.3,-0.0
568,568.05,1207.26,1207.32,0.06,47.7,1.8,-55.3,2.9,98.3,-0.0
569,569.11,1209.89,1209.96,0.07,51.2,2.2,-55.2,0.9,103.3,-0.0
570,570.08,1212.29,1212.38,0.09,43.8,2.6,-55.2,-1.9,98.3,-0.0
571,571.04,1214.65,1214.79,0.15,52.2,4.4,-55.0,2.9,100.0,-0.0
572,572.09,1217.29,1217.41,0.12,45.2,3.7,-54.9,-1.9,98.3,-0.0
573,573.06,1219.65,1219.83,0.17,56.6,5.1,-54.8,2.9,103.3,-0.0
574,574.11,1222.33,1222.46,0.13,44.7,4.0,-54.6,-4.7,100.0,-0.0
575,575.09,1224.79,1224.91,0.12,41.9,3.7,-54.4,-5.6,98.3,-0.0
576,576.05,1227.14,1227.32,0.18,54.0,5.5,-54.3,2.9,100.0,-0.0
577,577.11,1229.82,1229.96,0.13,50.4,4.0,-54.2,-2.8,103.3,-0.0
578,578.07,1232.24,1232.37,0.13,41.9,4.0,-54.0,-4.7,96.7,-0.0
579,579.04,1234.64,1234.79,0.15,48.8,4.4,-53.9,0.0,98.3,-0.0
580,580.09,1237.28,1237.41,0.12,49.0,3.7,-53.8,-0.9,100.0,-0.0
581,581.06,1239.71,1239.83,0.12,49.1,3.7,-53.6,-1.0,100.0,-0.0
582,582.10,1242.35,1242.45,0.10,48.7,2.9,-53.5,0.9,98.3,-0.0
583,583.08,1244.81,1244.89,0.07,52.1,2.2,-53.4,0.0,103.3,-0.0
584,584.05,1247.28,1247.32,0.05,48.6,1.5,-53.4,-2.8,103.3,-0.0
585,585.11,1249.96,1249.97,0.01,47.8,0.4,-53.3,-0.9,101.7,-0.0
586,586.08,1252.40,1252.40,0.00,49.8,0.0,-53.3,-1.9,105.0,-0.0
587,587.07,1254.91,1254.85,-0.06,41.2,-1.8,-53.4,-1.9,98.3,-0.0
588,588.04,1257.36,1257.28,-0.07,47.4,-2.2,-53.5,-1.9,105.0,-0.0
589,589.10,1260.05,1259.93,-0.12,37.3,-3.7,-53.6,-3.8,98.3,-0.0
590,590.07,1262.48,1262.36,-0.12,42.7,-3.7,-53.7,0.0,100.0,-0.0
591,591.05,1264.87,1264.80,-0.07,48.5,-2.2,-53.8,2.8,101.7,-0.0
592,592.09,1267.53,1267.42,-0.11,39.3,-3.3,-53.8,-1.9,98.3,-0.0
593,593.07,1269.93,1269.87,-0.06,45.2,-1.8,-53.9,0.9,100.0,-0.0
594,594.04,1272.38,1272.30,-0.09,44.4,-2.6,-54.0,0.9,100.0,-0.0
595,595.11,1275.00,1274.95,-0.05,53.2,-1.5,-54.1,3.8,105.0,-0.0
596,596.08,1277.43,1277.38,-0.05,43.7,-1.5,-54.2,0.9,98.3,-0.0
597,597.06,1279.93,1279.83,-0.10,44.1,-2.9,-54.2,-3.8,105.0,-0.0
598,598.11,1282.51,1282.46,-0.05,41.6,-1.5,-54.3,-0.9,98.3,-0.0
599,599.09,1284.95,1284.91,-0.04,42.0,-1.1,-54.3,-0.9,98.3,-0.0
600,600.06,1287.34,1287.33,-0.01,51.4,-0.4,-54.3,2.8,103.3,-0.0
601,601.12,1289.99,1289.97,-0.01,43.6,-0.4,-54.4,0.0,98.3,-0.0
602,602.09,1292.42,1292.41,-0.01,48.4,-0.4,-54.4,-1.9,105.0,-0.0
603,603.05,1294.81,1294.82,0.01,50.3,0.4,-54.3,0.9,103.3,-0.0
604,604.11,1297.39,1297.42,0.04,-76.9,1.1,-54.3,0.0,99.8,-123.5
605,605.09,1299.44,1299.65,0.21,-60.1,6.2,-54.2,9.4,86.8,-108.3
606,606.05,1301.20,1301.71,0.51,-53.9,15.4,-53.8,15.1,81.5,-112.0
607,607.12,1302.75,1303.78,1.03,-46.5,30.8,-53.0,24.2,78.9,-127.4
608,608.09,1304.06,1305.49,1.43,-30.1,42.8,-51.8,23.6,67.2,-112.0
609,609.06,1305.15,1307.04,1.88,-21.4,56.4,-50.2,23.9,60.5,-112.0
610,610.11,1306.19,1308.54,2.34,-11.2,70.3,-47.9,22.5,52.2,-108.3
611,611.09,1307.08,1309.75,2.67,-9.4,80.2,-45.5,18.7,45.4,-108.3
612,612.06,1307.86,1310.79,2.93,-14.0,87.9,-42.7,10.4,38.8,-108.3
613,613.12,1308.57,1311.73,3.16,-27.9,94.9,-39.5,6.6,33.6,-123.5
614,614.09,1309.12,1312.43,3.31,-19.2,99.2,-36.3,4.7,25.2,-112.0
615,615.07,1309.63,1312.96,3.33,-32.6,100.0,-33.1,4.7,19.3,-123.5
616,616.04,1309.96,1313.32,3.37,-26.4,101.1,-29.8,2.8,11.6,-112.0
617,617.10,1310.17,1313.53,3.37,-26.6,101.1,-26.3,2.8,4.1,-108.3
618,618.08,1310.19,1313.56,3.37,78.1,101.1,-23.0,0.0,-0.0,-0.0
619,619.04,1310.27,1313.56,3.30,74.3,98.9,-19.8,-4.8,-0.0,-0.0
620,620.07,1310.55,1313.56,3.02,58.7,90.4,-16.5,-15.2,-0.0,-0.0
621,621.05,1310.93,1313.56,2.64,47.4,79.1,-13.8,-17.9,-0.0,-0.0
622,622.11,1311.45,1313.56,2.11,26.2,63.3,-11.4,-25.8,-0.0,-0.0
623,623.09,1311.85,1313.56,1.71,22.9,51.3,-9.5,-18.9,-0.0,-0.0
624,624.05,1312.22,1313.56,1.34,10.4,40.3,-8.0,-21.9,-0.0,-0.0
625,625.09,1312.55,1313.56,1.01,11.3,30.4,-6.8,-12.3,-0.0,-0.0
626,626.05,1312.77,1313.56,0.79,7.3,23.8,-6.0,-10.6,-0.0,-0.0
627,627.11,1313.05,1313.56,0.51,-4.0,15.4,-5.3,-14.1,-0.0,-0.0
628,628.07,1313.18,1313.56,0.38,-1.1,11.4,-4.9,-7.6,-0.0,-0.0
629,629.04,1313.31,1313.56,0.26,-5.4,7.7,-4.6,-8.6,-0.0,-0.0
630,630.09,1313.42,1313.56,0.15,-2.8,4.4,-4.4,-2.8,-0.0,-0.0
631,631.06,1313.44,1313.56,0.12,-1.5,3.7,-4.2,-0.9,-0.0,-0.0
632,632.11,1313.49,1313.56,0.07,-5.7,2.2,-4.1,-3.8,-0.0,-0.0
633,633.08,1313.48,1313.56,0.09,-0.5,2.6,-4.1,0.9,-0.0,-0.0
634,634.05,1313.44,1313.56,0.12,3.5,3.7,-4.0,3.8,-0.0,-0.0
635,635.10,1313.38,1313.56,0.18,4.5,5.5,-3.8,2.8,-0.0,-0.0
636,636.06,1313.38,1313.56,0.18,2.8,5.5,-3.7,1.0,-0.0,-0.0
637,637.10,1313.33,1313.56,0.23,9.2,7.0,-3.5,5.7,-0.0,-0.0
638,638.06,1313.31,1313.56,0.26,8.2,7.7,-3.2,3.8,-0.0,-0.0
639,639.10,1313.26,1313.56,0.31,8.1,9.2,-3.0,1.9,-0.0,-0.0
640,640.07,1313.27,1313.56,0.29,5.2,8.8,-2.7,-1.0,-0.0,-0.0
641,641.04,1313.27,1313.56,0.29,8.3,8.8,-2.4,1.9,-0.0,-0.0
642,642.09,1313.26,1313.56,0.31,9.0,9.2,-2.0,1.9,-0.0,-0.0
643,643.07,1313.34,1313.56,0.22,-0.9,6.6,-1.8,-5.7,-0.0,-0.0
644,644.11,1313.34,1313.56,0.22,4.1,6.6,-1.5,-1.0,-0.0,-0.0
645,645.08,1313.37,1313.56,0.20,3.6,5.9,-1.3,-0.9,-0.0,-0.0
646,646.04,1313.35,1313.56,0.21,7.0,6.2,-1.2,1.9,-0.0,-0.0
647,647.08,1313.39,1313.56,0.17,4.1,5.1,-1.0,0.0,-0.0,-0.0
648,648.05,1313.37,1313.56,0.20,7.9,5.9,-0.8,2.9,-0.0,-0.0
649,649.11,1313.35,1313.56,0.21,4.7,6.2,-0.6,-0.9,-0.0,-0.0
650,650.07,1313.35,1313.56,0.21,6.8,6.2,-0.4,1.0,-0.0,-0.0
651,651.04,1313.37,1313.56,0.20,4.7,5.9,-0.2,-1.0,-0.0,-0.0
652,652.09,1313.34,1313.56,0.22,9.4,6.6,-0.0,2.8,-0.0,-0.0
653,653.05,1313.35,1313.56,0.21,8.4,6.2,0.2,1.9,-0.0,-0.0
654,654.09,1313.34,1313.56,0.22,9.8,6.6,0.4,2.9,-0.0,-0.0
655,655.05,1313.37,1313.56,0.20,5.5,5.9,0.6,-1.0,-0.0,-0.0
656,656.09,1313.38,1313.56,0.18,7.2,5.5,0.8,1.0,-0.0,-0.0
657,657.06,1313.38,1313.56,0.18,4.6,5.5,1.0,-1.9,-0.0,-0.0
658,658.10,1313.35,1313.56,0.21,6.5,6.2,1.2,-0.9,-0.0,-0.0
659,659.07,1313.38,1313.56,0.18,6.9,5.5,1.4,0.0,-0.0,-0.0
660,660.04,1313.37,1313.56,0.20,6.5,5.9,1.6,-0.9,-0.0,-0.0
661,661.07,1313.38,1313.56,0.18,7.2,5.5,1.7,0.0,-0.0,-0.0
662,662.11,1313.35,1313.56,0.21,9.1,6.2,2.0,1.0,-0.0,-0.0
663,663.08,1313.34,1313.56,0.22,10.6,6.6,2.2,1.9,-0.0,-0.0
664,664.04,1313.38,1313.56,0.18,6.9,5.5,2.3,-1.0,-0.0,-0.0
665,665.09,1313.37,1313.56,0.20,9.3,5.9,2.5,0.9,-0.0,-0.0
666,666.06,1313.38,1313.56,0.18,7.3,5.5,2.7,-1.0,-0.0,-0.0
667,667.10,1313.39,1313.56,0.17,7.1,5.1,2.9,-1.0,-0.0,-0.0
668,668.06,1313.38,1313.56,0.18,6.7,5.5,3.1,-1.9,-0.0,-0.0
669,669.04,1313.39,1313.56,0.17,6.5,5.1,3.3,-1.9,-0.0,-0.0
670,670.09,1313.35,1313.56,0.21,12.5,6.2,3.5,2.9,-0.0,-0.0
671,671.06,1313.39,1313.56,0.17,7.8,5.1,3.6,-1.0,-0.0,-0.0
672,672.11,1313.39,1313.56,0.17,6.1,5.1,3.8,-2.9,-0.0,-0.0
673,673.08,1313.37,1313.56,0.20,10.8,5.9,4.0,0.9,-0.0,-0.0
674,674.05,1313.39,1313.56,0.17,8.4,5.1,4.2,-1.0,-0.0,-0.0
675,675.09,1313.37,1313.56,0.20,10.2,5.9,4.4,0.0,-0.0,-0.0
676,676.05,1313.38,1313.56,0.18,10.1,5.5,4.6,0.0,-0.0,-0.0
677,677.09,1313.39,1313.56,0.17,8.9,5.1,4.8,-1.0,-0.0,-0.0
678,678.07,1313.37,1313.56,0.20,12.6,5.9,4.9,1.8,-0.0,-0.0
679,679.11,1313.40,1313.56,0.16,8.9,4.8,5.1,-1.0,-0.0,-0.0
680,680.06,1313.38,1313.56,0.18,12.7,5.5,5.3,1.9,-0.0,-0.0
681,681.10,1313.39,1313.56,0.17,8.7,5.1,5.5,-1.9,-0.0,-0.0
682,682.07,1313.39,1313.56,0.17,10.8,5.1,5.6,0.0,-0.0,-0.0
683,683.04,1313.40,1313.56,0.16,9.6,4.8,5.8,-0.9,-0.0,-0.0
684,684.08,1313.40,1313.56,0.16,9.8,4.8,6.0,-0.9,-0.0,-0.0
685,685.05,1313.40,1313.56,0.16,9.0,4.8,6.1,-1.9,-0.0,-0.0
686,686.09,1313.38,1313.56,0.18,13.7,5.5,6.3,1.9,-0.0,-0.0
687,687.07,1313.40,1313.56,0.16,10.3,4.8,6.5,-0.9,-0.0,-0.0
688,688.12,1313.43,1313.56,0.13,8.8,4.0,6.6,-1.9,-0.0,-0.0
689,689.09,1313.39,1313.56,0.17,12.9,5.1,6.8,0.9,-0.0,-0.0
690,690.05,1313.40,1313.56,0.16,11.7,4.8,7.0,0.0,-0.0,-0.0
691,691.11,1313.39,1313.56,0.17,13.2,5.1,7.1,0.9,-0.0,-0.0
692,692.08,1313.42,1313.56,0.15,8.8,4.4,7.3,-2.9,-0.0,-0.0
693,693.04,1313.42,1313.56,0.15,10.9,4.4,7.4,-1.0,-0.0,-0.0
694,694.08,1313.38,1313.56,0.18,16.0,5.5,7.6,2.9,-0.0,-0.0
695,695.04,1313.40,1313.56,0.16,10.6,4.8,7.8,-1.9,-0.0,-0.0
696,696.09,1313.42,1313.56,0.15,10.4,4.4,7.9,-1.9,-0.0,-0.0
697,697.06,1313.40,1313.56,0.16,13.8,4.8,8.1,0.9,-0.0,-0.0
698,698.10,1313.40,1313.56,0.16,15.8,4.8,8.2,2.9,-0.0,-0.0
699,699.06,1313.42,1313.56,0.15,10.8,4.4,8.4,-1.9,-0.0,-0.0
700,700.09,1313.39,1313.56,0.17,16.5,5.1,8.5,2.9,-0.0,-0.0
701,701.06,1313.43,1313.56,0.13,11.7,4.0,8.6,-0.9,-0.0,-0.0
702,702.11,1313.42,1313.56,0.15,14.1,4.4,8.8,0.9,-0.0,-0.0
703,703.07,1313.39,1313.56,0.17,18.8,5.1,8.9,4.8,-0.0,-0.0
704,704.04,1313.42,1313.56,0.15,13.4,4.4,9.0,0.0,-0.0,-0.0
705,705.09,1313.43,1313.56,0.13,13.2,4.0,9.2,0.0,-0.0,-0.0
706,706.05,1313.42,1313.56,0.15,13.7,4.4,9.3,0.0,-0.0,-0.0
707,707.10,1313.43,1313.56,0.13,15.4,4.0,9.4,1.9,-0.0,-0.0
708,708.06,1313.43,1313.56,0.13,12.6,4.0,9.6,-0.9,-0.0,-0.0
709,709.10,1313.43,1313.56,0.13,14.7,4.0,9.7,1.0,-0.0,-0.0
710,710.07,1313.45,1313.56,0.11,10.2,3.3,9.8,-2.9,-0.0,-0.0
711,711.05,1313.44,1313.56,0.12,12.7,3.7,9.9,-0.9,-0.0,-0.0
712,712.10,1313.44,1313.56,0.12,16.6,3.7,10.1,2.9,-0.0,-0.0
713,713.06,1313.45,1313.56,0.11,10.6,3.3,10.2,-2.9,-0.0,-0.0
714,714.11,1313.46,1313.56,0.10,11.3,2.9,10.3,-1.9,-0.0,-0.0
715,715.07,1313.45,1313.56,0.11,12.7,3.3,10.4,-1.0,-0.0,-0.0
716,716.04,1313.45,1313.56,0.11,13.8,3.3,10.5,0.0,-0.0,-0.0
717,717.08,1313.48,1313.56,0.09,9.4,2.6,10.6,-3.8,-0.0,-0.0
718,718.06,1313.46,1313.56,0.10,15.5,2.9,10.7,1.9,-0.0,-0.0
719,719.11,1313.46,1313.56,0.10,11.0,2.9,10.9,-2.8,-0.0,-0.0
720,720.07,1313.45,1313.56,0.11,16.2,3.3,11.0,1.9,-0.0,-0.0
721,721.04,1313.46,1313.56,0.10,12.1,2.9,11.1,-1.9,-0.0,-0.0
722,722.08,1313.49,1313.56,0.07,11.4,2.2,11.2,-1.9,-0.0,-0.0
723,723.05,1313.46,1313.56,0.10,8.6,2.9,11.3,-5.6,-0.0,-0.0
724,724.11,1313.48,1313.56,0.09,14.9,2.6,11.4,0.9,-0.0,-0.0
725,725.07,1313.48,1313.56,0.09,13.1,2.6,11.5,-1.0,-0.0,-0.0
726,726.11,1313.49,1313.56,0.07,11.8,2.2,11.5,-1.9,-0.0,-0.0
727,727.06,1313.46,1313.56,0.10,16.5,2.9,11.6,1.9,-0.0,-0.0
728,728.10,1313.48,1313.56,0.09,12.4,2.6,11.7,-1.9,-0.0,-0.0
729,729.07,1313.49,1313.56,0.07,14.0,2.2,11.8,0.0,-0.0,-0.0
730,730.11,1313.48,1313.56,0.09,12.6,2.6,11.9,-1.9,-0.0,-0.0
731,731.07,1313.46,1313.56,0.10,17.8,2.9,12.0,2.9,-0.0,-0.0
732,732.04,1313.49,1313.56,0.07,11.4,2.2,12.1,-2.8,-0.0,-0.0
733,733.08,1313.45,1313.56,0.11,17.4,3.3,12.2,1.9,-0.0,-0.0
734,734.04,1313.45,1313.56,0.11,17.5,3.3,12.3,1.9,-0.0,-0.0
735,735.08,1313.49,1313.56,0.07,14.5,2.2,12.3,0.0,-0.0,-0.0
736,736.05,1313.53,1313.56,0.04,9.7,1.1,12.4,-3.8,-0.0,-0.0
737,737.09,1313.48,1313.56,0.09,17.0,2.6,12.5,1.9,-0.0,-0.0
738,738.05,1313.48,1313.56,0.09,14.2,2.6,12.6,-1.0,-0.0,-0.0
739,739.11,1313.49,1313.56,0.07,12.0,2.2,12.7,-2.9,-0.0,-0.0
740,740.06,1313.46,1313.56,0.10,18.5,2.9,12.8,2.8,-0.0,-0.0
741,741.11,1313.51,1313.56,0.05,12.4,1.5,12.8,-1.9,-0.0,-0.0
742,742.08,1313.50,1313.56,0.06,13.8,1.8,12.9,-0.9,-0.0,-0.0
743,743.04,1313.48,1313.56,0.09,16.5,2.6,13.0,1.0,-0.0,-0.0
744,744.09,1313.50,1313.56,0.06,14.9,1.8,13.0,0.0,-0.0,-0.0
745,745.06,1313.50,1313.56,0.06,14.0,1.8,13.1,-1.0,-0.0,-0.0
746,746.11,1313.49,1313.56,0.07,16.3,2.2,13.2,1.0,-0.0,-0.0
747,747.07,1313.51,1313.56,0.05,13.8,1.5,13.2,-1.0,-0.0,-0.0
748,748.04,1313.50,1313.56,0.06,15.1,1.8,13.3,0.0,-0.0,-0.0
749,749.09,1313.49,1313.56,0.07,14.6,2.2,13.4,-0.9,-0.0,-0.0
750,750.05,1313.51,1313.56,0.05,13.0,1.5,13.4,-1.9,-0.0,-0.0
751,751.09,1313.49,1313.56,0.07,16.6,2.2,13.5,1.0,-0.0,-0.0
752,752.06,1313.50,1313.56,0.06,14.4,1.8,13.6,-0.9,-0.0,-0.0
753,753.04,1313.53,1313.56,0.04,11.9,1.1,13.6,-2.8,-0.0,-0.0
754,754.09,1313.51,1313.56,0.05,16.1,1.5,13.7,0.9,-0.0,-0.0
755,755.05,1313.53,1313.56,0.04,12.0,1.1,13.7,-2.9,-0.0,-0.0
756,756.10,1313.54,1313.56,0.02,9.9,0.7,13.8,-4.7,-0.0,-0.0
757,757.06,1313.50,1313.56,0.06,14.7,1.8,13.9,-1.0,-0.0,-0.0
758,758.10,1313.53,1313.56,0.04,14.1,1.1,13.9,-0.9,-0.0,-0.0
759,759.05,1313.54,1313.56,0.02,13.7,0.7,13.9,-1.0,-0.0,-0.0
760,760.10,1313.53,1313.56,0.04,16.0,1.1,14.0,0.9,-0.0,-0.0
761,761.08,1313.51,1313.56,0.05,17.4,1.5,14.0,1.9,-0.0,-0.0
762,762.05,1313.53,1313.56,0.04,14.2,1.1,14.1,-0.9,-0.0,-0.0
763,763.10,1313.51,1313.56,0.05,14.6,1.5,14.1,-0.9,-0.0,-0.0
764,764.06,1313.51,1313.56,0.05,15.6,1.5,14.1,0.0,-0.0,-0.0
765,765.10,1313.50,1313.56,0.06,20.7,1.8,14.2,4.7,-0.0,-0.0
766,766.06,1313.56,1313.56,0.00,13.2,0.0,14.2,-1.0,-0.0,-0.0
767,767.04,1313.50,1313.56,0.06,18.0,1.8,14.2,1.9,-0.0,-0.0
768,768.09,1313.55,1313.56,0.01,13.7,0.4,14.3,-0.9,-0.0,-0.0
769,769.06,1313.50,1313.56,0.06,18.0,1.8,14.3,1.9,-0.0,-0.0
770,770.11,1313.54,1313.56,0.02,16.9,0.7,14.3,1.9,-0.0,-0.0
771,771.07,1313.54,1313.56,0.02,14.1,0.7,14.3,-1.0,-0.0,-0.0
772,772.04,1313.56,1313.56,0.00,12.4,0.0,14.3,-1.9,-0.0,-0.0
773,773.09,1313.53,1313.56,0.04,18.3,1.1,14.4,2.9,-0.0,-0.0
774,774.05,1313.49,1313.56,0.07,20.4,2.2,14.4,3.8,-0.0,-0.0
775,775.10,1313.54,1313.56,0.02,12.3,0.7,14.4,-2.8,-0.0,-0.0
776,776.06,1313.55,1313.56,0.01,14.8,0.4,14.4,0.0,-0.0,-0.0
777,777.11,1313.54,1313.56,0.02,17.1,0.7,14.5,1.9,-0.0,-0.0
778,778.05,1313.54,1313.56,0.02,16.2,0.7,14.5,1.0,-0.0,-0.0
779,779.10,1313.57,1313.56,-0.01,12.2,-0.4,14.5,-1.9,-0.0,-0.0
780,780.07,1313.55,1313.56,0.01,14.9,0.4,14.5,0.0,-0.0,-0.0
781,781.10,1313.56,1313.56,0.00,12.6,0.0,14.5,-1.9,-0.0,-0.0
782,782.07,1313.50,1313.56,0.06,19.2,1.8,14.6,2.8,-0.0,-0.0
783,783.11,1313.54,1313.56,0.02,15.3,0.7,14.6,0.0,-0.0,-0.0
784,784.07,1313.55,1313.56,0.01,17.8,0.4,14.6,2.8,-0.0,-0.0
785,785.12,1313.54,1313.56,0.02,16.3,0.7,14.6,0.9,-0.0,-0.0
786,786.09,1313.56,1313.56,0.00,14.6,0.0,14.6,0.0,-0.0,-0.0
787,787.05,1313.50,1313.56,0.06,20.3,1.8,14.6,3.9,-0.0,-0.0
788,788.09,1313.57,1313.56,-0.01,13.3,-0.4,14.6,-0.9,-0.0,-0.0
789,789.06,1313.56,1313.56,0.00,14.6,0.0,14.6,0.0,-0.0,-0.0
790,790.09,1313.56,1313.56,0.00,15.6,0.0,14.6,1.0,-0.0,-0.0
791,791.05,1313.55,1313.56,0.01,16.0,0.4,14.6,1.0,-0.0,-0.0
792,792.09,1313.54,1313.56,0.02,18.3,0.7,14.6,2.9,-0.0,-0.0
793,793.04,1313.55,1313.56,0.01,16.0,0.4,14.6,1.0,-0.0,-0.0
794,794.09,1313.57,1313.56,-0.01,12.4,-0.4,14.6,-1.9,-0.0,-0.0
795,795.06,1313.56,1313.56,0.00,12.7,0.0,14.6,-1.9,-0.0,-0.0
796,796.10,1313.56,1313.56,0.00,15.6,0.0,14.6,0.9,-0.0,-0.0
797,797.07,1313.56,1313.56,0.00,15.6,0.0,14.6,1.0,-0.0,-0.0
798,798.11,1313.57,1313.56,-0.01,13.3,-0.4,14.6,-0.9,-0.0,-0.0
799,799.06,1313.55,1313.56,0.01,16.0,0.4,14.7,1.0,-0.0,-0.0
800,800.12,1313.57,1313.56,-0.01,14.3,-0.4,14.7,0.0,-0.0,-0.0
801,801.09,1313.56,1313.56,0.00,14.7,0.0,14.7,0.0,-0.0,-0.0
802,802.05,1313.57,1313.56,-0.01,12.4,-0.4,14.7,-1.9,-0.0,-0.0
803,803.10,1313.56,1313.56,0.00,12.8,0.0,14.7,-1.9,-0.0,-0.0
804,804.06,1313.55,1313.56,0.01,14.1,0.4,14.7,-1.0,-0.0,-0.0
805,805.11,1313.57,1313.56,-0.01,13.4,-0.4,14.7,-0.9,-0.0,-0.0
806,806.06,1313.57,1313.56,-0.01,14.3,-0.4,14.7,0.0,-0.0,-0.0
807,807.10,1313.55,1313.56,0.01,16.0,0.4,14.7,1.0,-0.0,-0.0
808,808.07,1313.56,1313.56,0.00,14.7,0.0,14.7,0.0,-0.0,-0.0
809,809.04,1313.57,1313.56,-0.01,14.3,-0.4,14.7,0.0,-0.0,-0.0
810,810.09,1313.59,1313.56,-0.02,12.0,-0.7,14.7,-1.9,-0.0,-0.0
811,811.05,1313.55,1313.56,0.01,17.9,0.4,14.7,2.9,-0.0,-0.0
812,812.10,1313.57,1313.56,-0.01,13.4,-0.4,14.7,-0.9,-0.0,-0.0
813,813.06,1313.62,1313.56,-0.06,5.2,-1.8,14.7,-7.6,-0.0,-0.0
814,814.04,1313.55,1313.56,0.01,17.8,0.4,14.6,2.8,-0.0,-0.0
815,815.09,1313.56,1313.56,0.00,13.7,0.0,14.6,-0.9,-0.0,-0.0
816,816.05,1313.60,1313.56,-0.04,10.7,-1.1,14.6,-2.9,-0.0,-0.0
817,817.10,1313.57,1313.56,-0.01,13.3,-0.4,14.7,-0.9,-0.0,-0.0
818,818.07,1313.56,1313.56,0.00,14.6,0.0,14.6,0.0,-0.0,-0.0
819,819.11,1313.57,1313.56,-0.01,16.2,-0.4,14.6,1.9,-0.0,-0.0
820,820.07,1313.55,1313.56,0.01,16.9,0.4,14.6,1.9,-0.0,-0.0
821,821.05,1313.57,1313.56,-0.01,13.3,-0.4,14.6,-1.0,-0.0,-0.0
822,822.09,1313.57,1313.56,-0.01,14.3,-0.4,14.6,0.0,-0.0,-0.0
823,823.08,1313.59,1313.56,-0.02,12.9,-0.7,14.6,-0.9,-0.0,-0.0
824,824.05,1313.59,1313.56,-0.02,12.0,-0.7,14.6,-1.9,-0.0,-0.0
825,825.09,1313.56,1313.56,0.00,13.6,0.0,14.6,-1.0,-0.0,-0.0
826,826.05,1313.55,1313.56,0.01,17.8,0.4,14.6,2.9,-0.0,-0.0
827,827.11,1313.59,1313.56,-0.02,12.9,-0.7,14.6,-0.9,-0.0,-0.0
828,828.06,1313.59,1313.56,-0.02,12.9,-0.7,14.6,-1.0,-0.0,-0.0
829,829.11,1313.59,1313.56,-0.02,12.9,-0.7,14.6,-0.9,-0.0,-0.0
830,830.07,1313.59,1313.56,-0.02,12.9,-0.7,14.6,-1.0,-0.0,-0.0
831,831.05,1313.57,1313.56,-0.01,12.3,-0.4,14.6,-1.9,-0.0,-0.0
832,832.10,1313.59,1313.56,-0.02,12.9,-0.7,14.5,-0.9,-0.0,-0.0
833,833.09,1313.59,1313.56,-0.02,11.1,-0.7,14.5,-2.7,-0.0,-0.0
834,834.05,1313.55,1313.56,0.01,18.7,0.4,14.5,3.8,-0.0,-0.0
835,835.10,1313.56,1313.56,0.00,16.4,0.0,14.5,1.9,-0.0,-0.0
836,836.08,1313.59,1313.56,-0.02,11.9,-0.7,14.5,-1.9,-0.0,-0.0
837,837.04,1313.55,1313.56,0.01,16.8,0.4,14.5,1.9,-0.0,-0.0
838,838.07,1313.61,1313.56,-0.05,9.2,-1.5,14.5,-3.8,-0.0,-0.0
839,839.04,1313.57,1313.56,-0.01,11.2,-0.4,14.5,-2.9,-0.0,-0.0
840,840.08,1313.56,1313.56,0.00,16.3,0.0,14.5,1.9,-0.0,-0.0
841,841.05,1313.57,1313.56,-0.01,17.0,-0.4,14.5,2.9,-0.0,-0.0
842,842.08,1313.57,1313.56,-0.01,15.1,-0.4,14.5,1.0,-0.0,-0.0
843,843.04,1313.56,1313.56,0.00,16.4,0.0,14.5,1.9,-0.0,-0.0
844,844.09,1313.56,1313.56,0.00,14.4,0.0,14.4,0.0,-0.0,-0.0
845,845.05,1313.57,1313.56,-0.01,11.2,-0.4,14.4,-2.9,-0.0,-0.0
846,846.09,1313.60,1313.56,-0.04,8.6,-1.1,14.4,-4.8,-0.0,-0.0
847,847.06,1313.56,1313.56,0.00,12.6,0.0,14.4,-1.9,-0.0,-0.0
848,848.11,1313.56,1313.56,0.00,15.4,0.0,14.4,1.0,-0.0,-0.0
849,849.07,1313.57,1313.56,-0.01,13.1,-0.4,14.4,-1.0,-0.0,-0.0
850,850.04,1313.59,1313.56,-0.02,13.7,-0.7,14.4,0.0,-0.0,-0.0
851,851.09,1313.57,1313.56,-0.01,15.0,-0.4,14.4,0.9,-0.0,-0.0
852,852.06,1313.59,1313.56,-0.02,11.8,-0.7,14.4,-1.9,-0.0,-0.0
853,853.04,1313.56,1313.56,0.00,14.4,0.0,14.4,0.0,-0.0,-0.0
854,854.10,1313.56,1313.56,0.00,15.3,0.0,14.4,0.9,-0.0,-0.0
855,855.05,1313.57,1313.56,-0.01,15.0,-0.4,14.4,1.0,-0.0,-0.0
856,856.10,1313.59,1313.56,-0.02,12.7,-0.7,14.4,-0.9,-0.0,-0.0
857,857.06,1313.59,1313.56,-0.02,10.8,-0.7,14.4,-2.9,-0.0,-0.0
858,858.11,1313.57,1313.56,-0.01,14.0,-0.4,14.3,0.0,-0.0,-0.0
859,859.07,1313.57,1313.56,-0.01,13.0,-0.4,14.3,-1.0,-0.0,-0.0
860,860.04,1313.57,1313.56,-0.01,14.9,-0.4,14.3,1.0,-0.0,-0.0
861,861.09,1313.57,1313.56,-0.01,13.9,-0.4,14.3,0.0,-0.0,-0.0
862,862.05,1313.56,1313.56,0.00,16.2,0.0,14.3,1.9,-0.0,-0.0
863,863.10,1313.56,1313.56,0.00,14.3,0.0,14.3,0.0,-0.0,-0.0
864,864.05,1313.56,1313.56,0.00,15.2,0.0,14.3,1.0,-0.0,-0.0
865,865.10,1313.57,1313.56,-0.01,14.9,-0.4,14.3,1.0,-0.0,-0.0
866,866.06,1313.59,1313.56,-0.02,9.7,-0.7,14.3,-3.8,-0.0,-0.0
867,867.11,1313.60,1313.56,-0.04,11.2,-1.1,14.3,-1.9,-0.0,-0.0
868,868.08,1313.54,1313.56,0.02,18.7,0.7,14.3,3.7,-0.0,-0.0
869,869.05,1313.57,1313.56,-0.01,11.0,-0.4,14.3,-2.9,-0.0,-0.0
870,870.11,1313.56,1313.56,0.00,14.3,0.0,14.3,0.0,-0.0,-0.0
871,871.08,1313.59,1313.56,-0.02,10.7,-0.7,14.2,-2.8,-0.0,-0.0
872,872.04,1313.59,1313.56,-0.02,12.5,-0.7,14.2,-1.0,-0.0,-0.0
873,873.08,1313.57,1313.56,-0.01,13.9,-0.4,14.2,0.0,-0.0,-0.0
874,874.11,1313.55,1313.56,0.01,17.5,0.4,14.2,2.9,-0.0,-0.0
875,875.05,1313.57,1313.56,-0.01,14.8,-0.4,14.2,1.0,-0.0,-0.0
876,876.10,1313.60,1313.56,-0.04,11.2,-1.1,14.2,-1.9,-0.0,-0.0
877,877.06,1313.59,1313.56,-0.02,11.5,-0.7,14.2,-1.9,-0.0,-0.0
878,878.10,1313.57,1313.56,-0.01,11.9,-0.4,14.2,-1.9,-0.0,-0.0
879,879.07,1313.57,1313.56,-0.01,12.8,-0.4,14.2,-0.9,-0.0,-0.0
880,880.11,1313.56,1313.56,0.00,15.1,0.0,14.1,1.0,-0.0,-0.0
881,881.08,1313.57,1313.56,-0.01,13.8,-0.4,14.1,0.0,-0.0,-0.0
882,882.05,1313.57,1313.56,-0.01,13.8,-0.4,14.1,0.0,-0.0,-0.0
883,883.09,1313.56,1313.56,0.00,14.1,0.0,14.1,0.0,-0.0,-0.0
884,884.04,1313.56,1313.56,0.00,15.1,0.0,14.1,1.0,-0.0,-0.0
885,885.09,1313.57,1313.56,-0.01,13.7,-0.4,14.1,0.0,-0.0,-0.0
886,886.05,1313.56,1313.56,0.00,16.0,0.0,14.1,1.9,-0.0,-0.0
887,887.10,1313.56,1313.56,0.00,15.0,0.0,14.1,0.9,-0.0,-0.0
888,888.07,1313.59,1313.56,-0.02,8.6,-0.7,14.1,-4.7,-0.0,-0.0
889,889.10,1313.57,1313.56,-0.01,12.7,-0.4,14.1,-1.0,-0.0,-0.0
890,890.06,1313.59,1313.56,-0.02,11.4,-0.7,14.0,-1.9,-0.0,-0.0
891,891.11,1313.55,1313.56,0.01,14.4,0.4,14.0,0.0,-0.0,-0.0
892,892.07,1313.56,1313.56,0.00,15.0,0.0,14.0,1.0,-0.0,-0.0
893,893.04,1313.57,1313.56,-0.01,12.7,-0.4,14.0,-0.9,-0.0,-0.0
894,894.09,1313.59,1313.56,-0.02,15.2,-0.7,14.0,1.9,-0.0,-0.0
895,895.05,1313.59,1313.56,-0.02,12.3,-0.7,14.0,-1.0,-0.0,-0.0
896,896.10,1313.59,1313.56,-0.02,10.4,-0.7,14.0,-2.8,-0.0,-0.0
897,897.06,1313.56,1313.56,0.00,15.0,0.0,14.0,1.0,-0.0,-0.0
898,898.09,1313.54,1313.56,0.02,17.6,0.7,14.0,2.9,-0.0,-0.0
899,899.05,1313.56,1313.56,0.00,16.9,0.0,14.0,2.9,-0.0,-0.0
900,900.09,1313.56,1313.56,0.00,14.9,0.0,14.0,0.9,-0.0,-0.0
901,901.07,1313.57,1313.56,-0.01,11.7,-0.4,14.0,-1.9,-0.0,-0.0
902,902.11,1313.56,1313.56,0.00,14.9,0.0,14.0,1.0,-0.0,-0.0
903,903.07,1313.60,1313.56,-0.04,10.0,-1.1,13.9,-2.8,-0.0,-0.0
904,904.11,1313.55,1313.56,0.01,17.2,0.4,13.9,2.9,-0.0,-0.0
905,905.07,1313.56,1313.56,0.00,14.9,0.0,13.9,1.0,-0.0,-0.0
906,906.11,1313.60,1313.56,-0.04,7.1,-1.1,13.9,-5.7,-0.0,-0.0
907,907.08,1313.56,1313.56,0.00,13.0,0.0,13.9,-0.9,-0.0,-0.0
908,908.05,1313.59,1313.56,-0.02,10.3,-0.7,13.9,-2.8,-0.0,-0.0
909,909.09,1313.59,1313.56,-0.02,12.2,-0.7,13.9,-1.0,-0.0,-0.0
910,910.04,1313.57,1313.56,-0.01,15.4,-0.4,13.9,1.9,-0.0,-0.0
911,911.10,1313.57,1313.56,-0.01,13.5,-0.4,13.9,0.0,-0.0,-0.0
912,912.05,1313.61,1313.56,-0.05,6.7,-1.5,13.9,-5.7,-0.0,-0.0
913,913.10,1313.57,1313.56,-0.01,14.4,-0.4,13.9,1.0,-0.0,-0.0
914,914.04,1313.56,1313.56,0.00,14.8,0.0,13.8,1.0,-0.0,-0.0
915,915.09,1313.56,1313.56,0.00,15.8,0.0,13.8,1.9,-0.0,-0.0
916,916.05,1313.57,1313.56,-0.01,14.4,-0.4,13.8,1.0,-0.0,-0.0
917,917.11,1313.55,1313.56,0.01,16.1,0.4,13.8,1.9,-0.0,-0.0
918,918.07,1313.59,1313.56,-0.02,14.0,-0.7,13.8,1.0,-0.0,-0.0
919,919.12,1313.56,1313.56,0.00,13.8,0.0,13.8,0.0,-0.0,-0.0
920,920.08,1313.57,1313.56,-0.01,12.5,-0.4,13.8,-0.9,-0.0,-0.0
921,921.11,1313.57,1313.56,-0.01,13.4,-0.4,13.8,0.0,-0.0,-0.0
922,922.07,1313.57,1313.56,-0.01,12.5,-0.4,13.8,-1.0,-0.0,-0.0
923,923.04,1313.57,1313.56,-0.01,14.4,-0.4,13.8,0.9,-0.0,-0.0
924,924.08,1313.54,1313.56,0.02,15.5,0.7,13.8,0.9,-0.0,-0.0
925,925.05,1313.59,1313.56,-0.02,12.1,-0.7,13.8,-0.9,-0.0,-0.0
926,926.09,1313.57,1313.56,-0.01,12.4,-0.4,13.8,-1.0,-0.0,-0.0
927,927.05,1313.59,1313.56,-0.02,11.1,-0.7,13.8,-1.9,-0.0,-0.0
928,928.10,1313.55,1313.56,0.01,15.0,0.4,13.7,0.9,-0.0,-0.0
929,929.07,1313.57,1313.56,-0.01,14.3,-0.4,13.7,0.9,-0.0,-0.0
930,930.04,1313.57,1313.56,-0.01,13.4,-0.4,13.7,0.0,-0.0,-0.0
931,931.08,1313.57,1313.56,-0.01,14.3,-0.4,13.7,1.0,-0.0,-0.0
932,932.05,1313.56,1313.56,0.00,16.6,0.0,13.7,2.9,-0.0,-0.0
933,933.11,1313.60,1313.56,-0.04,10.7,-1.1,13.7,-1.9,-0.0,-0.0
934,934.06,1313.57,1313.56,-0.01,8.5,-0.4,13.7,-4.8,-0.0,-0.0
935,935.11,1313.56,1313.56,0.00,15.6,0.0,13.7,1.9,-0.0,-0.0
936,936.08,1313.55,1313.56,0.01,15.9,0.4,13.7,1.9,-0.0,-0.0
937,937.05,1313.59,1313.56,-0.02,11.0,-0.7,13.7,-1.9,-0.0,-0.0
938,938.08,1313.56,1313.56,0.00,15.5,0.0,13.6,1.9,-0.0,-0.0
939,939.04,1313.55,1313.56,0.01,14.0,0.4,13.6,0.0,-0.0,-0.0
940,940.08,1313.57,1313.56,-0.01,10.4,-0.4,13.6,-2.9,-0.0,-0.0
941,941.11,1313.59,1313.56,-0.02,13.8,-0.7,13.6,1.0,-0.0,-0.0
942,942.08,1313.57,1313.56,-0.01,13.2,-0.4,13.6,0.0,-0.0,-0.0
943,943.04,1313.57,1313.56,-0.01,14.2,-0.4,13.6,1.0,-0.0,-0.0
944,944.09,1313.56,1313.56,0.00,12.6,0.0,13.6,-0.9,-0.0,-0.0
945,945.06,1313.57,1313.56,-0.01,14.2,-0.4,13.6,0.9,-0.0,-0.0
946,946.10,1313.56,1313.56,0.00,14.5,0.0,13.6,1.0,-0.0,-0.0
947,947.07,1313.59,1313.56,-0.02,11.9,-0.7,13.6,-0.9,-0.0,-0.0
948,948.04,1313.55,1313.56,0.01,14.9,0.4,13.6,0.9,-0.0,-0.0
949,949.09,1313.56,1313.56,0.00,13.6,0.0,13.6,0.0,-0.0,-0.0
950,950.05,1313.60,1313.56,-0.04,8.6,-1.1,13.5,-3.8,-0.0,-0.0
951,951.09,1313.56,1313.56,0.00,12.6,0.0,13.5,-1.0,-0.0,-0.0
952,952.07,1313.57,1313.56,-0.01,13.1,-0.4,13.5,0.0,-0.0,-0.0
953,953.11,1313.60,1313.56,-0.04,9.6,-1.1,13.5,-2.8,-0.0,-0.0
954,954.06,1313.56,1313.56,0.00,14.5,0.0,13.5,1.0,-0.0,-0.0
955,955.10,1313.56,1313.56,0.00,11.6,0.0,13.5,-1.9,-0.0,-0.0
956,956.08,1313.51,1313.56,0.05,21.5,1.5,13.5,6.6,-0.0,-0.0
957,957.11,1313.56,1313.56,0.00,15.4,0.0,13.5,1.9,-0.0,-0.0
958,958.08,1313.59,1313.56,-0.02,12.7,-0.7,13.4,0.0,-0.0,-0.0
959,959.04,1313.57,1313.56,-0.01,12.1,-0.4,13.4,-1.0,-0.0,-0.0
960,960.10,1313.55,1313.56,0.01,15.7,0.4,13.4,1.9,-0.0,-0.0
961,961.06,1313.56,1313.56,0.00,14.4,0.0,13.4,0.9,-0.0,-0.0
962,962.11,1313.55,1313.56,0.01,13.8,0.4,13.4,0.0,-0.0,-0.0
963,963.07,1313.57,1313.56,-0.01,13.1,-0.4,13.4,0.0,-0.0,-0.0
964,964.04,1313.55,1313.56,0.01,15.7,0.4,13.4,1.9,-0.0,-0.0
965,965.09,1313.56,1313.56,0.00,12.5,0.0,13.4,-0.9,-0.0,-0.0
966,966.05,1313.56,1313.56,0.00,15.3,0.0,13.4,1.9,-0.0,-0.0
967,967.10,1313.59,1313.56,-0.02,12.7,-0.7,13.4,0.0,-0.0,-0.0
968,968.07,1313.56,1313.56,0.00,13.4,0.0,13.4,0.0,-0.0,-0.0
969,969.11,1313.56,1313.56,0.00,13.4,0.0,13.4,0.0,-0.0,-0.0
970,970.08,1313.57,1313.56,-0.01,13.0,-0.4,13.4,0.0,-0.0,-0.0
971,971.04,1313.57,1313.56,-0.01,12.0,-0.4,13.4,-1.0,-0.0,-0.0
972,972.08,1313.56,1313.56,0.00,14.3,0.0,13.4,1.0,-0.0,-0.0
973,973.05,1313.57,1313.56,-0.01,12.0,-0.4,13.3,-1.0,-0.0,-0.0
974,974.09,1313.59,1313.56,-0.02,10.7,-0.7,13.3,-1.9,-0.0,-0.0
975,975.06,1313.60,1313.56,-0.04,11.3,-1.1,13.3,-1.0,-0.0,-0.0
976,976.10,1313.57,1313.56,-0.01,11.1,-0.4,13.3,-1.9,-0.0,-0.0
977,977.07,1313.55,1313.56,0.01,15.6,0.4,13.3,1.9,-0.0,-0.0
978,978.12,1313.57,1313.56,-0.01,12.9,-0.4,13.3,0.0,-0.0,-0.0
979,979.08,1313.56,1313.56,0.00,15.2,0.0,13.3,1.9,-0.0,-0.0
980,980.05,1313.56,1313.56,0.00,12.3,0.0,13.3,-0.9,-0.0,-0.0
981,981.10,1313.55,1313.56,0.01,15.5,0.4,13.3,1.9,-0.0,-0.0
982,982.06,1313.56,1313.56,0.00,14.2,0.0,13.3,1.0,-0.0,-0.0
983,983.10,1313.57,1313.56,-0.01,11.0,-0.4,13.3,-1.9,-0.0,-0.0
984,984.06,1313.59,1313.56,-0.02,11.6,-0.7,13.3,-0.9,-0.0,-0.0
985,985.12,1313.59,1313.56,-0.02,11.6,-0.7,13.3,-0.9,-0.0,-0.0
986,986.09,1313.59,1313.56,-0.02,12.5,-0.7,13.3,0.0,-0.0,-0.0
987,987.05,1313.57,1313.56,-0.01,13.8,-0.4,13.2,1.0,-0.0,-0.0
988,988.10,1313.59,1313.56,-0.02,8.7,-0.7,13.2,-3.8,-0.0,-0.0
989,989.06,1313.56,1313.56,0.00,13.2,0.0,13.2,0.0,-0.0,-0.0
990,990.09,1313.60,1313.56,-0.04,10.2,-1.1,13.2,-1.9,-0.0,-0.0
991,991.05,1313.56,1313.56,0.00,13.2,0.0,13.2,0.0,-0.0,-0.0
992,992.09,1313.57,1313.56,-0.01,11.9,-0.4,13.2,-0.9,-0.0,-0.0
993,993.05,1313.55,1313.56,0.01,15.5,0.4,13.2,1.9,-0.0,-0.0
994,994.09,1313.57,1313.56,-0.01,11.9,-0.4,13.2,-1.0,-0.0,-0.0
995,995.06,1313.57,1313.56,-0.01,11.9,-0.4,13.2,-0.9,-0.0,-0.0
996,996.09,1313.57,1313.56,-0.01,10.9,-0.4,13.2,-1.9,-0.0,-0.0
997,997.06,1313.59,1313.56,-0.02,13.4,-0.7,13.2,1.0,-0.0,-0.0
998,998.11,1313.59,1313.56,-0.02,11.5,-0.7,13.2,-0.9,-0.0,-0.0
999,999.07,1313.53,1313.56,0.04,15.2,1.1,13.2,1.0,-0.0,-0.0
1000,1000.11,1313.57,1313.56,-0.01,10.0,-0.4,13.2,-2.8,-0.0,-0.0
1001,1001.07,1313.56,1313.56,0.00,15.1,0.0,13.2,1.9,-0.0,-0.0
1002,1002.12,1313.57,1313.56,-0.01,10.9,-0.4,13.2,-1.9,-0.0,-0.0
1003,1003.09,1313.57,1313.56,-0.01,10.9,-0.4,13.1,-1.9,-0.0,-0.0
1004,1004.04,1313.55,1313.56,0.01,16.3,0.4,13.1,2.8,-0.0,-0.0
1005,1005.10,1313.56,1313.56,0.00,12.2,0.0,13.1,-0.9,-0.0,-0.0
1006,1006.05,1313.56,1313.56,0.00,13.1,0.0,13.1,0.0,-0.0,-0.0
1007,1007.10,1313.57,1313.56,-0.01,11.8,-0.4,13.1,-1.0,-0.0,-0.0
1008,1008.05,1313.57,1313.56,-0.01,10.8,-0.4,13.1,-1.9,-0.0,-0.0
1009,1009.11,1313.60,1313.56,-0.04,11.0,-1.1,13.1,-0.9,-0.0,-0.0
1010,1010.07,1313.57,1313.56,-0.01,11.8,-0.4,13.1,-1.0,-0.0,-0.0
1011,1011.11,1313.55,1313.56,0.01,15.4,0.4,13.1,1.9,-0.0,-0.0
1012,1012.09,1313.54,1313.56,0.02,16.6,0.7,13.1,2.8,-0.0,-0.0
1013,1013.06,1313.59,1313.56,-0.02,10.4,-0.7,13.1,-1.9,-0.0,-0.0
1014,1014.11,1313.57,1313.56,-0.01,13.6,-0.4,13.0,1.0,-0.0,-0.0
1015,1015.08,1313.55,1313.56,0.01,15.3,0.4,13.0,1.9,-0.0,-0.0
1016,1016.05,1313.56,1313.56,0.00,14.9,0.0,13.0,1.9,-0.0,-0.0
1017,1017.10,1313.56,1313.56,0.00,14.9,0.0,13.0,1.9,-0.0,-0.0
1018,1018.07,1313.57,1313.56,-0.01,13.6,-0.4,13.0,0.9,-0.0,-0.0
1019,1019.04,1313.59,1313.56,-0.02,9.4,-0.7,13.0,-2.9,-0.0,-0.0
1020,1020.08,1313.59,1313.56,-0.02,10.4,-0.7,13.0,-1.9,-0.0,-0.0
1021,1021.04,1313.57,1313.56,-0.01,14.6,-0.4,13.0,1.9,-0.0,-0.0
1022,1022.09,1313.55,1313.56,0.01,15.3,0.4,13.0,1.9,-0.0,-0.0
1023,1023.05,1313.59,1313.56,-0.02,10.3,-0.7,13.0,-1.9,-0.0,-0.0
1024,1024.09,1313.59,1313.56,-0.02,9.4,-0.7,13.0,-2.9,-0.0,-0.0
1025,1025.06,1313.59,1313.56,-0.02,12.2,-0.7,13.0,0.0,-0.0,-0.0
1026,1026.11,1313.56,1313.56,0.00,15.8,0.0,12.9,2.8,-0.0,-0.0
1027,1027.07,1313.54,1313.56,0.02,18.4,0.7,12.9,4.8,-0.0,-0.0
1028,1028.04,1313.55,1313.56,0.01,14.2,0.4,12.9,0.9,-0.0,-0.0
1029,1029.09,1313.56,1313.56,0.00,12.9,0.0,12.9,0.0,-0.0,-0.0
1030,1030.05,1313.61,1313.56,-0.05,8.6,-1.5,12.9,-2.9,-0.0,-0.0
1031,1031.09,1313.56,1313.56,0.00,14.8,0.0,12.9,1.9,-0.0,-0.0
1032,1032.07,1313.57,1313.56,-0.01,10.7,-0.4,12.9,-1.9,-0.0,-0.0
1033,1033.04,1313.56,1313.56,0.00,13.8,0.0,12.9,1.0,-0.0,-0.0
1034,1034.09,1313.56,1313.56,0.00,11.9,0.0,12.9,-1.0,-0.0,-0.0
1035,1035.06,1313.56,1313.56,0.00,12.9,0.0,12.9,0.0,-0.0,-0.0
1036,1036.10,1313.60,1313.56,-0.04,9.9,-1.1,12.9,-1.9,-0.0,-0.0
1037,1037.08,1313.59,1313.56,-0.02,11.2,-0.7,12.9,-0.9,-0.0,-0.0
1038,1038.04,1313.57,1313.56,-0.01,11.5,-0.4,12.9,-0.9,-0.0,-0.0
1039,1039.09,1313.56,1313.56,0.00,12.8,0.0,12.8,0.0,-0.0,-0.0
1040,1040.07,1313.53,1313.56,0.04,16.8,1.1,12.9,2.8,-0.0,-0.0
1041,1041.10,1313.55,1313.56,0.01,13.2,0.4,12.9,0.0,-0.0,-0.0
1042,1042.05,1313.57,1313.56,-0.01,10.6,-0.4,12.9,-1.9,-0.0,-0.0
1043,1043.09,1313.57,1313.56,-0.01,14.4,-0.4,12.8,1.9,-0.0,-0.0
1044,1044.09,1313.55,1313.56,0.01,15.0,0.4,12.8,1.8,-0.0,-0.0
1045,1045.05,1313.54,1313.56,0.02,15.5,0.7,12.8,1.9,-0.0,-0.0
1046,1046.09,1313.57,1313.56,-0.01,13.4,-0.4,12.8,1.0,-0.0,-0.0
1047,1047.06,1313.56,1313.56,0.00,13.8,0.0,12.8,1.0,-0.0,-0.0
1048,1048.10,1313.59,1313.56,-0.02,11.1,-0.7,12.8,-1.0,-0.0,-0.0
1049,1049.07,1313.55,1313.56,0.01,16.0,0.4,12.8,2.8,-0.0,-0.0
1050,1050.11,1313.57,1313.56,-0.01,11.5,-0.4,12.8,-1.0,-0.0,-0.0
1051,1051.08,1313.57,1313.56,-0.01,9.6,-0.4,12.8,-2.9,-0.0,-0.0
1052,1052.04,1313.59,1313.56,-0.02,9.2,-0.7,12.8,-2.9,-0.0,-0.0
1053,1053.10,1313.55,1313.56,0.01,14.1,0.4,12.8,0.9,-0.0,-0.0
1054,1054.06,1313.55,1313.56,0.01,14.1,0.4,12.8,0.9,-0.0,-0.0
1055,1055.11,1313.59,1313.56,-0.02,11.1,-0.7,12.8,-0.9,-0.0,-0.0
1056,1056.06,1313.59,1313.56,-0.02,11.1,-0.7,12.8,-1.0,-0.0,-0.0
1057,1057.11,1313.56,1313.56,0.00,12.8,0.0,12.8,0.0,-0.0,-0.0
1058,1058.07,1313.54,1313.56,0.02,13.5,0.7,12.8,0.0,-0.0,-0.0
1059,1059.04,1313.57,1313.56,-0.01,14.3,-0.4,12.8,1.9,-0.0,-0.0
1060,1060.08,1313.59,1313.56,-0.02,8.2,-0.7,12.8,-3.8,-0.0,-0.0
1061,1061.06,1313.59,1313.56,-0.02,11.1,-0.7,12.8,-0.9,-0.0,-0.0
1062,1062.10,1313.56,1313.56,0.00,14.6,0.0,12.7,1.9,-0.0,-0.0
1063,1063.07,1313.56,1313.56,0.00,12.7,0.0,12.7,0.0,-0.0,-0.0
1064,1064.11,1313.59,1313.56,-0.02,6.3,-0.7,12.7,-5.7,-0.0,-0.0
1065,1065.08,1313.56,1313.56,0.00,13.7,0.0,12.7,0.9,-0.0,-0.0
1066,1066.11,1313.56,1313.56,0.00,12.7,0.0,12.7,0.0,-0.0,-0.0
1067,1067.08,1313.54,1313.56,0.02,16.3,0.7,12.7,2.8,-0.0,-0.0
1068,1068.05,1313.56,1313.56,0.00,11.8,0.0,12.7,-1.0,-0.0,-0.0
1069,1069.09,1313.51,1313.56,0.05,19.8,1.5,12.7,5.7,-0.0,-0.0
1070,1070.05,1313.57,1313.56,-0.01,11.4,-0.4,12.7,-1.0,-0.0,-0.0
1071,1071.10,1313.59,1313.56,-0.02,10.0,-0.7,12.7,-1.9,-0.0,-0.0
1072,1072.05,1313.55,1313.56,0.01,14.0,0.4,12.7,1.0,-0.0,-0.0
1073,1073.10,1313.57,1313.56,-0.01,12.3,-0.4,12.7,0.0,-0.0,-0.0
1074,1074.06,1313.57,1313.56,-0.01,12.3,-0.4,12.7,0.0,-0.0,-0.0
1075,1075.11,1313.55,1313.56,0.01,15.9,0.4,12.7,2.9,-0.0,-0.0
1076,1076.07,1313.56,1313.56,0.00,14.6,0.0,12.6,1.9,-0.0,-0.0
1077,1077.11,1313.56,1313.56,0.00,13.6,0.0,12.6,1.0,-0.0,-0.0
1078,1078.09,1313.55,1313.56,0.01,13.0,0.4,12.7,0.0,-0.0,-0.0
1079,1079.05,1313.59,1313.56,-0.02,11.9,-0.7,12.6,0.0,-0.0,-0.0
1080,1080.11,1313.55,1313.56,0.01,13.0,0.4,12.6,0.0,-0.0,-0.0
1081,1081.06,1313.59,1313.56,-0.02,10.0,-0.7,12.6,-1.9,-0.0,-0.0
1082,1082.04,1313.55,1313.56,0.01,13.9,0.4,12.6,0.9,-0.0,-0.0
1083,1083.09,1313.56,1313.56,0.00,11.7,0.0,12.6,-1.0,-0.0,-0.0
1084,1084.06,1313.55,1313.56,0.01,13.9,0.4,12.6,0.9,-0.0,-0.0
1085,1085.11,1313.57,1313.56,-0.01,10.4,-0.4,12.6,-1.9,-0.0,-0.0
1086,1086.08,1313.59,1313.56,-0.02,10.0,-0.7,12.6,-1.9,-0.0,-0.0
1087,1087.04,1313.57,1313.56,-0.01,13.2,-0.4,12.6,0.9,-0.0,-0.0
1088,1088.09,1313.56,1313.56,0.00,11.7,0.0,12.6,-0.9,-0.0,-0.0
1089,1089.06,1313.56,1313.56,0.00,13.6,0.0,12.6,0.9,-0.0,-0.0
1090,1090.11,1313.59,1313.56,-0.02,9.0,-0.7,12.6,-2.8,-0.0,-0.0
1091,1091.07,1313.60,1313.56,-0.04,9.6,-1.1,12.6,-1.9,-0.0,-0.0
1092,1092.04,1313.55,1313.56,0.01,14.8,0.4,12.6,1.9,-0.0,-0.0
1093,1093.09,1313.56,1313.56,0.00,13.5,0.0,12.6,0.9,-0.0,-0.0
1094,1094.04,1313.56,1313.56,0.00,15.4,0.0,12.6,2.9,-0.0,-0.0
1095,1095.10,1313.59,1313.56,-0.02,9.9,-0.7,12.6,-1.9,-0.0,-0.0
1096,1096.06,1313.55,1313.56,0.01,13.9,0.4,12.6,0.9,-0.0,-0.0
1097,1097.11,1313.57,1313.56,-0.01,11.2,-0.4,12.6,-1.0,-0.0,-0.0
1098,1098.09,1313.59,1313.56,-0.02,9.9,-0.7,12.6,-1.9,-0.0,-0.0
1099,1099.06,1313.59,1313.56,-0.02,10.9,-0.7,12.5,-0.9,-0.0,-0.0
1100,1100.11,1313.55,1313.56,0.01,13.9,0.4,12.5,0.9,-0.0,-0.0
1101,1101.08,1313.56,1313.56,0.00,11.6,0.0,12.6,-0.9,-0.0,-0.0
1102,1102.04,1313.56,1313.56,0.00,12.5,0.0,12.5,0.0,-0.0,-0.0
1103,1103.09,1313.56,1313.56,0.00,13.5,0.0,12.5,0.9,-0.0,-0.0
1104,1104.05,1313.59,1313.56,-0.02,10.8,-0.7,12.5,-1.0,-0.0,-0.0
1105,1105.11,1313.57,1313.56,-0.01,13.1,-0.4,12.5,0.9,-0.0,-0.0
1106,1106.08,1313.57,1313.56,-0.01,12.1,-0.4,12.5,0.0,-0.0,-0.0
1107,1107.04,1313.57,1313.56,-0.01,11.2,-0.4,12.5,-1.0,-0.0,-0.0
1108,1108.08,1313.57,1313.56,-0.01,13.1,-0.4,12.5,1.0,-0.0,-0.0
1109,1109.05,1313.57,1313.56,-0.01,10.2,-0.4,12.5,-1.9,-0.0,-0.0
1110,1110.08,1313.57,1313.56,-0.01,10.2,-0.4,12.5,-1.9,-0.0,-0.0
1111,1111.11,1313.56,1313.56,0.00,12.5,0.0,12.5,0.0,-0.0,-0.0
1112,1112.08,1313.56,1313.56,0.00,12.5,0.0,12.5,0.0,-0.0,-0.0
1113,1113.04,1313.59,1313.56,-0.02,11.7,-0.7,12.5,0.0,-0.0,-0.0
1114,1114.07,1313.56,1313.56,0.00,12.5,0.0,12.5,0.0,-0.0,-0.0
1115,1115.11,1313.56,1313.56,0.00,14.4,0.0,12.5,1.9,-0.0,-0.0
1116,1116.07,1313.59,1313.56,-0.02,10.8,-0.7,12.4,-1.0,-0.0,-0.0
1117,1117.04,1313.59,1313.56,-0.02,9.8,-0.7,12.4,-1.9,-0.0,-0.0
1118,1118.08,1313.56,1313.56,0.00,11.5,0.0,12.4,-0.9,-0.0,-0.0
1119,1119.04,1313.57,1313.56,-0.01,10.2,-0.4,12.4,-1.9,-0.0,-0.0
1120,1120.09,1313.57,1313.56,-0.01,12.1,-0.4,12.4,0.0,-0.0,-0.0
1121,1121.06,1313.57,1313.56,-0.01,9.2,-0.4,12.4,-2.8,-0.0,-0.0
1122,1122.08,1313.60,1313.56,-0.04,8.5,-1.1,12.4,-2.9,-0.0,-0.0
1123,1123.05,1313.55,1313.56,0.01,13.8,0.4,12.4,1.0,-0.0,-0.0
1124,1124.08,1313.57,1313.56,-0.01,12.1,-0.4,12.4,0.0,-0.0,-0.0
1125,1125.06,1313.56,1313.56,0.00,13.4,0.0,12.4,0.9,-0.0,-0.0
1126,1126.11,1313.56,1313.56,0.00,13.4,0.0,12.4,0.9,-0.0,-0.0
1127,1127.08,1313.61,1313.56,-0.05,6.2,-1.5,12.4,-4.8,-0.0,-0.0
1128,1128.04,1313.57,1313.56,-0.01,10.1,-0.4,12.4,-1.9,-0.0,-0.0
1129,1129.09,1313.57,1313.56,-0.01,13.0,-0.4,12.4,1.0,-0.0,-0.0
1130,1130.05,1313.56,1313.56,0.00,11.5,0.0,12.4,-1.0,-0.0,-0.0
1131,1131.10,1313.59,1313.56,-0.02,10.7,-0.7,12.4,-0.9,-0.0,-0.0
1132,1132.05,1313.55,1313.56,0.01,15.7,0.4,12.4,2.9,-0.0,-0.0
1133,1133.09,1313.57,1313.56,-0.01,11.1,-0.4,12.4,-1.0,-0.0,-0.0
1134,1134.06,1313.54,1313.56,0.02,13.1,0.7,12.4,0.0,-0.0,-0.0
1135,1135.11,1313.57,1313.56,-0.01,12.0,-0.4,12.4,0.0,-0.0,-0.0
1136,1136.07,1313.59,1313.56,-0.02,11.6,-0.7,12.4,0.0,-0.0,-0.0
1137,1137.04,1313.55,1313.56,0.01,13.7,0.4,12.4,0.9,-0.0,-0.0
1138,1138.08,1313.57,1313.56,-0.01,12.0,-0.4,12.4,0.0,-0.0,-0.0
1139,1139.05,1313.56,1313.56,0.00,12.4,0.0,12.4,0.0,-0.0,-0.0
1140,1140.09,1313.56,1313.56,0.00,14.2,0.0,12.3,1.9,-0.0,-0.0
1141,1141.07,1313.57,1313.56,-0.01,10.1,-0.4,12.3,-1.9,-0.0,-0.0
1142,1142.10,1313.59,1313.56,-0.02,9.7,-0.7,12.3,-1.9,-0.0,-0.0
1143,1143.06,1313.57,1313.56,-0.01,11.0,-0.4,12.3,-1.0,-0.0,-0.0
1144,1144.10,1313.56,1313.56,0.00,14.2,0.0,12.3,1.9,-0.0,-0.0
1145,1145.07,1313.56,1313.56,0.00,13.2,0.0,12.3,0.9,-0.0,-0.0
1146,1146.10,1313.59,1313.56,-0.02,10.6,-0.7,12.3,-0.9,-0.0,-0.0
1147,1147.07,1313.57,1313.56,-0.01,13.8,-0.4,12.3,1.9,-0.0,-0.0
1148,1148.04,1313.56,1313.56,0.00,12.3,0.0,12.3,0.0,-0.0,-0.0
1149,1149.08,1313.54,1313.56,0.02,14.9,0.7,12.3,1.9,-0.0,-0.0
1150,1150.11,1313.57,1313.56,-0.01,11.9,-0.4,12.3,0.0,-0.0,-0.0
1151,1151.08,1313.55,1313.56,0.01,14.5,0.4,12.3,1.9,-0.0,-0.0
1152,1152.04,1313.59,1313.56,-0.02,8.7,-0.7,12.3,-2.8,-0.0,-0.0
1153,1153.10,1313.55,1313.56,0.01,12.6,0.4,12.3,0.0,-0.0,-0.0
1154,1154.06,1313.56,1313.56,0.00,15.1,0.0,12.3,2.9,-0.0,-0.0
1155,1155.11,1313.56,1313.56,0.00,13.2,0.0,12.3,1.0,-0.0,-0.0
1156,1156.09,1313.57,1313.56,-0.01,11.9,-0.4,12.3,0.0,-0.0,-0.0
1157,1157.06,1313.56,1313.56,0.00,13.2,0.0,12.3,1.0,-0.0,-0.0
1158,1158.11,1313.54,1313.56,0.02,15.8,0.7,12.2,2.8,-0.0,-0.0
1159,1159.07,1313.56,1313.56,0.00,15.1,0.0,12.2,2.9,-0.0,-0.0
1160,1160.11,1313.56,1313.56,0.00,14.2,0.0,12.2,1.9,-0.0,-0.0
1161,1161.07,1313.57,1313.56,-0.01,10.9,-0.4,12.2,-1.0,-0.0,-0.0
1162,1162.11,1313.55,1313.56,0.01,13.5,0.4,12.2,0.9,-0.0,-0.0
1163,1163.07,1313.57,1313.56,-0.01,10.0,-0.4,12.2,-1.9,-0.0,-0.0
1164,1164.11,1313.56,1313.56,0.00,13.2,0.0,12.2,0.9,-0.0,-0.0
1165,1165.09,1313.54,1313.56,0.02,16.7,0.7,12.2,3.7,-0.0,-0.0
1166,1166.05,1313.57,1313.56,-0.01,11.8,-0.4,12.2,0.0,-0.0,-0.0
1167,1167.10,1313.55,1313.56,0.01,15.4,0.4,12.2,2.9,-0.0,-0.0
1168,1168.06,1313.54,1313.56,0.02,14.8,0.7,12.2,1.9,-0.0,-0.0
1169,1169.09,1313.57,1313.56,-0.01,11.8,-0.4,12.2,0.0,-0.0,-0.0
1170,1170.05,1313.56,1313.56,0.00,12.2,0.0,12.2,0.0,-0.0,-0.0
1171,1171.09,1313.57,1313.56,-0.01,10.9,-0.4,12.2,-1.0,-0.0,-0.0
1172,1172.05,1313.56,1313.56,0.00,13.1,0.0,12.2,1.0,-0.0,-0.0
1173,1173.08,1313.59,1313.56,-0.02,8.6,-0.7,12.2,-2.9,-0.0,-0.0
1174,1174.04,1313.59,1313.56,-0.02,9.5,-0.7,12.2,-1.9,-0.0,-0.0
1175,1175.09,1313.57,1313.56,-0.01,9.9,-0.4,12.1,-1.9,-0.0,-0.0
1176,1176.05,1313.56,1313.56,0.00,12.1,0.0,12.1,0.0,-0.0,-0.0
1177,1177.11,1313.55,1313.56,0.01,12.5,0.4,12.1,0.0,-0.0,-0.0
1178,1178.05,1313.56,1313.56,0.00,11.2,0.0,12.1,-1.0,-0.0,-0.0
1179,1179.10,1313.56,1313.56,0.00,13.1,0.0,12.1,1.0,-0.0,-0.0
1180,1180.07,1313.55,1313.56,0.01,14.4,0.4,12.1,1.9,-0.0,-0.0
1181,1181.04,1313.56,1313.56,0.00,12.1,0.0,12.1,0.0,-0.0,-0.0
1182,1182.09,1313.55,1313.56,0.01,13.4,0.4,12.1,0.9,-0.0,-0.0
1183,1183.05,1313.57,1313.56,-0.01,9.9,-0.4,12.1,-1.9,-0.0,-0.0
1184,1184.09,1313.56,1313.56,0.00,13.1,0.0,12.1,1.0,-0.0,-0.0
1185,1185.07,1313.55,1313.56,0.01,14.4,0.4,12.1,1.9,-0.0,-0.0
1186,1186.12,1313.53,1313.56,0.04,16.1,1.1,12.1,2.8,-0.0,-0.0
1187,1187.08,1313.57,1313.56,-0.01,11.8,-0.4,12.1,0.0,-0.0,-0.0
1188,1188.05,1313.55,1313.56,0.01,13.4,0.4,12.1,0.9,-0.0,-0.0
1189,1189.09,1313.56,1313.56,0.00,11.2,0.0,12.1,-0.9,-0.0,-0.0
1190,1190.05,1313.56,1313.56,0.00,12.1,0.0,12.1,0.0,-0.0,-0.0
1191,1191.09,1313.60,1313.56,-0.04,7.2,-1.1,12.1,-3.8,-0.0,-0.0
1192,1192.07,1313.55,1313.56,0.01,13.4,0.4,12.1,0.9,-0.0,-0.0
1193,1193.11,1313.56,1313.56,0.00,13.1,0.0,12.1,0.9,-0.0,-0.0
1194,1194.08,1313.56,1313.56,0.00,14.0,0.0,12.1,1.9,-0.0,-0.0
1195,1195.05,1313.57,1313.56,-0.01,11.7,-0.4,12.1,0.0,-0.0,-0.0
1196,1196.09,1313.57,1313.56,-0.01,11.7,-0.4,12.1,0.0,-0.0,-0.0
1197,1197.05,1313.57,1313.56,-0.01,10.8,-0.4,12.1,-1.0,-0.0,-0.0
1198,1198.09,1313.57,1313.56,-0.01,11.7,-0.4,12.1,0.0,-0.0,-0.0
1199,1199.05,1313.54,1313.56,0.02,17.6,0.7,12.1,4.8,-0.0,-0.0
1200,1200.09,1313.56,1313.56,0.00,7.3,0.0,12.1,-4.8,-0.0,-0.0
1201,1201.07,1313.54,1313.56,0.02,15.6,0.7,12.1,2.8,-0.0,-0.0
1202,1202.05,1313.53,1313.56,0.04,17.0,1.1,12.1,3.8,-0.0,-0.0
1203,1203.09,1313.56,1313.56,0.00,14.0,0.0,12.1,1.9,-0.0,-0.0
1204,1204.06,1313.56,1313.56,0.00,11.1,0.0,12.1,-0.9,-0.0,-0.0
1205,1205.10,1313.54,1313.56,0.02,15.7,0.7,12.1,2.9,-0.0,-0.0
1206,1206.07,1313.60,1313.56,-0.04,10.0,-1.1,12.1,-0.9,-0.0,-0.0
1207,1207.12,1313.57,1313.56,-0.01,12.7,-0.4,12.1,0.9,-0.0,-0.0
1208,1208.08,1313.56,1313.56,0.00,14.0,0.0,12.0,1.9,-0.0,-0.0
1209,1209.05,1313.55,1313.56,0.01,11.5,0.4,12.1,-0.9,-0.0,-0.0
1210,1210.11,1313.60,1313.56,-0.04,9.1,-1.1,12.1,-1.9,-0.0,-0.0
1211,1211.08,1313.55,1313.56,0.01,12.4,0.4,12.1,0.0,-0.0,-0.0
1212,1212.05,1313.59,1313.56,-0.02,9.4,-0.7,12.0,-1.9,-0.0,-0.0
1213,1213.10,1313.54,1313.56,0.02,14.7,0.7,12.1,1.9,-0.0,-0.0
1214,1214.05,1313.59,1313.56,-0.02,8.5,-0.7,12.1,-2.9,-0.0,-0.0
1215,1215.10,1313.57,1313.56,-0.01,10.7,-0.4,12.1,-1.0,-0.0,-0.0
1216,1216.07,1313.60,1313.56,-0.04,8.1,-1.1,12.1,-2.8,-0.0,-0.0
1217,1217.11,1313.59,1313.56,-0.02,6.5,-0.7,12.1,-4.8,-0.0,-0.0
1218,1218.08,1313.55,1313.56,0.01,14.3,0.4,12.1,1.9,-0.0,-0.0
1219,1219.05,1313.57,1313.56,-0.01,10.7,-0.4,12.1,-1.0,-0.0,-0.0
1220,1220.10,1313.56,1313.56,0.00,10.2,0.0,12.1,-1.9,-0.0,-0.0
1221,1221.07,1313.56,1313.56,0.00,12.1,0.0,12.1,0.0,-0.0,-0.0
1222,1222.04,1313.59,1313.56,-0.02,8.4,-0.7,12.1,-2.9,-0.0,-0.0
1223,1223.08,1313.59,1313.56,-0.02,10.4,-0.7,12.1,-1.0,-0.0,-0.0
1224,1224.04,1313.56,1313.56,0.00,12.0,0.0,12.0,0.0,-0.0,-0.0
1225,1225.08,1313.56,1313.56,0.00,13.0,0.0,12.0,1.0,-0.0,-0.0
1226,1226.06,1313.57,1313.56,-0.01,11.7,-0.4,12.0,0.0,-0.0,-0.0
1227,1227.10,1313.57,1313.56,-0.01,11.7,-0.4,12.0,0.0,-0.0,-0.0
1228,1228.09,1313.57,1313.56,-0.01,11.6,-0.4,12.0,0.0,-0.0,-0.0
1229,1229.04,1313.59,1313.56,-0.02,10.3,-0.7,12.0,-1.0,-0.0,-0.0
1230,1230.08,1313.55,1313.56,0.01,12.4,0.4,12.0,0.0,-0.0,-0.0
1231,1231.04,1313.59,1313.56,-0.02,9.4,-0.7,12.0,-1.9,-0.0,-0.0
1232,1232.10,1313.55,1313.56,0.01,14.2,0.4,12.0,1.9,-0.0,-0.0
1233,1233.06,1313.55,1313.56,0.01,14.3,0.4,12.0,1.9,-0.0,-0.0
1234,1234.11,1313.54,1313.56,0.02,13.7,0.7,12.0,0.9,-0.0,-0.0
1235,1235.09,1313.54,1313.56,0.02,16.5,0.7,12.0,3.8,-0.0,-0.0
1236,1236.05,1313.56,1313.56,0.00,12.9,0.0,12.0,0.9,-0.0,-0.0
1237,1237.10,1313.59,1313.56,-0.02,10.3,-0.7,12.0,-0.9,-0.0,-0.0
1238,1238.06,1313.56,1313.56,0.00,13.0,0.0,12.0,1.0,-0.0,-0.0
1239,1239.12,1313.57,1313.56,-0.01,13.5,-0.4,12.0,1.9,-0.0,-0.0
1240,1240.09,1313.59,1313.56,-0.02,9.4,-0.7,12.0,-1.9,-0.0,-0.0
1241,1241.06,1313.57,1313.56,-0.01,8.8,-0.4,12.0,-2.8,-0.0,-0.0
1242,1242.10,1313.57,1313.56,-0.01,13.5,-0.4,12.0,1.9,-0.0,-0.0
1243,1243.07,1313.57,1313.56,-0.01,9.7,-0.4,12.0,-1.9,-0.0,-0.0
1244,1244.04,1313.57,1313.56,-0.01,12.5,-0.4,11.9,0.9,-0.0,-0.0
1245,1245.08,1313.57,1313.56,-0.01,11.6,-0.4,11.9,0.0,-0.0,-0.0
1246,1246.11,1313.59,1313.56,-0.02,10.2,-0.7,11.9,-1.0,-0.0,-0.0
1247,1247.09,1313.59,1313.56,-0.02,7.4,-0.7,11.9,-3.8,-0.0,-0.0
1248,1248.06,1313.56,1313.56,0.00,12.9,0.0,11.9,0.9,-0.0,-0.0
1249,1249.11,1313.54,1313.56,0.02,14.6,0.7,11.9,1.9,-0.0,-0.0
1250,1250.08,1313.57,1313.56,-0.01,9.7,-0.4,11.9,-1.9,-0.0,-0.0
1251,1251.05,1313.55,1313.56,0.01,14.2,0.4,11.9,1.9,-0.0,-0.0
1252,1252.09,1313.59,1313.56,-0.02,6.4,-0.7,11.9,-4.8,-0.0,-0.0
1253,1253.05,1313.57,1313.56,-0.01,9.6,-0.4,11.9,-1.9,-0.0,-0.0
1254,1254.08,1313.56,1313.56,0.00,11.9,0.0,11.9,0.0,-0.0,-0.0
1255,1255.07,1313.56,1313.56,0.00,10.1,0.0,11.9,-1.8,-0.0,-0.0
1256,1256.04,1313.56,1313.56,0.00,13.8,0.0,11.9,1.9,-0.0,-0.0
1257,1257.09,1313.53,1313.56,0.04,14.9,1.1,11.9,1.9,-0.0,-0.0
1258,1258.05,1313.56,1313.56,0.00,11.0,0.0,11.9,-1.0,-0.0,-0.0
1259,1259.10,1313.57,1313.56,-0.01,12.5,-0.4,11.9,0.9,-0.0,-0.0
1260,1260.05,1313.55,1313.56,0.01,11.3,0.4,11.9,-1.0,-0.0,-0.0
1261,1261.11,1313.55,1313.56,0.01,15.1,0.4,11.9,2.8,-0.0,-0.0
1262,1262.07,1313.59,1313.56,-0.02,10.2,-0.7,11.9,-0.9,-0.0,-0.0
1263,1263.04,1313.59,1313.56,-0.02,11.1,-0.7,11.9,0.0,-0.0,-0.0
1264,1264.07,1313.57,1313.56,-0.01,8.6,-0.4,11.9,-2.9,-0.0,-0.0
1265,1265.04,1313.57,1313.56,-0.01,9.6,-0.4,11.9,-1.9,-0.0,-0.0
1266,1266.09,1313.53,1313.56,0.04,15.8,1.1,11.9,2.8,-0.0,-0.0
1267,1267.04,1313.56,1313.56,0.00,11.9,0.0,11.9,0.0,-0.0,-0.0
1268,1268.08,1313.54,1313.56,0.02,15.5,0.7,11.9,2.9,-0.0,-0.0
1269,1269.04,1313.57,1313.56,-0.01,11.5,-0.4,11.9,0.0,-0.0,-0.0
1270,1270.09,1313.55,1313.56,0.01,12.2,0.4,11.9,0.0,-0.0,-0.0
1271,1271.06,1313.57,1313.56,-0.01,10.5,-0.4,11.9,-0.9,-0.0,-0.0
1272,1272.10,1313.56,1313.56,0.00,10.9,0.0,11.9,-1.0,-0.0,-0.0
1273,1273.07,1313.56,1313.56,0.00,14.7,0.0,11.8,2.8,-0.0,-0.0
1274,1274.10,1313.56,1313.56,0.00,10.9,0.0,11.8,-1.0,-0.0,-0.0
1275,1275.07,1313.59,1313.56,-0.02,7.3,-0.7,11.8,-3.8,-0.0,-0.0
1276,1276.11,1313.59,1313.56,-0.02,10.1,-0.7,11.8,-1.0,-0.0,-0.0
1277,1277.08,1313.54,1313.56,0.02,13.5,0.7,11.8,1.0,-0.0,-0.0
1278,1278.04,1313.57,1313.56,-0.01,11.5,-0.4,11.8,0.0,-0.0,-0.0
1279,1279.10,1313.56,1313.56,0.00,10.9,0.0,11.8,-0.9,-0.0,-0.0
1280,1280.07,1313.57,1313.56,-0.01,8.7,-0.4,11.8,-2.8,-0.0,-0.0
1281,1281.12,1313.56,1313.56,0.00,13.7,0.0,11.8,1.9,-0.0,-0.0
1282,1282.08,1313.56,1313.56,0.00,11.8,0.0,11.8,0.0,-0.0,-0.0
1283,1283.04,1313.57,1313.56,-0.01,9.5,-0.4,11.8,-1.9,-0.0,-0.0
1284,1284.09,1313.57,1313.56,-0.01,11.4,-0.4,11.8,0.0,-0.0,-0.0
1285,1285.06,1313.56,1313.56,0.00,11.8,0.0,11.8,0.0,-0.0,-0.0
1286,1286.10,1313.54,1313.56,0.02,15.4,0.7,11.8,2.8,-0.0,-0.0
1287,1287.07,1313.54,1313.56,0.02,15.4,0.7,11.8,2.8,-0.0,-0.0
1288,1288.04,1313.55,1313.56,0.01,13.1,0.4,11.8,1.0,-0.0,-0.0
1289,1289.09,1313.55,1313.56,0.01,13.1,0.4,11.8,0.9,-0.0,-0.0
1290,1290.05,1313.55,1313.56,0.01,13.1,0.4,11.8,1.0,-0.0,-0.0
1291,1291.10,1313.57,1313.56,-0.01,9.5,-0.4,11.8,-1.9,-0.0,-0.0
1292,1292.07,1313.54,1313.56,0.02,15.4,0.7,11.8,2.8,-0.0,-0.0
1293,1293.11,1313.54,1313.56,0.02,14.4,0.7,11.8,1.9,-0.0,-0.0
1294,1294.07,1313.55,1313.56,0.01,11.2,0.4,11.8,-0.9,-0.0,-0.0
1295,1295.05,1313.57,1313.56,-0.01,11.4,-0.4,11.8,0.0,-0.0,-0.0
1296,1296.09,1313.55,1313.56,0.01,13.1,0.4,11.8,0.9,-0.0,-0.0
1297,1297.05,1313.56,1313.56,0.00,12.8,0.0,11.8,1.0,-0.0,-0.0
1298,1298.09,1313.55,1313.56,0.01,12.1,0.4,11.8,0.0,-0.0,-0.0
1299,1299.06,1313.57,1313.56,-0.01,8.6,-0.4,11.8,-2.9,-0.0,-0.0
1300,1300.10,1313.55,1313.56,0.01,14.1,0.4,11.8,1.9,-0.0,-0.0
1301,1301.07,1313.55,1313.56,0.01,15.0,0.4,11.8,2.8,-0.0,-0.0
1302,1302.12,1313.53,1313.56,0.04,16.7,1.1,11.8,3.8,-0.0,-0.0
1303,1303.09,1313.56,1313.56,0.00,11.8,0.0,11.8,0.0,-0.0,-0.0
1304,1304.05,1313.59,1313.56,-0.02,8.2,-0.7,11.8,-2.9,-0.0,-0.0
1305,1305.10,1313.55,1313.56,0.01,15.0,0.4,11.8,2.8,-0.0,-0.0
1306,1306.06,1313.57,1313.56,-0.01,9.5,-0.4,11.8,-1.9,-0.0,-0.0
1307,1307.10,1313.55,1313.56,0.01,14.0,0.4,11.8,1.9,-0.0,-0.0
1308,1308.06,1313.54,1313.56,0.02,15.4,0.7,11.8,2.9,-0.0,-0.0
1309,1309.11,1313.55,1313.56,0.01,12.2,0.4,11.8,0.0,-0.0,-0.0
1310,1310.08,1313.55,1313.56,0.01,15.0,0.4,11.8,2.9,-0.0,-0.0
1311,1311.04,1313.55,1313.56,0.01,13.1,0.4,11.8,1.0,-0.0,-0.0
1312,1312.10,1313.57,1313.56,-0.01,8.6,-0.4,11.8,-2.8,-0.0,-0.0
1313,1313.07,1313.57,1313.56,-0.01,11.4,-0.4,11.8,0.0,-0.0,-0.0
1314,1314.11,1313.57,1313.56,-0.01,10.5,-0.4,11.8,-0.9,-0.0,-0.0
1315,1315.09,1313.56,1313.56,0.00,9.0,0.0,11.8,-2.8,-0.0,-0.0
1316,1316.05,1313.56,1313.56,0.00,14.7,0.0,11.8,2.9,-0.0,-0.0
1317,1317.09,1313.59,1313.56,-0.02,7.2,-0.7,11.8,-3.8,-0.0,-0.0
1318,1318.05,1313.57,1313.56,-0.01,10.4,-0.4,11.8,-1.0,-0.0,-0.0
1319,1319.09,1313.56,1313.56,0.00,11.8,0.0,11.8,0.0,-0.0,-0.0
1320,1320.06,1313.55,1313.56,0.01,12.1,0.4,11.8,0.0,-0.0,-0.0
1321,1321.10,1313.54,1313.56,0.02,16.3,0.7,11.8,3.8,-0.0,-0.0
1322,1322.07,1313.55,1313.56,0.01,13.1,0.4,11.8,1.0,-0.0,-0.0
1323,1323.11,1313.56,1313.56,0.00,12.7,0.0,11.8,0.9,-0.0,-0.0
1324,1324.07,1313.57,1313.56,-0.01,11.4,-0.4,11.8,0.0,-0.0,-0.0
1325,1325.04,1313.55,1313.56,0.01,13.1,0.4,11.8,0.9,-0.0,-0.0
1326,1326.10,1313.57,1313.56,-0.01,10.5,-0.4,11.8,-0.9,-0.0,-0.0
1327,1327.07,1313.59,1313.56,-0.02,9.1,-0.7,11.8,-1.9,-0.0,-0.0
1328,1328.11,1313.56,1313.56,0.00,11.7,0.0,11.7,0.0,-0.0,-0.0
1329,1329.07,1313.57,1313.56,-0.01,11.4,-0.4,11.7,0.0,-0.0,-0.0
1330,1330.11,1313.55,1313.56,0.01,13.1,0.4,11.7,1.0,-0.0,-0.0
1331,1331.07,1313.55,1313.56,0.01,14.0,0.4,11.7,1.9,-0.0,-0.0
1332,1332.10,1313.56,1313.56,0.00,12.7,0.0,11.7,1.0,-0.0,-0.0
1333,1333.07,1313.56,1313.56,0.00,12.7,0.0,11.7,1.0,-0.0,-0.0
1334,1334.05,1313.57,1313.56,-0.01,9.5,-0.4,11.7,-1.9,-0.0,-0.0
1335,1335.08,1313.57,1313.56,-0.01,8.5,-0.4,11.7,-2.9,-0.0,-0.0
1336,1336.06,1313.59,1313.56,-0.02,8.1,-0.7,11.7,-2.8,-0.0,-0.0
1337,1337.11,1313.56,1313.56,0.00,12.7,0.0,11.7,0.9,-0.0,-0.0
1338,1338.07,1313.57,1313.56,-0.01,10.4,-0.4,11.7,-0.9,-0.0,-0.0
1339,1339.11,1313.55,1313.56,0.01,14.0,0.4,11.7,1.9,-0.0,-0.0
1340,1340.08,1313.57,1313.56,-0.01,10.4,-0.4,11.7,-0.9,-0.0,-0.0
1341,1341.05,1313.59,1313.56,-0.02,9.1,-0.7,11.7,-1.9,-0.0,-0.0
1342,1342.10,1313.56,1313.56,0.00,11.7,0.0,11.7,0.0,-0.0,-0.0
1343,1343.06,1313.56,1313.56,0.00,10.8,0.0,11.7,-0.9,-0.0,-0.0
1344,1344.11,1313.59,1313.56,-0.02,11.0,-0.7,11.7,0.0,-0.0,-0.0
1345,1345.08,1313.57,1313.56,-0.01,9.4,-0.4,11.7,-1.9,-0.0,-0.0
1346,1346.11,1313.57,1313.56,-0.01,9.4,-0.4,11.7,-1.9,-0.0,-0.0
1347,1347.09,1313.55,1313.56,0.01,12.1,0.4,11.7,0.0,-0.0,-0.0
1348,1348.04,1313.56,1313.56,0.00,9.8,0.0,11.7,-1.9,-0.0,-0.0
1349,1349.08,1313.56,1313.56,0.00,12.6,0.0,11.7,1.0,-0.0,-0.0
1350,1350.05,1313.54,1313.56,0.02,11.5,0.7,11.7,-0.9,-0.0,-0.0
1351,1351.09,1313.57,1313.56,-0.01,10.4,-0.4,11.7,-0.9,-0.0,-0.0
1352,1352.05,1313.57,1313.56,-0.01,8.4,-0.4,11.7,-2.9,-0.0,-0.0
1353,1353.08,1313.56,1313.56,0.00,11.7,0.0,11.7,0.0,-0.0,-0.0
1354,1354.05,1313.56,1313.56,0.00,9.8,0.0,11.7,-1.9,-0.0,-0.0
1355,1355.10,1313.55,1313.56,0.01,14.9,0.4,11.7,2.8,-0.0,-0.0
1356,1356.07,1313.57,1313.56,-0.01,10.4,-0.4,11.7,-0.9,-0.0,-0.0
1357,1357.04,1313.57,1313.56,-0.01,9.5,-0.4,11.7,-1.9,-0.0,-0.0
1358,1358.08,1313.54,1313.56,0.02,17.2,0.7,11.7,4.8,-0.0,-0.0
1359,1359.04,1313.57,1313.56,-0.01,10.4,-0.4,11.7,-1.0,-0.0,-0.0
1360,1360.09,1313.60,1313.56,-0.04,6.8,-1.1,11.7,-3.8,-0.0,-0.0
1361,1361.05,1313.57,1313.56,-0.01,10.4,-0.4,11.7,-1.0,-0.0,-0.0
1362,1362.04,1313.59,1313.56,-0.02,10.0,-0.7,11.7,-0.9,-0.0,-0.0
1363,1363.08,1313.57,1313.56,-0.01,9.4,-0.4,11.7,-1.9,-0.0,-0.0
1364,1364.04,1313.59,1313.56,-0.02,11.0,-0.7,11.7,0.0,-0.0,-0.0
1365,1365.09,1313.55,1313.56,0.01,14.0,0.4,11.7,1.9,-0.0,-0.0
1366,1366.05,1313.60,1313.56,-0.04,9.6,-1.1,11.7,-1.0,-0.0,-0.0
1367,1367.09,1313.55,1313.56,0.01,14.0,0.4,11.7,1.9,-0.0,-0.0
1368,1368.05,1313.55,1313.56,0.01,13.0,0.4,11.7,0.9,-0.0,-0.0
1369,1369.11,1313.56,1313.56,0.00,12.6,0.0,11.7,0.9,-0.0,-0.0
1370,1370.07,1313.60,1313.56,-0.04,7.7,-1.1,11.7,-2.9,-0.0,-0.0
1371,1371.11,1313.55,1313.56,0.01,14.0,0.4,11.7,1.9,-0.0,-0.0
1372,1372.08,1313.55,1313.56,0.01,10.2,0.4,11.7,-1.9,-0.0,-0.0
1373,1373.05,1313.55,1313.56,0.01,14.0,0.4,11.7,1.9,-0.0,-0.0
1374,1374.09,1313.57,1313.56,-0.01,10.4,-0.4,11.7,-0.9,-0.0,-0.0
1375,1375.04,1313.56,1313.56,0.00,12.7,0.0,11.7,1.0,-0.0,-0.0
1376,1376.07,1313.56,1313.56,0.00,10.7,0.0,11.7,-1.0,-0.0,-0.0
1377,1377.11,1313.55,1313.56,0.01,12.1,0.4,11.7,0.0,-0.0,-0.0
1378,1378.09,1313.59,1313.56,-0.02,9.1,-0.7,11.7,-1.9,-0.0,-0.0
1379,1379.05,1313.55,1313.56,0.01,13.0,0.4,11.7,1.0,-0.0,-0.0
1380,1380.10,1313.60,1313.56,-0.04,8.7,-1.1,11.7,-1.9,-0.0,-0.0
1381,1381.05,1313.55,1313.56,0.01,14.0,0.4,11.7,1.9,-0.0,-0.0
1382,1382.10,1313.54,1313.56,0.02,14.3,0.7,11.7,1.9,-0.0,-0.0
1383,1383.08,1313.55,1313.56,0.01,13.9,0.4,11.7,1.9,-0.0,-0.0
1384,1384.05,1313.57,1313.56,-0.01,8.5,-0.4,11.7,-2.9,-0.0,-0.0
1385,1385.11,1313.56,1313.56,0.00,12.6,0.0,11.7,0.9,-0.0,-0.0
1386,1386.06,1313.59,1313.56,-0.02,9.0,-0.7,11.7,-1.9,-0.0,-0.0
1387,1387.11,1313.57,1313.56,-0.01,10.4,-0.4,11.7,-0.9,-0.0,-0.0
1388,1388.06,1313.54,1313.56,0.02,14.3,0.7,11.7,1.9,-0.0,-0.0
1389,1389.11,1313.59,1313.56,-0.02,9.0,-0.7,11.7,-1.9,-0.0,-0.0
1390,1390.08,1313.57,1313.56,-0.01,8.4,-0.4,11.7,-2.9,-0.0,-0.0
1391,1391.04,1313.57,1313.56,-0.01,13.2,-0.4,11.6,1.9,-0.0,-0.0
1392,1392.07,1313.57,1313.56,-0.01,10.3,-0.4,11.6,-1.0,-0.0,-0.0
1393,1393.04,1313.55,1313.56,0.01,13.9,0.4,11.7,1.9,-0.0,-0.0
1394,1394.09,1313.55,1313.56,0.01,13.9,0.4,11.7,1.9,-0.0,-0.0
1395,1395.05,1313.56,1313.56,0.00,11.7,0.0,11.7,0.0,-0.0,-0.0
1396,1396.10,1313.57,1313.56,-0.01,11.3,-0.4,11.7,0.0,-0.0,-0.0
1397,1397.06,1313.55,1313.56,0.01,13.0,0.4,11.7,0.9,-0.0,-0.0
1398,1398.11,1313.57,1313.56,-0.01,12.2,-0.4,11.6,1.0,-0.0,-0.0
1399,1399.07,1313.56,1313.56,0.00,11.6,0.0,11.6,0.0,-0.0,-0.0
1400,1400.04,1313.56,1313.56,0.00,10.7,0.0,11.6,-1.0,-0.0,-0.0
1401,1401.09,1313.54,1313.56,0.02,14.3,0.7,11.7,1.9,-0.0,-0.0
1402,1402.07,1313.56,1313.56,0.00,12.6,0.0,11.7,0.9,-0.0,-0.0
1403,1403.11,1313.57,1313.56,-0.01,9.4,-0.4,11.6,-1.9,-0.0,-0.0
1404,1404.07,1313.56,1313.56,0.00,10.7,0.0,11.7,-1.0,-0.0,-0.0
1405,1405.04,1313.59,1313.56,-0.02,8.1,-0.7,11.6,-2.8,-0.0,-0.0
1406,1406.09,1313.54,1313.56,0.02,11.5,0.7,11.7,-0.9,-0.0,-0.0
1407,1407.05,1313.56,1313.56,0.00,10.7,0.0,11.7,-1.0,-0.0,-0.0
1408,1408.11,1313.55,1313.56,0.01,13.9,0.4,11.7,1.9,-0.0,-0.0
1409,1409.06,1313.57,1313.56,-0.01,12.2,-0.4,11.6,1.0,-0.0,-0.0
1410,1410.11,1313.54,1313.56,0.02,13.3,0.7,11.6,1.0,-0.0,-0.0
1411,1411.07,1313.55,1313.56,0.01,12.0,0.4,11.7,0.0,-0.0,-0.0
1412,1412.11,1313.56,1313.56,0.00,11.7,0.0,11.7,0.0,-0.0,-0.0
1413,1413.08,1313.57,1313.56,-0.01,10.4,-0.4,11.7,-0.9,-0.0,-0.0
1414,1414.04,1313.55,1313.56,0.01,12.0,0.4,11.7,0.0,-0.0,-0.0
1415,1415.08,1313.57,1313.56,-0.01,9.4,-0.4,11.7,-1.9,-0.0,-0.0
1416,1416.05,1313.54,1313.56,0.02,13.4,0.7,11.7,0.9,-0.0,-0.0
1417,1417.09,1313.55,1313.56,0.01,14.0,0.4,11.7,1.9,-0.0,-0.0
1418,1418.05,1313.54,1313.56,0.02,13.4,0.7,11.7,1.0,-0.0,-0.0
1419,1419.10,1313.59,1313.56,-0.02,9.0,-0.7,11.7,-1.9,-0.0,-0.0
1420,1420.07,1313.56,1313.56,0.00,8.8,0.0,11.7,-2.9,-0.0,-0.0
1421,1421.12,1313.56,1313.56,0.00,14.5,0.0,11.7,2.8,-0.0,-0.0
1422,1422.07,1313.59,1313.56,-0.02,9.0,-0.7,11.7,-1.9,-0.0,-0.0
1423,1423.04,1313.56,1313.56,0.00,12.6,0.0,11.7,0.9,-0.0,-0.0
1424,1424.08,1313.59,1313.56,-0.02,8.1,-0.7,11.7,-2.9,-0.0,-0.0
1425,1425.04,1313.55,1313.56,0.01,13.0,0.4,11.7,0.9,-0.0,-0.0
1426,1426.08,1313.56,1313.56,0.00,10.7,0.0,11.7,-1.0,-0.0,-0.0
1427,1427.05,1313.55,1313.56,0.01,13.9,0.4,11.7,1.9,-0.0,-0.0
1428,1428.09,1313.55,1313.56,0.01,13.0,0.4,11.7,1.0,-0.0,-0.0
1429,1429.05,1313.59,1313.56,-0.02,7.2,-0.7,11.7,-3.8,-0.0,-0.0
1430,1430.10,1313.56,1313.56,0.00,13.5,0.0,11.7,1.9,-0.0,-0.0
1431,1431.07,1313.60,1313.56,-0.04,6.8,-1.1,11.7,-3.8,-0.0,-0.0
1432,1432.05,1313.57,1313.56,-0.01,9.5,-0.4,11.7,-1.9,-0.0,-0.0
1433,1433.08,1313.60,1313.56,-0.04,8.7,-1.1,11.7,-1.9,-0.0,-0.0
1434,1434.06,1313.57,1313.56,-0.01,10.4,-0.4,11.7,-0.9,-0.0,-0.0
1435,1435.10,1313.59,1313.56,-0.02,10.9,-0.7,11.7,0.0,-0.0,-0.0
1436,1436.07,1313.56,1313.56,0.00,10.7,0.0,11.7,-0.9,-0.0,-0.0
1437,1437.04,1313.54,1313.56,0.02,15.2,0.7,11.7,2.8,-0.0,-0.0
1438,1438.08,1313.54,1313.56,0.02,13.4,0.7,11.7,1.0,-0.0,-0.0
1439,1439.04,1313.59,1313.56,-0.02,10.0,-0.7,11.7,-1.0,-0.0,-0.0
1440,1440.08,1313.54,1313.56,0.02,13.4,0.7,11.7,1.0,-0.0,-0.0
1441,1441.05,1313.57,1313.56,-0.01,9.4,-0.4,11.7,-1.9,-0.0,-0.0
1442,1442.09,1313.54,1313.56,0.02,14.3,0.7,11.7,1.9,-0.0,-0.0
1443,1443.07,1313.54,1313.56,0.02,17.1,0.7,11.7,4.7,-0.0,-0.0
1444,1444.11,1313.54,1313.56,0.02,13.4,0.7,11.7,1.0,-0.0,-0.0
1445,1445.08,1313.56,1313.56,0.00,13.6,0.0,11.7,1.9,-0.0,-0.0
1446,1446.10,1313.55,1313.56,0.01,14.0,0.4,11.7,1.9,-0.0,-0.0
1447,1447.06,1313.59,1313.56,-0.02,9.0,-0.7,11.7,-1.9,-0.0,-0.0
1448,1448.11,1313.55,1313.56,0.01,14.9,0.4,11.7,2.8,-0.0,-0.0
1449,1449.08,1313.55,1313.56,0.01,11.1,0.4,11.7,-1.0,-0.0,-0.0
1450,1450.04,1313.56,1313.56,0.00,9.8,0.0,11.7,-1.9,-0.0,-0.0
1451,1451.09,1313.55,1313.56,0.01,13.0,0.4,11.7,1.0,-0.0,-0.0
1452,1452.05,1313.56,1313.56,0.00,10.7,0.0,11.7,-1.0,-0.0,-0.0
1453,1453.11,1313.59,1313.56,-0.02,8.1,-0.7,11.7,-2.8,-0.0,-0.0
1454,1454.07,1313.57,1313.56,-0.01,9.4,-0.4,11.7,-1.9,-0.0,-0.0
1455,1455.11,1313.54,1313.56,0.02,15.3,0.7,11.7,2.9,-0.0,-0.0
1456,1456.08,1313.57,1313.56,-0.01,7.5,-0.4,11.7,-3.8,-0.0,-0.0
1457,1457.07,1313.55,1313.56,0.01,12.0,0.4,11.7,0.0,-0.0,-0.0
1458,1458.11,1313.55,1313.56,0.01,13.9,0.4,11.7,1.9,-0.0,-0.0
1459,1459.09,1313.57,1313.56,-0.01,10.4,-0.4,11.7,-0.9,-0.0,-0.0
1460,1460.05,1313.59,1313.56,-0.02,9.0,-0.7,11.7,-1.9,-0.0,-0.0
1461,1461.07,1313.53,1313.56,0.04,17.6,1.1,11.7,4.8,-0.0,-0.0
1462,1462.05,1313.55,1313.56,0.01,13.9,0.4,11.7,1.9,-0.0,-0.0
1463,1463.10,1313.56,1313.56,0.00,12.6,0.0,11.7,0.9,-0.0,-0.0
1464,1464.07,1313.55,1313.56,0.01,15.8,0.4,11.6,3.8,-0.0,-0.0
1465,1465.11,1313.56,1313.56,0.00,11.7,0.0,11.7,0.0,-0.0,-0.0
1466,1466.10,1313.57,1313.56,-0.01,11.3,-0.4,11.6,0.0,-0.0,-0.0
1467,1467.07,1313.55,1313.56,0.01,12.0,0.4,11.7,0.0,-0.0,-0.0
1468,1468.11,1313.55,1313.56,0.01,13.0,0.4,11.7,1.0,-0.0,-0.0
1469,1469.07,1313.55,1313.56,0.01,13.0,0.4,11.6,0.9,-0.0,-0.0
1470,1470.11,1313.57,1313.56,-0.01,9.4,-0.4,11.6,-1.9,-0.0,-0.0
1471,1471.08,1313.56,1313.56,0.00,13.5,0.0,11.6,1.9,-0.0,-0.0
1472,1472.12,1313.51,1313.56,0.05,15.0,1.5,11.7,1.9,-0.0,-0.0
1473,1473.10,1313.59,1313.56,-0.02,10.0,-0.7,11.6,-0.9,-0.0,-0.0
1474,1474.05,1313.57,1313.56,-0.01,12.2,-0.4,11.6,1.0,-0.0,-0.0
1475,1475.10,1313.57,1313.56,-0.01,7.5,-0.4,11.6,-3.8,-0.0,-0.0
1476,1476.07,1313.57,1313.56,-0.01,12.2,-0.4,11.6,0.9,-0.0,-0.0
1477,1477.12,1313.57,1313.56,-0.01,9.4,-0.4,11.6,-1.9,-0.0,-0.0
1478,1478.07,1313.57,1313.56,-0.01,9.4,-0.4,11.6,-1.9,-0.0,-0.0
1479,1479.04,1313.56,1313.56,0.00,12.6,0.0,11.6,0.9,-0.0,-0.0
1480,1480.08,1313.57,1313.56,-0.01,9.4,-0.4,11.6,-1.9,-0.0,-0.0
1481,1481.05,1313.57,1313.56,-0.01,9.4,-0.4,11.6,-1.9,-0.0,-0.0
1482,1482.09,1313.56,1313.56,0.00,14.5,0.0,11.6,2.8,-0.0,-0.0
1483,1483.06,1313.55,1313.56,0.01,14.8,0.4,11.6,2.8,-0.0,-0.0
1484,1484.11,1313.59,1313.56,-0.02,7.1,-0.7,11.6,-3.8,-0.0,-0.0
1485,1485.07,1313.57,1313.56,-0.01,11.3,-0.4,11.6,0.0,-0.0,-0.0
1486,1486.04,1313.59,1313.56,-0.02,8.0,-0.7,11.6,-2.8,-0.0,-0.0
1487,1487.08,1313.56,1313.56,0.00,11.6,0.0,11.6,0.0,-0.0,-0.0
1488,1488.05,1313.55,1313.56,0.01,13.9,0.4,11.6,1.9,-0.0,-0.0
1489,1489.09,1313.57,1313.56,-0.01,8.4,-0.4,11.6,-2.9,-0.0,-0.0
1490,1490.05,1313.56,1313.56,0.00,8.8,0.0,11.6,-2.9,-0.0,-0.0
1491,1491.11,1313.57,1313.56,-0.01,8.4,-0.4,11.6,-2.8,-0.0,-0.0
1492,1492.05,1313.59,1313.56,-0.02,9.9,-0.7,11.6,-1.0,-0.0,-0.0
1493,1493.10,1313.59,1313.56,-0.02,9.9,-0.7,11.6,-1.0,-0.0,-0.0
1494,1494.07,1313.55,1313.56,0.01,13.9,0.4,11.6,1.9,-0.0,-0.0
1495,1495.05,1313.59,1313.56,-0.02,6.2,-0.7,11.6,-4.7,-0.0,-0.0
1496,1496.08,1313.56,1313.56,0.00,11.6,0.0,11.6,0.0,-0.0,-0.0
1497,1497.06,1313.54,1313.56,0.02,15.2,0.7,11.6,2.8,-0.0,-0.0
1498,1498.11,1313.56,1313.56,0.00,12.5,0.0,11.6,0.9,-0.0,-0.0
1499,1499.06,1313.57,1313.56,-0.01,12.2,-0.4,11.6,1.0,-0.0,-0.0
1500,1500.09,1313.56,1313.56,0.00,11.6,0.0,11.6,0.0,-0.0,-0.0
1501,1501.06,1313.55,1313.56,0.01,12.9,0.4,11.6,0.9,-0.0,-0.0
1502,1502.11,1313.57,1313.56,-0.01,11.2,-0.4,11.6,0.0,-0.0,-0.0
1503,1503.09,1313.57,1313.56,-0.01,7.5,-0.4,11.6,-3.8,-0.0,-0.0
1504,1504.05,1313.54,1313.56,0.02,15.2,0.7,11.6,2.9,-0.0,-0.0
1505,1505.10,1313.57,1313.56,-0.01,10.3,-0.4,11.6,-0.9,-0.0,-0.0
1506,1506.07,1313.56,1313.56,0.00,12.5,0.0,11.6,1.0,-0.0,-0.0
1507,1507.11,1313.56,1313.56,0.00,11.6,0.0,11.6,0.0,-0.0,-0.0
1508,1508.08,1313.57,1313.56,-0.01,11.2,-0.4,11.6,0.0,-0.0,-0.0
1509,1509.05,1313.57,1313.56,-0.01,10.3,-0.4,11.6,-1.0,-0.0,-0.0
1510,1510.09,1313.59,1313.56,-0.02,9.9,-0.7,11.6,-0.9,-0.0,-0.0
1511,1511.06,1313.60,1313.56,-0.04,7.6,-1.1,11.6,-2.9,-0.0,-0.0
1512,1512.11,1313.57,1313.56,-0.01,10.2,-0.4,11.6,-0.9,-0.0,-0.0
1513,1513.08,1313.53,1313.56,0.04,14.6,1.1,11.6,1.9,-0.0,-0.0
1514,1514.05,1313.57,1313.56,-0.01,11.2,-0.4,11.6,0.0,-0.0,-0.0
1515,1515.09,1313.57,1313.56,-0.01,11.2,-0.4,11.6,0.0,-0.0,-0.0
1516,1516.05,1313.56,1313.56,0.00,13.5,0.0,11.5,1.9,-0.0,-0.0
1517,1517.10,1313.54,1313.56,0.02,14.2,0.7,11.5,1.9,-0.0,-0.0
1518,1518.06,1313.56,1313.56,0.00,12.5,0.0,11.5,1.0,-0.0,-0.0
1519,1519.11,1313.57,1313.56,-0.01,10.2,-0.4,11.5,-0.9,-0.0,-0.0
1520,1520.07,1313.59,1313.56,-0.02,8.0,-0.7,11.5,-2.8,-0.0,-0.0
1521,1521.10,1313.54,1313.56,0.02,16.1,0.7,11.5,3.8,-0.0,-0.0
1522,1522.05,1313.56,1313.56,0.00,12.5,0.0,11.5,1.0,-0.0,-0.0
1523,1523.09,1313.54,1313.56,0.02,12.3,0.7,11.6,0.0,-0.0,-0.0
1524,1524.05,1313.59,1313.56,-0.02,8.9,-0.7,11.5,-1.9,-0.0,-0.0
1525,1525.10,1313.55,1313.56,0.01,11.9,0.4,11.5,0.0,-0.0,-0.0
1526,1526.06,1313.54,1313.56,0.02,15.1,0.7,11.5,2.9,-0.0,-0.0
1527,1527.10,1313.55,1313.56,0.01,13.8,0.4,11.5,1.9,-0.0,-0.0
1528,1528.07,1313.55,1313.56,0.01,14.8,0.4,11.5,2.8,-0.0,-0.0
1529,1529.05,1313.57,1313.56,-0.01,9.3,-0.4,11.5,-1.9,-0.0,-0.0
1530,1530.09,1313.57,1313.56,-0.01,8.3,-0.4,11.5,-2.9,-0.0,-0.0
1531,1531.07,1313.59,1313.56,-0.02,8.9,-0.7,11.5,-1.9,-0.0,-0.0
1532,1532.11,1313.57,1313.56,-0.01,13.1,-0.4,11.5,1.9,-0.0,-0.0
1533,1533.07,1313.56,1313.56,0.00,11.5,0.0,11.5,0.0,-0.0,-0.0
1534,1534.11,1313.57,1313.56,-0.01,8.3,-0.4,11.5,-2.8,-0.0,-0.0
1535,1535.07,1313.59,1313.56,-0.02,7.9,-0.7,11.5,-2.8,-0.0,-0.0
1536,1536.04,1313.59,1313.56,-0.02,10.8,-0.7,11.5,0.0,-0.0,-0.0
1537,1537.09,1313.56,1313.56,0.00,10.6,0.0,11.5,-1.0,-0.0,-0.0
1538,1538.04,1313.54,1313.56,0.02,13.2,0.7,11.5,1.0,-0.0,-0.0
1539,1539.09,1313.55,1313.56,0.01,11.9,0.4,11.5,0.0,-0.0,-0.0
1540,1540.05,1313.56,1313.56,0.00,15.3,0.0,11.5,3.8,-0.0,-0.0
1541,1541.09,1313.55,1313.56,0.01,13.8,0.4,11.5,1.9,-0.0,-0.0
1542,1542.06,1313.53,1313.56,0.04,17.4,1.1,11.5,4.7,-0.0,-0.0
1543,1543.04,1313.60,1313.56,-0.04,7.6,-1.1,11.5,-2.8,-0.0,-0.0
1544,1544.08,1313.57,1313.56,-0.01,8.3,-0.4,11.5,-2.9,-0.0,-0.0
1545,1545.05,1313.55,1313.56,0.01,13.8,0.4,11.5,1.9,-0.0,-0.0
1546,1546.09,1313.56,1313.56,0.00,12.5,0.0,11.5,0.9,-0.0,-0.0
1547,1547.05,1313.61,1313.56,-0.05,3.4,-1.5,11.5,-6.6,-0.0,-0.0
1548,1548.09,1313.55,1313.56,0.01,11.9,0.4,11.5,0.0,-0.0,-0.0
1549,1549.07,1313.56,1313.56,0.00,10.6,0.0,11.5,-0.9,-0.0,-0.0
1550,1550.10,1313.57,1313.56,-0.01,7.4,-0.4,11.5,-3.8,-0.0,-0.0
1551,1551.08,1313.59,1313.56,-0.02,8.9,-0.7,11.5,-1.9,-0.0,-0.0
1552,1552.04,1313.55,1313.56,0.01,12.8,0.4,11.5,0.9,-0.0,-0.0
1553,1553.09,1313.54,1313.56,0.02,13.2,0.7,11.5,1.0,-0.0,-0.0
1554,1554.06,1313.56,1313.56,0.00,10.6,0.0,11.5,-1.0,-0.0,-0.0
1555,1555.11,1313.55,1313.56,0.01,12.8,0.4,11.5,0.9,-0.0,-0.0
1556,1556.08,1313.55,1313.56,0.01,9.1,0.4,11.5,-2.8,-0.0,-0.0
1557,1557.06,1313.57,1313.56,-0.01,9.3,-0.4,11.5,-1.9,-0.0,-0.0
1558,1558.10,1313.56,1313.56,0.00,12.5,0.0,11.5,1.0,-0.0,-0.0
1559,1559.08,1313.57,1313.56,-0.01,9.3,-0.4,11.5,-1.9,-0.0,-0.0
1560,1560.04,1313.56,1313.56,0.00,9.7,0.0,11.5,-1.9,-0.0,-0.0
1561,1561.10,1313.57,1313.56,-0.01,10.2,-0.4,11.5,-0.9,-0.0,-0.0
1562,1562.07,1313.56,1313.56,0.00,11.5,0.0,11.5,0.0,-0.0,-0.0
1563,1563.11,1313.55,1313.56,0.01,11.9,0.4,11.5,0.0,-0.0,-0.0
1564,1564.08,1313.54,1313.56,0.02,14.2,0.7,11.5,1.9,-0.0,-0.0
1565,1565.05,1313.55,1313.56,0.01,13.8,0.4,11.5,1.9,-0.0,-0.0
1566,1566.11,1313.57,1313.56,-0.01,8.4,-0.4,11.6,-2.8,-0.0,-0.0
1567,1567.07,1313.55,1313.56,0.01,12.9,0.4,11.6,0.9,-0.0,-0.0
1568,1568.04,1313.56,1313.56,0.00,10.6,0.0,11.6,-1.0,-0.0,-0.0
1569,1569.09,1313.55,1313.56,0.01,12.9,0.4,11.6,0.9,-0.0,-0.0
1570,1570.11,1313.57,1313.56,-0.01,10.2,-0.4,11.6,-1.0,-0.0,-0.0
1571,1571.07,1313.56,1313.56,0.00,12.5,0.0,11.6,1.0,-0.0,-0.0
1572,1572.10,1313.55,1313.56,0.01,11.0,0.4,11.6,-1.0,-0.0,-0.0
1573,1573.08,1313.55,1313.56,0.01,13.8,0.4,11.6,1.9,-0.0,-0.0
1574,1574.11,1313.57,1313.56,-0.01,9.3,-0.4,11.6,-1.9,-0.0,-0.0
1575,1575.08,1313.57,1313.56,-0.01,11.2,-0.4,11.6,0.0,-0.0,-0.0
1576,1576.04,1313.57,1313.56,-0.01,9.3,-0.4,11.6,-1.9,-0.0,-0.0
1577,1577.08,1313.57,1313.56,-0.01,9.3,-0.4,11.6,-1.9,-0.0,-0.0
1578,1578.05,1313.55,1313.56,0.01,12.9,0.4,11.6,0.9,-0.0,-0.0
1579,1579.09,1313.55,1313.56,0.01,14.8,0.4,11.6,2.9,-0.0,-0.0
1580,1580.05,1313.59,1313.56,-0.02,8.0,-0.7,11.6,-2.9,-0.0,-0.0
1581,1581.10,1313.55,1313.56,0.01,11.9,0.4,11.5,0.0,-0.0,-0.0
1582,1582.06,1313.54,1313.56,0.02,15.2,0.7,11.6,2.9,-0.0,-0.0
1583,1583.11,1313.51,1313.56,0.05,17.8,1.5,11.6,4.7,-0.0,-0.0
1584,1584.09,1313.56,1313.56,0.00,12.5,0.0,11.6,0.9,-0.0,-0.0
1585,1585.05,1313.56,1313.56,0.00,12.5,0.0,11.6,1.0,-0.0,-0.0
1586,1586.09,1313.57,1313.56,-0.01,10.3,-0.4,11.6,-0.9,-0.0,-0.0
1587,1587.05,1313.55,1313.56,0.01,12.9,0.4,11.6,0.9,-0.0,-0.0
1588,1588.10,1313.60,1313.56,-0.04,6.7,-1.1,11.6,-3.8,-0.0,-0.0
1589,1589.07,1313.55,1313.56,0.01,12.9,0.4,11.6,0.9,-0.0,-0.0
1590,1590.11,1313.54,1313.56,0.02,15.2,0.7,11.6,2.9,-0.0,-0.0
1591,1591.07,1313.54,1313.56,0.02,15.1,0.7,11.6,2.8,-0.0,-0.0
1592,1592.11,1313.57,1313.56,-0.01,10.3,-0.4,11.6,-1.0,-0.0,-0.0
1593,1593.07,1313.54,1313.56,0.02,15.2,0.7,11.6,2.9,-0.0,-0.0
1594,1594.04,1313.54,1313.56,0.02,12.3,0.7,11.6,0.0,-0.0,-0.0
1595,1595.08,1313.56,1313.56,0.00,11.6,0.0,11.6,0.0,-0.0,-0.0
1596,1596.05,1313.55,1313.56,0.01,14.8,0.4,11.6,2.8,-0.0,-0.0
1597,1597.09,1313.57,1313.56,-0.01,12.2,-0.4,11.6,0.9,-0.0,-0.0
1598,1598.06,1313.55,1313.56,0.01,12.9,0.4,11.6,0.9,-0.0,-0.0
1599,1599.11,1313.54,1313.56,0.02,12.3,0.7,11.6,0.0,-0.0,-0.0
1600,1600.08,1313.53,1313.56,0.04,16.5,1.1,11.6,3.8,-0.0,-0.0
1601,1601.12,1313.59,1313.56,-0.02,8.0,-0.7,11.6,-2.9,-0.0,-0.0
1602,1602.08,1313.57,1313.56,-0.01,12.2,-0.4,11.6,1.0,-0.0,-0.0
1603,1603.04,1313.51,1313.56,0.05,15.9,1.5,11.6,2.9,-0.0,-0.0
1604,1604.09,1313.53,1313.56,0.04,15.6,1.1,11.6,2.9,-0.0,-0.0
1605,1605.05,1313.56,1313.56,0.00,10.6,0.0,11.6,-1.0,-0.0,-0.0
1606,1606.09,1313.59,1313.56,-0.02,11.8,-0.7,11.6,1.0,-0.0,-0.0
1607,1607.06,1313.55,1313.56,0.01,13.9,0.4,11.6,1.9,-0.0,-0.0
1608,1608.11,1313.56,1313.56,0.00,12.5,0.0,11.6,0.9,-0.0,-0.0
1609,1609.08,1313.55,1313.56,0.01,13.9,0.4,11.6,1.9,-0.0,-0.0
1610,1610.04,1313.56,1313.56,0.00,11.6,0.0,11.6,0.0,-0.0,-0.0
1611,1611.08,1313.56,1313.56,0.00,11.6,0.0,11.6,0.0,-0.0,-0.0
1612,1612.06,1313.57,1313.56,-0.01,11.2,-0.4,11.6,0.0,-0.0,-0.0
1613,1613.09,1313.56,1313.56,0.00,9.7,0.0,11.6,-1.9,-0.0,-0.0
1614,1614.06,1313.59,1313.56,-0.02,9.0,-0.7,11.6,-1.9,-0.0,-0.0
1615,1615.11,1313.56,1313.56,0.00,10.6,0.0,11.6,-1.0,-0.0,-0.0
1616,1616.07,1313.59,1313.56,-0.02,9.9,-0.7,11.6,-1.0,-0.0,-0.0
1617,1617.10,1313.56,1313.56,0.00,12.5,0.0,11.6,1.0,-0.0,-0.0
1618,1618.07,1313.57,1313.56,-0.01,10.3,-0.4,11.6,-0.9,-0.0,-0.0
1619,1619.04,1313.57,1313.56,-0.01,9.3,-0.4,11.6,-1.9,-0.0,-0.0
1620,1620.07,1313.55,1313.56,0.01,11.0,0.4,11.6,-1.0,-0.0,-0.0
1621,1621.05,1313.55,1313.56,0.01,13.8,0.4,11.6,1.9,-0.0,-0.0
1622,1622.10,1313.57,1313.56,-0.01,10.2,-0.4,11.6,-0.9,-0.0,-0.0
1623,1623.06,1313.55,1313.56,0.01,11.9,0.4,11.6,0.0,-0.0,-0.0
1624,1624.11,1313.56,1313.56,0.00,9.7,0.0,11.6,-1.9,-0.0,-0.0
1625,1625.07,1313.56,1313.56,0.00,11.6,0.0,11.6,0.0,-0.0,-0.0
1626,1626.04,1313.57,1313.56,-0.01,9.3,-0.4,11.6,-1.9,-0.0,-0.0
1627,1627.09,1313.55,1313.56,0.01,11.0,0.4,11.6,-0.9,-0.0,-0.0
1628,1628.07,1313.59,1313.56,-0.02,9.0,-0.7,11.6,-1.9,-0.0,-0.0
1629,1629.11,1313.59,1313.56,-0.02,9.9,-0.7,11.6,-1.0,-0.0,-0.0
1630,1630.07,1313.54,1313.56,0.02,14.2,0.7,11.6,1.9,-0.0,-0.0
1631,1631.10,1313.55,1313.56,0.01,12.9,0.4,11.6,1.0,-0.0,-0.0
1632,1632.07,1313.55,1313.56,0.01,13.9,0.4,11.6,1.9,-0.0,-0.0
1633,1633.04,1313.59,1313.56,-0.02,7.1,-0.7,11.6,-3.8,-0.0,-0.0
1634,1634.08,1313.57,1313.56,-0.01,10.2,-0.4,11.6,-1.0,-0.0,-0.0
1635,1635.05,1313.55,1313.56,0.01,13.8,0.4,11.6,1.9,-0.0,-0.0
1636,1636.10,1313.55,1313.56,0.01,13.8,0.4,11.6,1.9,-0.0,-0.0
1637,1637.08,1313.57,1313.56,-0.01,10.3,-0.4,11.5,-0.9,-0.0,-0.0
1638,1638.04,1313.56,1313.56,0.00,11.6,0.0,11.6,0.0,-0.0,-0.0
1639,1639.09,1313.55,1313.56,0.01,13.8,0.4,11.6,1.9,-0.0,-0.0
1640,1640.04,1313.59,1313.56,-0.02,9.9,-0.7,11.6,-1.0,-0.0,-0.0
1641,1641.10,1313.56,1313.56,0.00,12.5,0.0,11.5,0.9,-0.0,-0.0
1642,1642.07,1313.56,1313.56,0.00,11.6,0.0,11.6,0.0,-0.0,-0.0
1643,1643.04,1313.54,1313.56,0.02,14.2,0.7,11.6,1.9,-0.0,-0.0
1644,1644.08,1313.55,1313.56,0.01,13.8,0.4,11.6,1.9,-0.0,-0.0
1645,1645.04,1313.56,1313.56,0.00,12.5,0.0,11.6,0.9,-0.0,-0.0
1646,1646.09,1313.57,1313.56,-0.01,11.2,-0.4,11.6,0.0,-0.0,-0.0
1647,1647.04,1313.60,1313.56,-0.04,9.5,-1.1,11.5,-1.0,-0.0,-0.0
1648,1648.07,1313.56,1313.56,0.00,10.6,0.0,11.5,-1.0,-0.0,-0.0
1649,1649.04,1313.56,1313.56,0.00,9.7,0.0,11.6,-1.9,-0.0,-0.0
1650,1650.08,1313.57,1313.56,-0.01,10.2,-0.4,11.6,-1.0,-0.0,-0.0
1651,1651.04,1313.55,1313.56,0.01,13.8,0.4,11.5,1.9,-0.0,-0.0
1652,1652.08,1313.57,1313.56,-0.01,10.2,-0.4,11.5,-1.0,-0.0,-0.0
1653,1653.06,1313.54,1313.56,0.02,13.2,0.7,11.5,0.9,-0.0,-0.0
1654,1654.11,1313.54,1313.56,0.02,16.0,0.7,11.5,3.7,-0.0,-0.0
1655,1655.09,1313.56,1313.56,0.00,11.6,0.0,11.6,0.0,-0.0,-0.0
1656,1656.04,1313.59,1313.56,-0.02,9.9,-0.7,11.5,-1.0,-0.0,-0.0
1657,1657.09,1313.57,1313.56,-0.01,10.2,-0.4,11.5,-1.0,-0.0,-0.0
1658,1658.05,1313.57,1313.56,-0.01,9.3,-0.4,11.5,-1.9,-0.0,-0.0
1659,1659.10,1313.56,1313.56,0.00,12.5,0.0,11.5,0.9,-0.0,-0.0
1660,1660.07,1313.55,1313.56,0.01,11.0,0.4,11.5,-1.0,-0.0,-0.0
1661,1661.05,1313.57,1313.56,-0.01,10.2,-0.4,11.5,-0.9,-0.0,-0.0
1662,1662.08,1313.56,1313.56,0.00,11.6,0.0,11.6,0.0,-0.0,-0.0
1663,1663.05,1313.56,1313.56,0.00,12.5,0.0,11.6,0.9,-0.0,-0.0
1664,1664.09,1313.55,1313.56,0.01,12.9,0.4,11.6,0.9,-0.0,-0.0
1665,1665.05,1313.56,1313.56,0.00,8.7,0.0,11.6,-2.9,-0.0,-0.0
1666,1666.10,1313.54,1313.56,0.02,15.1,0.7,11.6,2.8,-0.0,-0.0
1667,1667.05,1313.56,1313.56,0.00,9.6,0.0,11.6,-1.9,-0.0,-0.0
1668,1668.11,1313.57,1313.56,-0.01,9.3,-0.4,11.6,-1.9,-0.0,-0.0
1669,1669.09,1313.57,1313.56,-0.01,12.2,-0.4,11.6,0.9,-0.0,-0.0
1670,1670.04,1313.57,1313.56,-0.01,9.3,-0.4,11.6,-1.9,-0.0,-0.0
1671,1671.08,1313.54,1313.56,0.02,15.2,0.7,11.6,2.9,-0.0,-0.0
1672,1672.04,1313.56,1313.56,0.00,12.5,0.0,11.6,1.0,-0.0,-0.0
1673,1673.09,1313.57,1313.56,-0.01,13.1,-0.4,11.6,1.9,-0.0,-0.0
1674,1674.05,1313.59,1313.56,-0.02,8.9,-0.7,11.6,-1.9,-0.0,-0.0
1675,1675.08,1313.55,1313.56,0.01,13.8,0.4,11.6,1.9,-0.0,-0.0
1676,1676.04,1313.54,1313.56,0.02,14.2,0.7,11.6,1.9,-0.0,-0.0
1677,1677.11,1313.55,1313.56,0.01,13.8,0.4,11.6,1.9,-0.0,-0.0
1678,1678.08,1313.57,1313.56,-0.01,9.3,-0.4,11.6,-1.9,-0.0,-0.0
1679,1679.04,1313.54,1313.56,0.02,14.2,0.7,11.6,1.9,-0.0,-0.0
1680,1680.09,1313.57,1313.56,-0.01,10.2,-0.4,11.6,-0.9,-0.0,-0.0
1681,1681.07,1313.60,1313.56,-0.04,8.6,-1.1,11.6,-1.9,-0.0,-0.0
1682,1682.11,1313.59,1313.56,-0.02,8.0,-0.7,11.5,-2.9,-0.0,-0.0
1683,1683.06,1313.56,1313.56,0.00,12.5,0.0,11.5,1.0,-0.0,-0.0
1684,1684.11,1313.57,1313.56,-0.01,9.3,-0.4,11.5,-1.9,-0.0,-0.0
1685,1685.07,1313.54,1313.56,0.02,14.2,0.7,11.5,1.9,-0.0,-0.0
1686,1686.04,1313.60,1313.56,-0.04,7.6,-1.1,11.6,-2.8,-0.0,-0.0
1687,1687.09,1313.55,1313.56,0.01,12.9,0.4,11.6,0.9,-0.0,-0.0
1688,1688.07,1313.56,1313.56,0.00,13.4,0.0,11.5,1.9,-0.0,-0.0
1689,1689.11,1313.54,1313.56,0.02,13.2,0.7,11.5,1.0,-0.0,-0.0
1690,1690.06,1313.57,1313.56,-0.01,9.2,-0.4,11.5,-1.9,-0.0,-0.0
1691,1691.04,1313.56,1313.56,0.00,10.6,0.0,11.5,-1.0,-0.0,-0.0
1692,1692.09,1313.59,1313.56,-0.02,7.0,-0.7,11.5,-3.8,-0.0,-0.0
1693,1693.05,1313.55,1313.56,0.01,11.9,0.4,11.5,0.0,-0.0,-0.0
1694,1694.10,1313.57,1313.56,-0.01,8.4,-0.4,11.5,-2.8,-0.0,-0.0
1695,1695.06,1313.56,1313.56,0.00,11.5,0.0,11.5,0.0,-0.0,-0.0
1696,1696.11,1313.56,1313.56,0.00,10.6,0.0,11.5,-0.9,-0.0,-0.0
1697,1697.08,1313.56,1313.56,0.00,9.7,0.0,11.5,-1.9,-0.0,-0.0
1698,1698.04,1313.56,1313.56,0.00,11.5,0.0,11.5,0.0,-0.0,-0.0
1699,1699.09,1313.55,1313.56,0.01,13.8,0.4,11.5,1.9,-0.0,-0.0
1700,1700.04,1313.57,1313.56,-0.01,10.2,-0.4,11.5,-1.0,-0.0,-0.0
1701,1701.09,1313.56,1313.56,0.00,9.6,0.0,11.5,-1.9,-0.0,-0.0
1702,1702.05,1313.54,1313.56,0.02,14.2,0.7,11.5,1.9,-0.0,-0.0
1703,1703.09,1313.60,1313.56,-0.04,7.6,-1.1,11.5,-2.9,-0.0,-0.0
1704,1704.06,1313.56,1313.56,0.00,12.5,0.0,11.5,0.9,-0.0,-0.0
1705,1705.10,1313.55,1313.56,0.01,12.9,0.4,11.6,0.9,-0.0,-0.0
1706,1706.07,1313.59,1313.56,-0.02,8.9,-0.7,11.5,-1.9,-0.0,-0.0
1707,1707.11,1313.55,1313.56,0.01,12.9,0.4,11.5,1.0,-0.0,-0.0
1708,1708.07,1313.59,1313.56,-0.02,8.0,-0.7,11.6,-2.8,-0.0,-0.0
1709,1709.11,1313.55,1313.56,0.01,11.9,0.4,11.6,0.0,-0.0,-0.0
1710,1710.07,1313.57,1313.56,-0.01,12.1,-0.4,11.5,1.0,-0.0,-0.0
1711,1711.05,1313.57,1313.56,-0.01,9.3,-0.4,11.5,-1.9,-0.0,-0.0
1712,1712.08,1313.57,1313.56,-0.01,11.2,-0.4,11.5,0.0,-0.0,-0.0
1713,1713.06,1313.57,1313.56,-0.01,9.3,-0.4,11.6,-1.9,-0.0,-0.0
1714,1714.10,1313.56,1313.56,0.00,11.5,0.0,11.5,0.0,-0.0,-0.0
1715,1715.06,1313.57,1313.56,-0.01,12.1,-0.4,11.5,1.0,-0.0,-0.0
1716,1716.10,1313.57,1313.56,-0.01,9.3,-0.4,11.5,-1.9,-0.0,-0.0
1717,1717.07,1313.54,1313.56,0.02,15.1,0.7,11.6,2.9,-0.0,-0.0
1718,1718.11,1313.55,1313.56,0.01,12.9,0.4,11.6,0.9,-0.0,-0.0
1719,1719.07,1313.59,1313.56,-0.02,9.9,-0.7,11.5,-1.0,-0.0,-0.0
1720,1720.12,1313.57,1313.56,-0.01,8.3,-0.4,11.6,-2.9,-0.0,-0.0
1721,1721.08,1313.54,1313.56,0.02,15.1,0.7,11.5,2.9,-0.0,-0.0
1722,1722.04,1313.57,1313.56,-0.01,10.2,-0.4,11.5,-1.0,-0.0,-0.0
1723,1723.11,1313.56,1313.56,0.00,13.4,0.0,11.5,1.9,-0.0,-0.0
1724,1724.05,1313.59,1313.56,-0.02,9.9,-0.7,11.5,-1.0,-0.0,-0.0
1725,1725.08,1313.53,1313.56,0.04,14.6,1.1,11.6,1.9,-0.0,-0.0
1726,1726.04,1313.55,1313.56,0.01,14.8,0.4,11.6,2.8,-0.0,-0.0
1727,1727.10,1313.55,1313.56,0.01,13.8,0.4,11.5,1.9,-0.0,-0.0
1728,1728.06,1313.54,1313.56,0.02,16.1,0.7,11.5,3.8,-0.0,-0.0
1729,1729.04,1313.57,1313.56,-0.01,10.2,-0.4,11.5,-0.9,-0.0,-0.0
1730,1730.07,1313.56,1313.56,0.00,10.6,0.0,11.5,-1.0,-0.0,-0.0
1731,1731.12,1313.57,1313.56,-0.01,11.2,-0.4,11.5,0.0,-0.0,-0.0
1732,1732.08,1313.57,1313.56,-0.01,11.1,-0.4,11.5,0.0,-0.0,-0.0
1733,1733.05,1313.57,1313.56,-0.01,10.2,-0.4,11.5,-1.0,-0.0,-0.0
1734,1734.08,1313.57,1313.56,-0.01,9.2,-0.4,11.5,-1.9,-0.0,-0.0
1735,1735.05,1313.55,1313.56,0.01,12.8,0.4,11.5,1.0,-0.0,-0.0
1736,1736.09,1313.59,1313.56,-0.02,9.8,-0.7,11.5,-0.9,-0.0,-0.0
1737,1737.06,1313.56,1313.56,0.00,12.4,0.0,11.5,0.9,-0.0,-0.0
1738,1738.10,1313.56,1313.56,0.00,10.5,0.0,11.5,-1.0,-0.0,-0.0
1739,1739.06,1313.57,1313.56,-0.01,10.2,-0.4,11.5,-1.0,-0.0,-0.0
1740,1740.11,1313.57,1313.56,-0.01,12.1,-0.4,11.5,0.9,-0.0,-0.0
1741,1741.07,1313.55,1313.56,0.01,11.9,0.4,11.5,0.0,-0.0,-0.0
1742,1742.11,1313.55,1313.56,0.01,11.9,0.4,11.5,0.0,-0.0,-0.0
1743,1743.09,1313.57,1313.56,-0.01,10.2,-0.4,11.5,-0.9,-0.0,-0.0
1744,1744.04,1313.57,1313.56,-0.01,7.3,-0.4,11.5,-3.9,-0.0,-0.0
1745,1745.09,1313.57,1313.56,-0.01,11.2,-0.4,11.5,0.0,-0.0,-0.0
1746,1746.04,1313.59,1313.56,-0.02,9.8,-0.7,11.5,-1.0,-0.0,-0.0
1747,1747.10,1313.57,1313.56,-0.01,8.3,-0.4,11.5,-2.8,-0.0,-0.0
1748,1748.05,1313.54,1313.56,0.02,16.1,0.7,11.5,3.8,-0.0,-0.0
1749,1749.09,1313.56,1313.56,0.00,11.5,0.0,11.5,0.0,-0.0,-0.0
1750,1750.05,1313.59,1313.56,-0.02,9.8,-0.7,11.5,-1.0,-0.0,-0.0
1751,1751.09,1313.56,1313.56,0.00,11.5,0.0,11.5,0.0,-0.0,-0.0
1752,1752.05,1313.54,1313.56,0.02,17.0,0.7,11.5,4.8,-0.0,-0.0
1753,1753.07,1313.55,1313.56,0.01,10.9,0.4,11.5,-1.0,-0.0,-0.0
1754,1754.09,1313.60,1313.56,-0.04,9.4,-1.1,11.5,-1.0,-0.0,-0.0
1755,1755.07,1313.54,1313.56,0.02,15.1,0.7,11.5,2.8,-0.0,-0.0
1756,1756.11,1313.56,1313.56,0.00,8.6,0.0,11.5,-2.9,-0.0,-0.0
1757,1757.08,1313.57,1313.56,-0.01,9.2,-0.4,11.5,-1.9,-0.0,-0.0
1758,1758.04,1313.55,1313.56,0.01,10.9,0.4,11.5,-1.0,-0.0,-0.0
1759,1759.09,1313.55,1313.56,0.01,13.8,0.4,11.5,1.9,-0.0,-0.0
1760,1760.05,1313.55,1313.56,0.01,11.9,0.4,11.5,0.0,-0.0,-0.0
1761,1761.10,1313.56,1313.56,0.00,11.5,0.0,11.5,0.0,-0.0,-0.0
1762,1762.08,1313.55,1313.56,0.01,12.8,0.4,11.5,0.9,-0.0,-0.0
1763,1763.04,1313.57,1313.56,-0.01,11.1,-0.4,11.5,0.0,-0.0,-0.0
1764,1764.09,1313.57,1313.56,-0.01,8.3,-0.4,11.5,-2.8,-0.0,-0.0
1765,1765.08,1313.57,1313.56,-0.01,11.2,-0.4,11.5,0.0,-0.0,-0.0
1766,1766.04,1313.57,1313.56,-0.01,9.2,-0.4,11.5,-1.9,-0.0,-0.0
1767,1767.08,1313.55,1313.56,0.01,14.7,0.4,11.5,2.9,-0.0,-0.0
1768,1768.04,1313.55,1313.56,0.01,11.9,0.4,11.5,0.0,-0.0,-0.0
1769,1769.09,1313.55,1313.56,0.01,13.8,0.4,11.5,1.9,-0.0,-0.0
1770,1770.05,1313.54,1313.56,0.02,13.2,0.7,11.5,1.0,-0.0,-0.0
1771,1771.10,1313.56,1313.56,0.00,13.4,0.0,11.5,1.9,-0.0,-0.0
1772,1772.07,1313.56,1313.56,0.00,11.5,0.0,11.5,0.0,-0.0,-0.0
1773,1773.04,1313.57,1313.56,-0.01,10.2,-0.4,11.5,-1.0,-0.0,-0.0
1774,1774.08,1313.57,1313.56,-0.01,9.2,-0.4,11.5,-1.9,-0.0,-0.0
1775,1775.04,1313.57,1313.56,-0.01,10.2,-0.4,11.5,-1.0,-0.0,-0.0
1776,1776.09,1313.57,1313.56,-0.01,12.1,-0.4,11.5,1.0,-0.0,-0.0
1777,1777.04,1313.54,1313.56,0.02,15.1,0.7,11.5,2.9,-0.0,-0.0
1778,1778.10,1313.56,1313.56,0.00,13.4,0.0,11.5,1.9,-0.0,-0.0
1779,1779.06,1313.56,1313.56,0.00,12.5,0.0,11.5,1.0,-0.0,-0.0
1780,1780.10,1313.56,1313.56,0.00,10.5,0.0,11.5,-1.0,-0.0,-0.0
1781,1781.07,1313.57,1313.56,-0.01,13.0,-0.4,11.5,1.9,-0.0,-0.0
1782,1782.11,1313.55,1313.56,0.01,11.9,0.4,11.5,0.0,-0.0,-0.0
1783,1783.08,1313.55,1313.56,0.01,12.8,0.4,11.5,0.9,-0.0,-0.0
1784,1784.11,1313.55,1313.56,0.01,12.8,0.4,11.5,0.9,-0.0,-0.0
1785,1785.07,1313.54,1313.56,0.02,13.2,0.7,11.5,0.9,-0.0,-0.0
1786,1786.11,1313.56,1313.56,0.00,13.4,0.0,11.5,1.9,-0.0,-0.0
1787,1787.07,1313.55,1313.56,0.01,13.8,0.4,11.5,1.9,-0.0,-0.0
1788,1788.11,1313.57,1313.56,-0.01,9.2,-0.4,11.5,-1.9,-0.0,-0.0
1789,1789.08,1313.54,1313.56,0.02,14.1,0.7,11.5,1.9,-0.0,-0.0
1790,1790.04,1313.57,1313.56,-0.01,10.2,-0.4,11.5,-0.9,-0.0,-0.0
1791,1791.07,1313.54,1313.56,0.02,13.2,0.7,11.5,1.0,-0.0,-0.0
1792,1792.04,1313.55,1313.56,0.01,13.8,0.4,11.5,1.9,-0.0,-0.0
1793,1793.09,1313.57,1313.56,-0.01,10.2,-0.4,11.5,-1.0,-0.0,-0.0
1794,1794.05,1313.54,1313.56,0.02,14.1,0.7,11.5,1.9,-0.0,-0.0
1795,1795.09,1313.57,1313.56,-0.01,9.2,-0.4,11.5,-1.9,-0.0,-0.0
1796,1796.05,1313.56,1313.56,0.00,12.5,0.0,11.5,1.0,-0.0,-0.0
1797,1797.09,1313.57,1313.56,-0.01,10.2,-0.4,11.5,-0.9,-0.0,-0.0
1798,1798.06,1313.55,1313.56,0.01,12.8,0.4,11.5,0.9,-0.0,-0.0
1799,1799.10,1313.55,1313.56,0.01,10.9,0.4,11.5,-0.9,-0.0,-0.0
1800,1800.07,1313.59,1313.56,-0.02,7.9,-0.7,11.5,-2.8,-0.0,-0.0
1801,1801.04,1313.56,1313.56,0.00,10.5,0.0,11.5,-0.9,-0.0,-0.0
1802,1802.08,1313.54,1313.56,0.02,17.0,0.7,11.5,4.7,-0.0,-0.0
1803,1803.05,1313.57,1313.56,-0.01,11.1,-0.4,11.5,0.0,-0.0,-0.0
1804,1804.08,1313.55,1313.56,0.01,13.8,0.4,11.5,1.9,-0.0,-0.0
1805,1805.05,1313.54,1313.56,0.02,14.1,0.7,11.5,1.9,-0.0,-0.0
1806,1806.10,1313.55,1313.56,0.01,10.9,0.4,11.5,-0.9,-0.0,-0.0
1807,1807.07,1313.56,1313.56,0.00,12.4,0.0,11.5,0.9,-0.0,-0.0
1808,1808.11,1313.56,1313.56,0.00,12.4,0.0,11.5,1.0,-0.0,-0.0
1809,1809.09,1313.56,1313.56,0.00,11.5,0.0,11.5,0.0,-0.0,-0.0
1810,1810.05,1313.57,1313.56,-0.01,8.2,-0.4,11.5,-2.9,-0.0,-0.0
1811,1811.09,1313.57,1313.56,-0.01,9.2,-0.4,11.5,-1.9,-0.0,-0.0
1812,1812.05,1313.55,1313.56,0.01,14.7,0.4,11.5,2.9,-0.0,-0.0
1813,1813.10,1313.56,1313.56,0.00,12.4,0.0,11.5,0.9,-0.0,-0.0
1814,1814.07,1313.56,1313.56,0.00,11.5,0.0,11.5,0.0,-0.0,-0.0
1815,1815.11,1313.53,1313.56,0.04,16.4,1.1,11.5,3.8,-0.0,-0.0
1816,1816.08,1313.55,1313.56,0.01,12.8,0.4,11.5,0.9,-0.0,-0.0
1817,1817.04,1313.54,1313.56,0.02,13.2,0.7,11.5,1.0,-0.0,-0.0
1818,1818.07,1313.55,1313.56,0.01,12.8,0.4,11.5,1.0,-0.0,-0.0
1819,1819.04,1313.59,1313.56,-0.02,7.9,-0.7,11.5,-2.9,-0.0,-0.0
1820,1820.08,1313.54,1313.56,0.02,15.1,0.7,11.5,2.9,-0.0,-0.0
1821,1821.11,1313.55,1313.56,0.01,9.9,0.4,11.5,-1.9,-0.0,-0.0
1822,1822.07,1313.57,1313.56,-0.01,8.3,-0.4,11.5,-2.8,-0.0,-0.0
1823,1823.04,1313.56,1313.56,0.00,11.5,0.0,11.5,0.0,-0.0,-0.0
1824,1824.09,1313.62,1313.56,-0.06,6.8,-1.8,11.5,-2.8,-0.0,-0.0
1825,1825.05,1313.55,1313.56,0.01,11.8,0.4,11.5,0.0,-0.0,-0.0
1826,1826.10,1313.57,1313.56,-0.01,12.1,-0.4,11.5,0.9,-0.0,-0.0
1827,1827.07,1313.57,1313.56,-0.01,11.1,-0.4,11.5,0.0,-0.0,-0.0
1828,1828.11,1313.56,1313.56,0.00,15.2,0.0,11.5,3.8,-0.0,-0.0
1829,1829.07,1313.57,1313.56,-0.01,10.1,-0.4,11.5,-0.9,-0.0,-0.0
1830,1830.04,1313.55,1313.56,0.01,13.7,0.4,11.4,1.9,-0.0,-0.0
1831,1831.09,1313.57,1313.56,-0.01,9.2,-0.4,11.4,-1.9,-0.0,-0.0
1832,1832.05,1313.57,1313.56,-0.01,10.1,-0.4,11.4,-0.9,-0.0,-0.0
1833,1833.09,1313.55,1313.56,0.01,12.8,0.4,11.4,1.0,-0.0,-0.0
1834,1834.05,1313.56,1313.56,0.00,13.4,0.0,11.4,1.9,-0.0,-0.0
1835,1835.09,1313.54,1313.56,0.02,15.0,0.7,11.4,2.8,-0.0,-0.0
1836,1836.05,1313.55,1313.56,0.01,11.8,0.4,11.5,0.0,-0.0,-0.0
1837,1837.10,1313.59,1313.56,-0.02,8.8,-0.7,11.4,-1.9,-0.0,-0.0
1838,1838.06,1313.56,1313.56,0.00,10.5,0.0,11.4,-0.9,-0.0,-0.0
1839,1839.10,1313.56,1313.56,0.00,12.4,0.0,11.4,0.9,-0.0,-0.0
1840,1840.06,1313.57,1313.56,-0.01,10.1,-0.4,11.4,-1.0,-0.0,-0.0
1841,1841.12,1313.57,1313.56,-0.01,9.2,-0.4,11.4,-1.9,-0.0,-0.0
1842,1842.09,1313.55,1313.56,0.01,11.8,0.4,11.4,0.0,-0.0,-0.0
1843,1843.07,1313.54,1313.56,0.02,15.0,0.7,11.4,2.8,-0.0,-0.0
1844,1844.11,1313.57,1313.56,-0.01,11.1,-0.4,11.4,0.0,-0.0,-0.0
1845,1845.09,1313.57,1313.56,-0.01,11.1,-0.4,11.4,0.0,-0.0,-0.0
1846,1846.06,1313.56,1313.56,0.00,9.5,0.0,11.4,-1.9,-0.0,-0.0
1847,1847.11,1313.56,1313.56,0.00,10.5,0.0,11.4,-1.0,-0.0,-0.0
1848,1848.07,1313.56,1313.56,0.00,11.4,0.0,11.4,0.0,-0.0,-0.0
1849,1849.11,1313.56,1313.56,0.00,10.5,0.0,11.4,-1.0,-0.0,-0.0
1850,1850.07,1313.56,1313.56,0.00,13.3,0.0,11.4,1.9,-0.0,-0.0
1851,1851.11,1313.57,1313.56,-0.01,10.1,-0.4,11.4,-1.0,-0.0,-0.0
1852,1852.08,1313.57,1313.56,-0.01,10.1,-0.4,11.4,-0.9,-0.0,-0.0
1853,1853.05,1313.55,1313.56,0.01,13.7,0.4,11.4,1.9,-0.0,-0.0
1854,1854.09,1313.56,1313.56,0.00,12.4,0.0,11.4,0.9,-0.0,-0.0
1855,1855.05,1313.56,1313.56,0.00,9.5,0.0,11.4,-1.9,-0.0,-0.0
1856,1856.09,1313.57,1313.56,-0.01,11.1,-0.4,11.4,0.0,-0.0,-0.0
1857,1857.07,1313.57,1313.56,-0.01,11.0,-0.4,11.4,0.0,-0.0,-0.0
1858,1858.10,1313.55,1313.56,0.01,14.7,0.4,11.4,2.9,-0.0,-0.0
1859,1859.08,1313.59,1313.56,-0.02,7.8,-0.7,11.4,-2.8,-0.0,-0.0
1860,1860.04,1313.56,1313.56,0.00,10.5,0.0,11.4,-0.9,-0.0,-0.0
1861,1861.11,1313.57,1313.56,-0.01,10.1,-0.4,11.4,-0.9,-0.0,-0.0
1862,1862.07,1313.56,1313.56,0.00,12.4,0.0,11.4,0.9,-0.0,-0.0
1863,1863.11,1313.59,1313.56,-0.02,9.7,-0.7,11.4,-1.0,-0.0,-0.0
1864,1864.09,1313.57,1313.56,-0.01,9.2,-0.4,11.4,-1.9,-0.0,-0.0
1865,1865.06,1313.56,1313.56,0.00,10.4,0.0,11.4,-0.9,-0.0,-0.0
1866,1866.10,1313.57,1313.56,-0.01,12.0,-0.4,11.4,0.9,-0.0,-0.0
1867,1867.05,1313.57,1313.56,-0.01,10.1,-0.4,11.4,-1.0,-0.0,-0.0
1868,1868.10,1313.57,1313.56,-0.01,11.0,-0.4,11.4,0.0,-0.0,-0.0
1869,1869.05,1313.56,1313.56,0.00,14.3,0.0,11.4,2.9,-0.0,-0.0
1870,1870.09,1313.57,1313.56,-0.01,10.0,-0.4,11.4,-1.0,-0.0,-0.0
1871,1871.06,1313.54,1313.56,0.02,14.9,0.7,11.4,2.8,-0.0,-0.0
1872,1872.11,1313.56,1313.56,0.00,11.4,0.0,11.4,0.0,-0.0,-0.0
1873,1873.08,1313.56,1313.56,0.00,13.3,0.0,11.4,1.9,-0.0,-0.0
1874,1874.04,1313.59,1313.56,-0.02,6.8,-0.7,11.4,-3.8,-0.0,-0.0
1875,1875.08,1313.56,1313.56,0.00,11.4,0.0,11.4,0.0,-0.0,-0.0
1876,1876.04,1313.56,1313.56,0.00,13.2,0.0,11.4,1.9,-0.0,-0.0
1877,1877.08,1313.53,1313.56,0.04,16.3,1.1,11.4,3.8,-0.0,-0.0
1878,1878.11,1313.55,1313.56,0.01,15.5,0.4,11.4,3.8,-0.0,-0.0
1879,1879.09,1313.55,1313.56,0.01,13.6,0.4,11.4,1.9,-0.0,-0.0
1880,1880.06,1313.57,1313.56,-0.01,9.1,-0.4,11.4,-1.9,-0.0,-0.0
1881,1881.11,1313.56,1313.56,0.00,8.5,0.0,11.4,-2.8,-0.0,-0.0
1882,1882.07,1313.57,1313.56,-0.01,11.0,-0.4,11.4,0.0,-0.0,-0.0
1883,1883.04,1313.57,1313.56,-0.01,11.0,-0.4,11.4,0.0,-0.0,-0.0
1884,1884.07,1313.54,1313.56,0.02,16.8,0.7,11.4,4.8,-0.0,-0.0
1885,1885.04,1313.51,1313.56,0.05,17.6,1.5,11.4,4.8,-0.0,-0.0
1886,1886.09,1313.59,1313.56,-0.02,8.7,-0.7,11.4,-1.9,-0.0,-0.0
1887,1887.06,1313.57,1313.56,-0.01,11.0,-0.4,11.3,0.0,-0.0,-0.0
1888,1888.13,1313.55,1313.56,0.01,10.8,0.4,11.4,-0.9,-0.0,-0.0
1889,1889.09,1313.57,1313.56,-0.01,10.0,-0.4,11.3,-0.9,-0.0,-0.0
1890,1890.05,1313.56,1313.56,0.00,10.4,0.0,11.3,-1.0,-0.0,-0.0
1891,1891.11,1313.57,1313.56,-0.01,9.1,-0.4,11.3,-1.9,-0.0,-0.0
1892,1892.06,1313.57,1313.56,-0.01,8.1,-0.4,11.3,-2.9,-0.0,-0.0
1893,1893.11,1313.57,1313.56,-0.01,11.0,-0.4,11.3,0.0,-0.0,-0.0
1894,1894.06,1313.55,1313.56,0.01,14.6,0.4,11.3,2.9,-0.0,-0.0
1895,1895.12,1313.55,1313.56,0.01,13.6,0.4,11.3,1.9,-0.0,-0.0
1896,1896.08,1313.55,1313.56,0.01,11.7,0.4,11.3,0.0,-0.0,-0.0
1897,1897.04,1313.56,1313.56,0.00,12.3,0.0,11.3,1.0,-0.0,-0.0
1898,1898.09,1313.59,1313.56,-0.02,9.6,-0.7,11.3,-1.0,-0.0,-0.0
1899,1899.05,1313.55,1313.56,0.01,11.7,0.4,11.3,0.0,-0.0,-0.0
1900,1900.08,1313.55,1313.56,0.01,11.7,0.4,11.3,0.0,-0.0,-0.0
1901,1901.04,1313.54,1313.56,0.02,15.9,0.7,11.3,3.8,-0.0,-0.0
1902,1902.08,1313.56,1313.56,0.00,11.3,0.0,11.3,0.0,-0.0,-0.0
1903,1903.05,1313.57,1313.56,-0.01,11.0,-0.4,11.3,0.0,-0.0,-0.0
1904,1904.10,1313.55,1313.56,0.01,14.6,0.4,11.3,2.9,-0.0,-0.0
1905,1905.06,1313.56,1313.56,0.00,10.4,0.0,11.3,-0.9,-0.0,-0.0
1906,1906.11,1313.56,1313.56,0.00,9.4,0.0,11.3,-1.9,-0.0,-0.0
1907,1907.08,1313.57,1313.56,-0.01,8.1,-0.4,11.3,-2.9,-0.0,-0.0
1908,1908.05,1313.56,1313.56,0.00,12.3,0.0,11.3,0.9,-0.0,-0.0
1909,1909.09,1313.56,1313.56,0.00,10.4,0.0,11.3,-1.0,-0.0,-0.0
1910,1910.05,1313.57,1313.56,-0.01,8.1,-0.4,11.4,-2.9,-0.0,-0.0
1911,1911.11,1313.59,1313.56,-0.02,9.7,-0.7,11.4,-0.9,-0.0,-0.0
1912,1912.08,1313.56,1313.56,0.00,10.4,0.0,11.4,-1.0,-0.0,-0.0
1913,1913.05,1313.57,1313.56,-0.01,7.2,-0.4,11.4,-3.8,-0.0,-0.0
1914,1914.07,1313.55,1313.56,0.01,11.7,0.4,11.4,0.0,-0.0,-0.0
1915,1915.04,1313.56,1313.56,0.00,10.4,0.0,11.4,-1.0,-0.0,-0.0
1916,1916.08,1313.55,1313.56,0.01,13.6,0.4,11.4,1.9,-0.0,-0.0
1917,1917.05,1313.57,1313.56,-0.01,7.2,-0.4,11.4,-3.8,-0.0,-0.0
1918,1918.08,1313.54,1313.56,0.02,13.1,0.7,11.4,1.0,-0.0,-0.0
1919,1919.11,1313.59,1313.56,-0.02,8.7,-0.7,11.4,-1.9,-0.0,-0.0
1920,1920.08,1313.56,1313.56,0.00,13.2,0.0,11.4,1.9,-0.0,-0.0
1921,1921.05,1313.56,1313.56,0.00,12.3,0.0,11.3,1.0,-0.0,-0.0
1922,1922.09,1313.56,1313.56,0.00,11.3,0.0,11.3,0.0,-0.0,-0.0
1923,1923.07,1313.55,1313.56,0.01,11.7,0.4,11.3,0.0,-0.0,-0.0
1924,1924.11,1313.59,1313.56,-0.02,9.7,-0.7,11.3,-0.9,-0.0,-0.0
1925,1925.08,1313.55,1313.56,0.01,14.5,0.4,11.3,2.8,-0.0,-0.0
1926,1926.05,1313.56,1313.56,0.00,13.2,0.0,11.3,1.9,-0.0,-0.0
1927,1927.11,1313.56,1313.56,0.00,8.5,0.0,11.3,-2.8,-0.0,-0.0
1928,1928.08,1313.59,1313.56,-0.02,7.7,-0.7,11.3,-2.9,-0.0,-0.0
1929,1929.05,1313.55,1313.56,0.01,12.7,0.4,11.3,1.0,-0.0,-0.0
1930,1930.09,1313.57,1313.56,-0.01,9.1,-0.4,11.3,-1.9,-0.0,-0.0
1931,1931.07,1313.55,1313.56,0.01,11.7,0.4,11.3,0.0,-0.0,-0.0
1932,1932.11,1313.55,1313.56,0.01,12.6,0.4,11.3,1.0,-0.0,-0.0
1933,1933.08,1313.55,1313.56,0.01,11.7,0.4,11.3,0.0,-0.0,-0.0
1934,1934.04,1313.57,1313.56,-0.01,11.0,-0.4,11.3,0.0,-0.0,-0.0
1935,1935.10,1313.57,1313.56,-0.01,11.0,-0.4,11.3,0.0,-0.0,-0.0
1936,1936.07,1313.57,1313.56,-0.01,11.0,-0.4,11.3,0.0,-0.0,-0.0
1937,1937.11,1313.55,1313.56,0.01,10.8,0.4,11.3,-0.9,-0.0,-0.0
1938,1938.08,1313.56,1313.56,0.00,11.3,0.0,11.3,0.0,-0.0,-0.0
1939,1939.04,1313.56,1313.56,0.00,12.3,0.0,11.4,1.0,-0.0,-0.0
1940,1940.09,1313.56,1313.56,0.00,12.3,0.0,11.4,0.9,-0.0,-0.0
1941,1941.07,1313.56,1313.56,0.00,12.3,0.0,11.4,0.9,-0.0,-0.0
1942,1942.12,1313.55,1313.56,0.01,12.7,0.4,11.4,0.9,-0.0,-0.0
1943,1943.09,1313.57,1313.56,-0.01,11.9,-0.4,11.3,0.9,-0.0,-0.0
1944,1944.06,1313.57,1313.56,-0.01,9.1,-0.4,11.4,-1.9,-0.0,-0.0
1945,1945.11,1313.56,1313.56,0.00,12.3,0.0,11.3,0.9,-0.0,-0.0
1946,1946.08,1313.51,1313.56,0.05,18.6,1.5,11.4,5.8,-0.0,-0.0
1947,1947.04,1313.56,1313.56,0.00,9.5,0.0,11.4,-1.9,-0.0,-0.0
1948,1948.08,1313.57,1313.56,-0.01,10.0,-0.4,11.4,-1.0,-0.0,-0.0
1949,1949.05,1313.55,1313.56,0.01,11.7,0.4,11.4,0.0,-0.0,-0.0
1950,1950.09,1313.57,1313.56,-0.01,10.0,-0.4,11.4,-1.0,-0.0,-0.0
1951,1951.06,1313.57,1313.56,-0.01,8.2,-0.4,11.4,-2.8,-0.0,-0.0
1952,1952.11,1313.54,1313.56,0.02,15.0,0.7,11.4,2.8,-0.0,-0.0
1953,1953.07,1313.57,1313.56,-0.01,10.1,-0.4,11.4,-0.9,-0.0,-0.0
1954,1954.11,1313.55,1313.56,0.01,14.6,0.4,11.4,2.9,-0.0,-0.0
1955,1955.08,1313.55,1313.56,0.01,11.7,0.4,11.4,0.0,-0.0,-0.0
1956,1956.05,1313.57,1313.56,-0.01,11.0,-0.4,11.4,0.0,-0.0,-0.0
1957,1957.10,1313.59,1313.56,-0.02,5.9,-0.7,11.4,-4.7,-0.0,-0.0
1958,1958.06,1313.59,1313.56,-0.02,7.8,-0.7,11.4,-2.9,-0.0,-0.0
1959,1959.11,1313.57,1313.56,-0.01,11.9,-0.4,11.4,0.9,-0.0,-0.0
1960,1960.08,1313.57,1313.56,-0.01,10.0,-0.4,11.4,-0.9,-0.0,-0.0
1961,1961.05,1313.55,1313.56,0.01,11.7,0.4,11.4,0.0,-0.0,-0.0
1962,1962.11,1313.57,1313.56,-0.01,8.2,-0.4,11.4,-2.8,-0.0,-0.0
1963,1963.07,1313.56,1313.56,0.00,12.3,0.0,11.4,1.0,-0.0,-0.0
1964,1964.11,1313.57,1313.56,-0.01,8.1,-0.4,11.4,-2.9,-0.0,-0.0
1965,1965.09,1313.56,1313.56,0.00,10.4,0.0,11.4,-0.9,-0.0,-0.0
1966,1966.05,1313.59,1313.56,-0.02,9.7,-0.7,11.3,-1.0,-0.0,-0.0
1967,1967.09,1313.54,1313.56,0.02,14.0,0.7,11.3,1.9,-0.0,-0.0
1968,1968.05,1313.56,1313.56,0.00,11.4,0.0,11.4,0.0,-0.0,-0.0
1969,1969.10,1313.56,1313.56,0.00,13.2,0.0,11.4,1.9,-0.0,-0.0
1970,1970.05,1313.55,1313.56,0.01,13.6,0.4,11.4,1.9,-0.0,-0.0
1971,1971.10,1313.56,1313.56,0.00,11.4,0.0,11.4,0.0,-0.0,-0.0
1972,1972.07,1313.55,1313.56,0.01,12.7,0.4,11.4,1.0,-0.0,-0.0
1973,1973.11,1313.55,1313.56,0.01,13.6,0.4,11.4,1.9,-0.0,-0.0
1974,1974.06,1313.57,1313.56,-0.01,11.0,-0.4,11.3,0.0,-0.0,-0.0
1975,1975.10,1313.57,1313.56,-0.01,8.1,-0.4,11.3,-2.9,-0.0,-0.0
1976,1976.06,1313.56,1313.56,0.00,9.5,0.0,11.3,-1.9,-0.0,-0.0
1977,1977.11,1313.59,1313.56,-0.02,9.7,-0.7,11.3,-1.0,-0.0,-0.0
1978,1978.07,1313.53,1313.56,0.04,16.2,1.1,11.3,3.8,-0.0,-0.0
1979,1979.12,1313.57,1313.56,-0.01,11.0,-0.4,11.3,0.0,-0.0,-0.0
1980,1980.08,1313.55,1313.56,0.01,11.7,0.4,11.3,0.0,-0.0,-0.0
1981,1981.05,1313.56,1313.56,0.00,12.3,0.0,11.3,0.9,-0.0,-0.0
1982,1982.10,1313.56,1313.56,0.00,13.2,0.0,11.3,1.9,-0.0,-0.0
1983,1983.07,1313.56,1313.56,0.00,9.5,0.0,11.4,-1.9,-0.0,-0.0
1984,1984.10,1313.57,1313.56,-0.01,10.0,-0.4,11.4,-0.9,-0.0,-0.0
1985,1985.06,1313.55,1313.56,0.01,13.6,0.4,11.4,1.9,-0.0,-0.0
1986,1986.10,1313.53,1313.56,0.04,16.3,1.1,11.4,3.8,-0.0,-0.0
1987,1987.08,1313.55,1313.56,0.01,13.6,0.4,11.4,1.9,-0.0,-0.0
1988,1988.04,1313.56,1313.56,0.00,8.5,0.0,11.4,-2.8,-0.0,-0.0
1989,1989.10,1313.56,1313.56,0.00,11.4,0.0,11.4,0.0,-0.0,-0.0
1990,1990.05,1313.55,1313.56,0.01,12.7,0.4,11.4,1.0,-0.0,-0.0
1991,1991.04,1313.57,1313.56,-0.01,11.0,-0.4,11.4,0.0,-0.0,-0.0
1992,1992.09,1313.55,1313.56,0.01,13.6,0.4,11.4,1.9,-0.0,-0.0
1993,1993.07,1313.59,1313.56,-0.02,9.7,-0.7,11.4,-0.9,-0.0,-0.0
1994,1994.11,1313.55,1313.56,0.01,15.6,0.4,11.4,3.8,-0.0,-0.0
1995,1995.07,1313.57,1313.56,-0.01,11.0,-0.4,11.4,0.0,-0.0,-0.0
1996,1996.11,1313.56,1313.56,0.00,12.3,0.0,11.4,1.0,-0.0,-0.0
1997,1997.06,1313.55,1313.56,0.01,13.7,0.4,11.4,1.9,-0.0,-0.0
1998,1998.10,1313.57,1313.56,-0.01,11.0,-0.4,11.4,0.0,-0.0,-0.0
1999,1999.07,1313.56,1313.56,0.00,11.3,0.0,11.3,0.0,-0.0,-0.0
2000,2000.11,1313.57,1313.56,-0.01,9.1,-0.4,11.3,-1.9,-0.0,-0.0
2001,2001.08,1313.55,1313.56,0.01,10.8,0.4,11.4,-0.9,-0.0,-0.0
2002,2002.05,1313.55,1313.56,0.01,14.5,0.4,11.3,2.8,-0.0,-0.0
2003,2003.10,1313.57,1313.56,-0.01,9.1,-0.4,11.3,-1.9,-0.0,-0.0
2004,2004.06,1313.56,1313.56,0.00,12.3,0.0,11.3,0.9,-0.0,-0.0
2005,2005.11,1313.57,1313.56,-0.01,9.1,-0.4,11.3,-1.9,-0.0,-0.0
2006,2006.07,1313.54,1313.56,0.02,15.0,0.7,11.3,2.9,-0.0,-0.0
2007,2007.04,1313.57,1313.56,-0.01,7.2,-0.4,11.3,-3.8,-0.0,-0.0
2008,2008.08,1313.54,1313.56,0.02,14.9,0.7,11.3,2.8,-0.0,-0.0
2009,2009.05,1313.55,1313.56,0.01,13.6,0.4,11.3,1.9,-0.0,-0.0
2010,2010.10,1313.50,1313.56,0.06,19.9,1.8,11.3,6.7,-0.0,-0.0
2011,2011.07,1313.57,1313.56,-0.01,7.2,-0.4,11.4,-3.8,-0.0,-0.0
2012,2012.10,1313.57,1313.56,-0.01,8.1,-0.4,11.4,-2.8,-0.0,-0.0
2013,2013.07,1313.57,1313.56,-0.01,11.0,-0.4,11.3,0.0,-0.0,-0.0
2014,2014.04,1313.54,1313.56,0.02,15.8,0.7,11.4,3.8,-0.0,-0.0
2015,2015.10,1313.54,1313.56,0.02,12.1,0.7,11.4,0.0,-0.0,-0.0
2016,2016.06,1313.54,1313.56,0.02,14.9,0.7,11.4,2.9,-0.0,-0.0
2017,2017.11,1313.57,1313.56,-0.01,10.0,-0.4,11.4,-1.0,-0.0,-0.0
2018,2018.07,1313.56,1313.56,0.00,11.4,0.0,11.4,0.0,-0.0,-0.0
2019,2019.11,1313.55,1313.56,0.01,11.8,0.4,11.4,0.0,-0.0,-0.0
2020,2020.09,1313.55,1313.56,0.01,14.5,0.4,11.4,2.8,-0.0,-0.0
2021,2021.11,1313.53,1313.56,0.04,14.4,1.1,11.4,1.9,-0.0,-0.0
2022,2022.09,1313.57,1313.56,-0.01,10.1,-0.4,11.4,-0.9,-0.0,-0.0
2023,2023.04,1313.59,1313.56,-0.02,9.7,-0.7,11.4,-1.0,-0.0,-0.0
2024,2024.08,1313.57,1313.56,-0.01,9.1,-0.4,11.4,-1.9,-0.0,-0.0
2025,2025.06,1313.57,1313.56,-0.01,11.0,-0.4,11.4,0.0,-0.0,-0.0
2026,2026.11,1313.56,1313.56,0.00,12.3,0.0,11.4,1.0,-0.0,-0.0
2027,2027.08,1313.57,1313.56,-0.01,8.2,-0.4,11.4,-2.8,-0.0,-0.0
2028,2028.04,1313.57,1313.56,-0.01,10.0,-0.4,11.4,-1.0,-0.0,-0.0
2029,2029.09,1313.54,1313.56,0.02,14.9,0.7,11.4,2.8,-0.0,-0.0
2030,2030.05,1313.57,1313.56,-0.01,12.9,-0.4,11.4,1.9,-0.0,-0.0
2031,2031.10,1313.55,1313.56,0.01,13.6,0.4,11.4,1.9,-0.0,-0.0
2032,2032.07,1313.55,1313.56,0.01,11.7,0.4,11.4,0.0,-0.0,-0.0
2033,2033.11,1313.57,1313.56,-0.01,9.1,-0.4,11.4,-1.9,-0.0,-0.0
2034,2034.09,1313.57,1313.56,-0.01,11.9,-0.4,11.4,0.9,-0.0,-0.0
2035,2035.05,1313.57,1313.56,-0.01,11.0,-0.4,11.4,0.0,-0.0,-0.0
2036,2036.11,1313.56,1313.56,0.00,12.3,0.0,11.4,0.9,-0.0,-0.0
2037,2037.08,1313.57,1313.56,-0.01,9.1,-0.4,11.4,-1.9,-0.0,-0.0
2038,2038.04,1313.55,1313.56,0.01,12.7,0.4,11.4,1.0,-0.0,-0.0
2039,2039.08,1313.55,1313.56,0.01,13.6,0.4,11.4,1.9,-0.0,-0.0
2040,2040.05,1313.60,1313.56,-0.04,8.3,-1.1,11.3,-1.9,-0.0,-0.0
2041,2041.09,1313.55,1313.56,0.01,11.7,0.4,11.3,0.0,-0.0,-0.0
2042,2042.04,1313.56,1313.56,0.00,12.3,0.0,11.3,1.0,-0.0,-0.0
2043,2043.09,1313.56,1313.56,0.00,10.4,0.0,11.4,-0.9,-0.0,-0.0
2044,2044.06,1313.55,1313.56,0.01,13.6,0.4,11.4,1.9,-0.0,-0.0
2045,2045.12,1313.57,1313.56,-0.01,11.0,-0.4,11.4,0.0,-0.0,-0.0
2046,2046.09,1313.57,1313.56,-0.01,11.0,-0.4,11.3,0.0,-0.0,-0.0
2047,2047.05,1313.57,1313.56,-0.01,11.0,-0.4,11.3,0.0,-0.0,-0.0
2048,2048.10,1313.57,1313.56,-0.01,10.0,-0.4,11.3,-0.9,-0.0,-0.0
2049,2049.06,1313.54,1313.56,0.02,13.0,0.7,11.3,1.0,-0.0,-0.0
2050,2050.04,1313.57,1313.56,-0.01,12.8,-0.4,11.3,1.9,-0.0,-0.0
2051,2051.09,1313.54,1313.56,0.02,14.9,0.7,11.3,2.9,-0.0,-0.0
2052,2052.06,1313.55,1313.56,0.01,12.6,0.4,11.3,1.0,-0.0,-0.0
2053,2053.10,1313.55,1313.56,0.01,11.7,0.4,11.3,0.0,-0.0,-0.0
2054,2054.08,1313.59,1313.56,-0.02,8.7,-0.7,11.3,-1.9,-0.0,-0.0
2055,2055.05,1313.57,1313.56,-0.01,9.1,-0.4,11.3,-1.9,-0.0,-0.0
2056,2056.09,1313.54,1313.56,0.02,13.0,0.7,11.3,0.9,-0.0,-0.0
2057,2057.07,1313.54,1313.56,0.02,14.0,0.7,11.3,1.9,-0.0,-0.0
2058,2058.04,1313.57,1313.56,-0.01,9.1,-0.4,11.4,-1.9,-0.0,-0.0
2059,2059.10,1313.56,1313.56,0.00,10.4,0.0,11.3,-0.9,-0.0,-0.0
2060,2060.07,1313.60,1313.56,-0.04,4.6,-1.1,11.3,-5.7,-0.0,-0.0
2061,2061.04,1313.55,1313.56,0.01,10.8,0.4,11.4,-1.0,-0.0,-0.0
2062,2062.08,1313.57,1313.56,-0.01,9.1,-0.4,11.3,-1.9,-0.0,-0.0
2063,2063.04,1313.55,1313.56,0.01,9.8,0.4,11.4,-1.9,-0.0,-0.0
2064,2064.08,1313.53,1313.56,0.04,16.3,1.1,11.4,3.8,-0.0,-0.0
2065,2065.05,1313.53,1313.56,0.04,17.2,1.1,11.4,4.8,-0.0,-0.0
2066,2066.07,1313.57,1313.56,-0.01,9.1,-0.4,11.4,-1.9,-0.0,-0.0
2067,2067.11,1313.57,1313.56,-0.01,11.0,-0.4,11.4,0.0,-0.0,-0.0
2068,2068.08,1313.59,1313.56,-0.02,4.1,-0.7,11.4,-6.6,-0.0,-0.0
2069,2069.04,1313.57,1313.56,-0.01,9.1,-0.4,11.4,-1.9,-0.0,-0.0
2070,2070.08,1313.56,1313.56,0.00,12.3,0.0,11.4,1.0,-0.0,-0.0
2071,2071.05,1313.57,1313.56,-0.01,9.1,-0.4,11.4,-1.9,-0.0,-0.0
2072,2072.09,1313.55,1313.56,0.01,14.7,0.4,11.4,2.9,-0.0,-0.0
2073,2073.05,1313.55,1313.56,0.01,12.7,0.4,11.4,0.9,-0.0,-0.0
2074,2074.08,1313.56,1313.56,0.00,12.3,0.0,11.4,1.0,-0.0,-0.0
2075,2075.04,1313.57,1313.56,-0.01,10.1,-0.4,11.4,-1.0,-0.0,-0.0
2076,2076.08,1313.56,1313.56,0.00,10.4,0.0,11.4,-0.9,-0.0,-0.0
2077,2077.04,1313.56,1313.56,0.00,11.4,0.0,11.4,0.0,-0.0,-0.0
2078,2078.09,1313.53,1313.56,0.04,14.4,1.1,11.4,1.9,-0.0,-0.0
2079,2079.07,1313.55,1313.56,0.01,13.6,0.4,11.4,1.9,-0.0,-0.0
2080,2080.11,1313.57,1313.56,-0.01,9.1,-0.4,11.4,-1.9,-0.0,-0.0
2081,2081.09,1313.59,1313.56,-0.02,10.7,-0.7,11.4,0.0,-0.0,-0.0
2082,2082.05,1313.56,1313.56,0.00,12.3,0.0,11.4,1.0,-0.0,-0.0
2083,2083.11,1313.57,1313.56,-0.01,12.0,-0.4,11.4,0.9,-0.0,-0.0
2084,2084.07,1313.57,1313.56,-0.01,9.1,-0.4,11.4,-1.9,-0.0,-0.0
2085,2085.11,1313.54,1313.56,0.02,15.0,0.7,11.4,2.8,-0.0,-0.0
2086,2086.06,1313.55,1313.56,0.01,12.7,0.4,11.4,1.0,-0.0,-0.0
2087,2087.11,1313.54,1313.56,0.02,12.1,0.7,11.4,0.0,-0.0,-0.0
2088,2088.08,1313.56,1313.56,0.00,12.4,0.0,11.4,0.9,-0.0,-0.0
2089,2089.04,1313.55,1313.56,0.01,12.7,0.4,11.4,0.9,-0.0,-0.0
2090,2090.07,1313.57,1313.56,-0.01,10.1,-0.4,11.4,-1.0,-0.0,-0.0
2091,2091.04,1313.54,1313.56,0.02,14.1,0.7,11.4,1.9,-0.0,-0.0
2092,2092.09,1313.60,1313.56,-0.04,7.5,-1.1,11.4,-2.8,-0.0,-0.0
2093,2093.06,1313.55,1313.56,0.01,12.7,0.4,11.4,0.9,-0.0,-0.0
2094,2094.10,1313.56,1313.56,0.00,10.5,0.0,11.4,-1.0,-0.0,-0.0
2095,2095.07,1313.55,1313.56,0.01,11.8,0.4,11.4,0.0,-0.0,-0.0
2096,2096.04,1313.57,1313.56,-0.01,11.1,-0.4,11.4,0.0,-0.0,-0.0
2097,2097.09,1313.56,1313.56,0.00,9.5,0.0,11.4,-1.9,-0.0,-0.0
2098,2098.07,1313.55,1313.56,0.01,13.6,0.4,11.4,1.9,-0.0,-0.0
2099,2099.06,1313.55,1313.56,0.01,13.6,0.4,11.4,1.8,-0.0,-0.0
2100,2100.10,1313.57,1313.56,-0.01,10.1,-0.4,11.4,-0.9,-0.0,-0.0
2101,2101.08,1313.57,1313.56,-0.01,9.2,-0.4,11.4,-1.9,-0.0,-0.0
2102,2102.04,1313.57,1313.56,-0.01,9.2,-0.4,11.4,-1.9,-0.0,-0.0
2103,2103.09,1313.56,1313.56,0.00,12.4,0.0,11.4,0.9,-0.0,-0.0
2104,2104.07,1313.57,1313.56,-0.01,8.2,-0.4,11.4,-2.8,-0.0,-0.0
2105,2105.11,1313.56,1313.56,0.00,11.4,0.0,11.4,0.0,-0.0,-0.0
2106,2106.07,1313.57,1313.56,-0.01,10.1,-0.4,11.4,-1.0,-0.0,-0.0
2107,2107.11,1313.59,1313.56,-0.02,6.9,-0.7,11.4,-3.8,-0.0,-0.0
2108,2108.09,1313.57,1313.56,-0.01,11.0,-0.4,11.4,0.0,-0.0,-0.0
2109,2109.05,1313.56,1313.56,0.00,13.3,0.0,11.4,1.9,-0.0,-0.0
2110,2110.10,1313.59,1313.56,-0.02,7.8,-0.7,11.4,-2.8,-0.0,-0.0
2111,2111.07,1313.57,1313.56,-0.01,11.0,-0.4,11.4,0.0,-0.0,-0.0
2112,2112.12,1313.56,1313.56,0.00,10.5,0.0,11.4,-0.9,-0.0,-0.0
2113,2113.08,1313.57,1313.56,-0.01,9.1,-0.4,11.4,-1.9,-0.0,-0.0
2114,2114.05,1313.57,1313.56,-0.01,11.0,-0.4,11.4,0.0,-0.0,-0.0
2115,2115.09,1313.57,1313.56,-0.01,8.2,-0.4,11.4,-2.9,-0.0,-0.0
2116,2116.05,1313.57,1313.56,-0.01,9.1,-0.4,11.4,-1.9,-0.0,-0.0
2117,2117.10,1313.57,1313.56,-0.01,10.1,-0.4,11.4,-0.9,-0.0,-0.0
2118,2118.05,1313.57,1313.56,-0.01,10.1,-0.4,11.4,-1.0,-0.0,-0.0
2119,2119.11,1313.56,1313.56,0.00,10.5,0.0,11.4,-0.9,-0.0,-0.0
2120,2120.06,1313.54,1313.56,0.02,13.1,0.7,11.4,0.9,-0.0,-0.0
2121,2121.11,1313.55,1313.56,0.01,13.7,0.4,11.4,1.9,-0.0,-0.0
2122,2122.07,1313.57,1313.56,-0.01,10.1,-0.4,11.4,-0.9,-0.0,-0.0
2123,2123.11,1313.55,1313.56,0.01,13.7,0.4,11.4,1.9,-0.0,-0.0
2124,2124.07,1313.56,1313.56,0.00,10.4,0.0,11.4,-1.0,-0.0,-0.0
2125,2125.11,1313.57,1313.56,-0.01,10.1,-0.4,11.4,-1.0,-0.0,-0.0
2126,2126.07,1313.55,1313.56,0.01,10.8,0.4,11.4,-1.0,-0.0,-0.0
2127,2127.04,1313.54,1313.56,0.02,15.0,0.7,11.4,2.9,-0.0,-0.0
2128,2128.09,1313.56,1313.56,0.00,10.4,0.0,11.4,-1.0,-0.0,-0.0
2129,2129.05,1313.56,1313.56,0.00,9.5,0.0,11.4,-1.9,-0.0,-0.0
2130,2130.10,1313.54,1313.56,0.02,15.0,0.7,11.4,2.8,-0.0,-0.0
2131,2131.07,1313.56,1313.56,0.00,9.5,0.0,11.4,-1.9,-0.0,-0.0
2132,2132.05,1313.57,1313.56,-0.01,10.1,-0.4,11.4,-0.9,-0.0,-0.0
2133,2133.10,1313.56,1313.56,0.00,10.5,0.0,11.4,-0.9,-0.0,-0.0
2134,2134.08,1313.54,1313.56,0.02,13.1,0.7,11.4,0.9,-0.0,-0.0
2135,2135.11,1313.54,1313.56,0.02,16.0,0.7,11.4,3.8,-0.0,-0.0
2136,2136.07,1313.55,1313.56,0.01,11.8,0.4,11.4,0.0,-0.0,-0.0
2137,2137.04,1313.56,1313.56,0.00,13.3,0.0,11.4,1.9,-0.0,-0.0
2138,2138.10,1313.55,1313.56,0.01,8.0,0.4,11.4,-3.8,-0.0,-0.0
2139,2139.07,1313.57,1313.56,-0.01,10.1,-0.4,11.4,-0.9,-0.0,-0.0
2140,2140.11,1313.56,1313.56,0.00,13.3,0.0,11.4,1.9,-0.0,-0.0
2141,2141.08,1313.54,1313.56,0.02,13.1,0.7,11.4,0.9,-0.0,-0.0
2142,2142.04,1313.56,1313.56,0.00,12.4,0.0,11.4,1.0,-0.0,-0.0
2143,2143.08,1313.55,1313.56,0.01,12.8,0.4,11.4,1.0,-0.0,-0.0
2144,2144.05,1313.57,1313.56,-0.01,10.1,-0.4,11.4,-1.0,-0.0,-0.0
2145,2145.11,1313.57,1313.56,-0.01,10.1,-0.4,11.4,-0.9,-0.0,-0.0
2146,2146.07,1313.57,1313.56,-0.01,11.1,-0.4,11.4,0.0,-0.0,-0.0
2147,2147.12,1313.59,1313.56,-0.02,6.8,-0.7,11.4,-3.8,-0.0,-0.0
2148,2148.07,1313.56,1313.56,0.00,11.4,0.0,11.4,0.0,-0.0,-0.0
2149,2149.12,1313.56,1313.56,0.00,13.3,0.0,11.4,1.9,-0.0,-0.0
2150,2150.08,1313.55,1313.56,0.01,12.7,0.4,11.4,1.0,-0.0,-0.0
2151,2151.06,1313.56,1313.56,0.00,12.3,0.0,11.4,0.9,-0.0,-0.0
2152,2152.10,1313.57,1313.56,-0.01,11.0,-0.4,11.4,0.0,-0.0,-0.0
2153,2153.06,1313.56,1313.56,0.00,10.5,0.0,11.4,-0.9,-0.0,-0.0
2154,2154.10,1313.54,1313.56,0.02,14.0,0.7,11.4,1.9,-0.0,-0.0
2155,2155.08,1313.57,1313.56,-0.01,11.0,-0.4,11.4,0.0,-0.0,-0.0
2156,2156.04,1313.56,1313.56,0.00,11.4,0.0,11.4,0.0,-0.0,-0.0
2157,2157.10,1313.56,1313.56,0.00,9.5,0.0,11.4,-1.9,-0.0,-0.0
2158,2158.07,1313.54,1313.56,0.02,15.9,0.7,11.4,3.8,-0.0,-0.0
2159,2159.04,1313.55,1313.56,0.01,10.8,0.4,11.4,-0.9,-0.0,-0.0
2160,2160.08,1313.57,1313.56,-0.01,11.0,-0.4,11.4,0.0,-0.0,-0.0
2161,2161.06,1313.56,1313.56,0.00,11.4,0.0,11.4,0.0,-0.0,-0.0
2162,2162.09,1313.57,1313.56,-0.01,9.1,-0.4,11.4,-1.9,-0.0,-0.0
2163,2163.07,1313.56,1313.56,0.00,11.4,0.0,11.4,0.0,-0.0,-0.0
2164,2164.11,1313.59,1313.56,-0.02,6.9,-0.7,11.4,-3.8,-0.0,-0.0
2165,2165.08,1313.56,1313.56,0.00,12.3,0.0,11.4,0.9,-0.0,-0.0
2166,2166.05,1313.56,1313.56,0.00,12.4,0.0,11.4,0.9,-0.0,-0.0
2167,2167.10,1313.55,1313.56,0.01,13.7,0.4,11.4,1.9,-0.0,-0.0
2168,2168.11,1313.55,1313.56,0.01,10.8,0.4,11.4,-1.0,-0.0,-0.0
2169,2169.09,1313.57,1313.56,-0.01,9.2,-0.4,11.4,-1.9,-0.0,-0.0
2170,2170.06,1313.56,1313.56,0.00,11.4,0.0,11.4,0.0,-0.0,-0.0
2171,2171.10,1313.56,1313.56,0.00,12.4,0.0,11.4,1.0,-0.0,-0.0
2172,2172.07,1313.57,1313.56,-0.01,8.2,-0.4,11.4,-2.8,-0.0,-0.0
2173,2173.04,1313.56,1313.56,0.00,11.4,0.0,11.4,0.0,-0.0,-0.0
2174,2174.09,1313.55,1313.56,0.01,12.7,0.4,11.4,0.9,-0.0,-0.0
2175,2175.05,1313.56,1313.56,0.00,13.3,0.0,11.4,1.9,-0.0,-0.0
2176,2176.10,1313.57,1313.56,-0.01,9.1,-0.4,11.4,-1.9,-0.0,-0.0
2177,2177.07,1313.55,1313.56,0.01,13.7,0.4,11.4,1.9,-0.0,-0.0
2178,2178.12,1313.53,1313.56,0.04,15.4,1.1,11.4,2.9,-0.0,-0.0
2179,2179.09,1313.60,1313.56,-0.04,10.3,-1.1,11.4,0.0,-0.0,-0.0
2180,2180.06,1313.54,1313.56,0.02,13.1,0.7,11.4,0.9,-0.0,-0.0
2181,2181.11,1313.53,1313.56,0.04,13.5,1.1,11.4,0.9,-0.0,-0.0
2182,2182.08,1313.59,1313.56,-0.02,9.8,-0.7,11.4,-0.9,-0.0,-0.0
2183,2183.04,1313.59,1313.56,-0.02,9.7,-0.7,11.4,-1.0,-0.0,-0.0
2184,2184.09,1313.57,1313.56,-0.01,11.0,-0.4,11.4,0.0,-0.0,-0.0
2185,2185.07,1313.55,1313.56,0.01,13.7,0.4,11.4,1.9,-0.0,-0.0
2186,2186.04,1313.56,1313.56,0.00,10.5,0.0,11.4,-0.9,-0.0,-0.0
2187,2187.07,1313.56,1313.56,0.00,10.5,0.0,11.4,-1.0,-0.0,-0.0
2188,2188.11,1313.56,1313.56,0.00,12.4,0.0,11.4,1.0,-0.0,-0.0
2189,2189.08,1313.57,1313.56,-0.01,9.1,-0.4,11.4,-1.9,-0.0,-0.0
2190,2190.04,1313.57,1313.56,-0.01,6.3,-0.4,11.4,-4.7,-0.0,-0.0
2191,2191.09,1313.55,1313.56,0.01,12.7,0.4,11.4,0.9,-0.0,-0.0
2192,2192.05,1313.56,1313.56,0.00,11.4,0.0,11.4,0.0,-0.0,-0.0
2193,2193.11,1313.55,1313.56,0.01,11.8,0.4,11.4,0.0,-0.0,-0.0
2194,2194.07,1313.57,1313.56,-0.01,8.2,-0.4,11.4,-2.8,-0.0,-0.0
2195,2195.04,1313.55,1313.56,0.01,12.7,0.4,11.4,0.9,-0.0,-0.0
2196,2196.08,1313.56,1313.56,0.00,13.4,0.0,11.4,1.9,-0.0,-0.0
2197,2197.05,1313.57,1313.56,-0.01,10.1,-0.4,11.4,-1.0,-0.0,-0.0
2198,2198.10,1313.56,1313.56,0.00,8.6,0.0,11.4,-2.9,-0.0,-0.0
2199,2199.07,1313.57,1313.56,-0.01,10.1,-0.4,11.4,-0.9,-0.0,-0.0
2200,2200.09,1313.54,1313.56,0.02,15.1,0.7,11.4,2.9,-0.0,-0.0
2201,2201.07,1313.59,1313.56,-0.02,9.7,-0.7,11.4,-0.9,-0.0,-0.0
2202,2202.11,1313.56,1313.56,0.00,12.4,0.0,11.4,0.9,-0.0,-0.0
2203,2203.08,1313.54,1313.56,0.02,15.0,0.7,11.4,2.8,-0.0,-0.0
2204,2204.04,1313.54,1313.56,0.02,13.1,0.7,11.4,0.9,-0.0,-0.0
2205,2205.09,1313.56,1313.56,0.00,12.4,0.0,11.4,0.9,-0.0,-0.0
2206,2206.06,1313.54,1313.56,0.02,15.0,0.7,11.4,2.8,-0.0,-0.0
2207,2207.11,1313.56,1313.56,0.00,11.4,0.0,11.4,0.0,-0.0,-0.0
2208,2208.08,1313.56,1313.56,0.00,10.5,0.0,11.4,-0.9,-0.0,-0.0
2209,2209.05,1313.55,1313.56,0.01,13.7,0.4,11.4,1.9,-0.0,-0.0
2210,2210.09,1313.55,1313.56,0.01,13.7,0.4,11.4,1.9,-0.0,-0.0
2211,2211.07,1313.57,1313.56,-0.01,12.0,-0.4,11.4,0.9,-0.0,-0.0
2212,2212.12,1313.56,1313.56,0.00,12.3,0.0,11.4,0.9,-0.0,-0.0
2213,2213.08,1313.59,1313.56,-0.02,9.7,-0.7,11.4,-0.9,-0.0,-0.0
2214,2214.05,1313.56,1313.56,0.00,11.4,0.0,11.4,0.0,-0.0,-0.0
2215,2215.09,1313.56,1313.56,0.00,12.4,0.0,11.4,0.9,-0.0,-0.0
2216,2216.05,1313.56,1313.56,0.00,13.3,0.0,11.4,1.9,-0.0,-0.0
2217,2217.09,1313.53,1313.56,0.04,17.4,1.1,11.4,4.9,-0.0,-0.0
2218,2218.06,1313.61,1313.56,-0.05,6.2,-1.5,11.4,-3.8,-0.0,-0.0
2219,2219.10,1313.56,1313.56,0.00,9.5,0.0,11.4,-1.9,-0.0,-0.0
2220,2220.07,1313.56,1313.56,0.00,13.3,0.0,11.4,1.9,-0.0,-0.0
2221,2221.12,1313.57,1313.56,-0.01,9.1,-0.4,11.4,-1.9,-0.0,-0.0
2222,2222.08,1313.57,1313.56,-0.01,10.1,-0.4,11.4,-0.9,-0.0,-0.0
2223,2223.05,1313.55,1313.56,0.01,12.7,0.4,11.4,1.0,-0.0,-0.0
2224,2224.10,1313.56,1313.56,0.00,13.3,0.0,11.4,1.9,-0.0,-0.0
2225,2225.05,1313.51,1313.56,0.05,16.7,1.5,11.4,3.8,-0.0,-0.0
2226,2226.09,1313.55,1313.56,0.01,9.8,0.4,11.4,-1.9,-0.0,-0.0
2227,2227.06,1313.59,1313.56,-0.02,7.8,-0.7,11.4,-2.8,-0.0,-0.0
2228,2228.11,1313.55,1313.56,0.01,11.8,0.4,11.4,0.0,-0.0,-0.0
2229,2229.08,1313.55,1313.56,0.01,9.9,0.4,11.4,-1.9,-0.0,-0.0
2230,2230.04,1313.53,1313.56,0.04,15.4,1.1,11.4,2.9,-0.0,-0.0
2231,2231.09,1313.56,1313.56,0.00,9.5,0.0,11.4,-1.9,-0.0,-0.0
2232,2232.07,1313.59,1313.56,-0.02,8.8,-0.7,11.4,-1.9,-0.0,-0.0
2233,2233.11,1313.55,1313.56,0.01,10.9,0.4,11.4,-0.9,-0.0,-0.0
2234,2234.07,1313.56,1313.56,0.00,13.3,0.0,11.4,1.9,-0.0,-0.0
2235,2235.04,1313.55,1313.56,0.01,11.8,0.4,11.4,0.0,-0.0,-0.0
2236,2236.09,1313.56,1313.56,0.00,12.4,0.0,11.4,0.9,-0.0,-0.0
2237,2237.06,1313.54,1313.56,0.02,13.1,0.7,11.4,0.9,-0.0,-0.0
2238,2238.11,1313.56,1313.56,0.00,11.5,0.0,11.5,0.0,-0.0,-0.0
2239,2239.06,1313.57,1313.56,-0.01,10.1,-0.4,11.4,-1.0,-0.0,-0.0
2240,2240.10,1313.55,1313.56,0.01,12.8,0.4,11.4,1.0,-0.0,-0.0
2241,2241.06,1313.57,1313.56,-0.01,12.0,-0.4,11.4,0.9,-0.0,-0.0
2242,2242.11,1313.55,1313.56,0.01,13.7,0.4,11.4,1.9,-0.0,-0.0
2243,2243.07,1313.53,1313.56,0.04,18.3,1.1,11.4,5.7,-0.0,-0.0
2244,2244.04,1313.56,1313.56,0.00,10.5,0.0,11.4,-0.9,-0.0,-0.0
2245,2245.09,1313.57,1313.56,-0.01,11.1,-0.4,11.4,0.0,-0.0,-0.0
2246,2246.04,1313.53,1313.56,0.04,17.3,1.1,11.4,4.8,-0.0,-0.0
2247,2247.10,1313.55,1313.56,0.01,10.8,0.4,11.4,-1.0,-0.0,-0.0
2248,2248.07,1313.57,1313.56,-0.01,10.1,-0.4,11.4,-0.9,-0.0,-0.0
2249,2249.04,1313.57,1313.56,-0.01,9.2,-0.4,11.4,-1.9,-0.0,-0.0
2250,2250.10,1313.54,1313.56,0.02,15.0,0.7,11.4,2.8,-0.0,-0.0
2251,2251.07,1313.55,1313.56,0.01,10.9,0.4,11.4,-0.9,-0.0,-0.0
2252,2252.12,1313.56,1313.56,0.00,12.4,0.0,11.5,0.9,-0.0,-0.0
2253,2253.09,1313.56,1313.56,0.00,10.5,0.0,11.5,-0.9,-0.0,-0.0
2254,2254.04,1313.54,1313.56,0.02,16.1,0.7,11.5,3.9,-0.0,-0.0
2255,2255.08,1313.55,1313.56,0.01,13.8,0.4,11.5,1.9,-0.0,-0.0
2256,2256.05,1313.54,1313.56,0.02,15.0,0.7,11.5,2.8,-0.0,-0.0
2257,2257.10,1313.56,1313.56,0.00,12.4,0.0,11.5,1.0,-0.0,-0.0
2258,2258.07,1313.57,1313.56,-0.01,10.2,-0.4,11.5,-0.9,-0.0,-0.0
2259,2259.12,1313.55,1313.56,0.01,13.7,0.4,11.5,1.9,-0.0,-0.0
2260,2260.09,1313.57,1313.56,-0.01,10.1,-0.4,11.5,-0.9,-0.0,-0.0
2261,2261.06,1313.57,1313.56,-0.01,9.2,-0.4,11.5,-1.9,-0.0,-0.0
2262,2262.09,1313.56,1313.56,0.00,12.4,0.0,11.4,1.0,-0.0,-0.0
2263,2263.04,1313.56,1313.56,0.00,11.4,0.0,11.4,0.0,-0.0,-0.0
2264,2264.08,1313.56,1313.56,0.00,9.6,0.0,11.5,-1.9,-0.0,-0.0
2265,2265.06,1313.56,1313.56,0.00,10.5,0.0,11.5,-0.9,-0.0,-0.0
2266,2266.10,1313.56,1313.56,0.00,11.5,0.0,11.5,0.0,-0.0,-0.0
2267,2267.07,1313.56,1313.56,0.00,11.4,0.0,11.4,0.0,-0.0,-0.0
2268,2268.05,1313.59,1313.56,-0.02,7.9,-0.7,11.4,-2.8,-0.0,-0.0
2269,2269.09,1313.56,1313.56,0.00,9.5,0.0,11.4,-1.9,-0.0,-0.0
2270,2270.07,1313.57,1313.56,-0.01,8.3,-0.4,11.5,-2.8,-0.0,-0.0
2271,2271.11,1313.54,1313.56,0.02,12.2,0.7,11.5,0.0,-0.0,-0.0
2272,2272.07,1313.60,1313.56,-0.04,8.5,-1.1,11.4,-1.9,-0.0,-0.0
2273,2273.09,1313.56,1313.56,0.00,10.5,0.0,11.5,-1.0,-0.0,-0.0
2274,2274.07,1313.54,1313.56,0.02,15.0,0.7,11.5,2.8,-0.0,-0.0
2275,2275.12,1313.56,1313.56,0.00,12.4,0.0,11.5,0.9,-0.0,-0.0
2276,2276.09,1313.55,1313.56,0.01,12.8,0.4,11.5,1.0,-0.0,-0.0
2277,2277.05,1313.57,1313.56,-0.01,10.1,-0.4,11.5,-1.0,-0.0,-0.0
2278,2278.10,1313.56,1313.56,0.00,12.4,0.0,11.5,1.0,-0.0,-0.0
2279,2279.07,1313.59,1313.56,-0.02,8.8,-0.7,11.5,-1.9,-0.0,-0.0
2280,2280.11,1313.57,1313.56,-0.01,8.3,-0.4,11.5,-2.8,-0.0,-0.0
2281,2281.09,1313.56,1313.56,0.00,9.6,0.0,11.5,-1.9,-0.0,-0.0
2282,2282.05,1313.56,1313.56,0.00,12.4,0.0,11.5,1.0,-0.0,-0.0
2283,2283.08,1313.57,1313.56,-0.01,10.1,-0.4,11.5,-1.0,-0.0,-0.0
2284,2284.05,1313.57,1313.56,-0.01,10.1,-0.4,11.5,-0.9,-0.0,-0.0
2285,2285.10,1313.55,1313.56,0.01,13.7,0.4,11.5,1.9,-0.0,-0.0
2286,2286.06,1313.59,1313.56,-0.02,9.8,-0.7,11.4,-1.0,-0.0,-0.0
2287,2287.11,1313.55,1313.56,0.01,13.7,0.4,11.4,1.9,-0.0,-0.0
2288,2288.09,1313.56,1313.56,0.00,11.4,0.0,11.4,0.0,-0.0,-0.0
2289,2289.06,1313.55,1313.56,0.01,10.9,0.4,11.5,-0.9,-0.0,-0.0
2290,2290.10,1313.57,1313.56,-0.01,8.2,-0.4,11.5,-2.8,-0.0,-0.0
2291,2291.08,1313.59,1313.56,-0.02,10.7,-0.7,11.5,0.0,-0.0,-0.0
2292,2292.04,1313.53,1313.56,0.04,17.3,1.1,11.5,4.8,-0.0,-0.0
2293,2293.09,1313.56,1313.56,0.00,12.4,0.0,11.5,1.0,-0.0,-0.0
2294,2294.04,1313.54,1313.56,0.02,11.2,0.7,11.5,-1.0,-0.0,-0.0
2295,2295.10,1313.54,1313.56,0.02,15.0,0.7,11.5,2.8,-0.0,-0.0
2296,2296.05,1313.56,1313.56,0.00,13.4,0.0,11.5,1.9,-0.0,-0.0
2297,2297.09,1313.56,1313.56,0.00,13.4,0.0,11.5,1.9,-0.0,-0.0
2298,2298.07,1313.59,1313.56,-0.02,9.8,-0.7,11.5,-0.9,-0.0,-0.0
2299,2299.10,1313.57,1313.56,-0.01,9.2,-0.4,11.5,-1.9,-0.0,-0.0
2300,2300.06,1313.53,1313.56,0.04,16.4,1.1,11.5,3.8,-0.0,-0.0
2301,2301.11,1313.57,1313.56,-0.01,10.1,-0.4,11.5,-1.0,-0.0,-0.0
2302,2302.07,1313.54,1313.56,0.02,14.1,0.7,11.5,1.9,-0.0,-0.0
2303,2303.04,1313.56,1313.56,0.00,10.5,0.0,11.5,-0.9,-0.0,-0.0
2304,2304.07,1313.57,1313.56,-0.01,12.1,-0.4,11.5,1.0,-0.0,-0.0
2305,2305.04,1313.57,1313.56,-0.01,9.2,-0.4,11.5,-1.9,-0.0,-0.0
2306,2306.08,1313.55,1313.56,0.01,13.8,0.4,11.5,1.9,-0.0,-0.0
2307,2307.05,1313.56,1313.56,0.00,10.5,0.0,11.5,-0.9,-0.0,-0.0
2308,2308.08,1313.57,1313.56,-0.01,14.0,-0.4,11.5,2.9,-0.0,-0.0
2309,2309.05,1313.55,1313.56,0.01,11.8,0.4,11.5,0.0,-0.0,-0.0
2310,2310.11,1313.57,1313.56,-0.01,11.1,-0.4,11.5,0.0,-0.0,-0.0
2311,2311.10,1313.54,1313.56,0.02,15.0,0.7,11.5,2.8,-0.0,-0.0
2312,2312.07,1313.56,1313.56,0.00,11.5,0.0,11.5,0.0,-0.0,-0.0
2313,2313.04,1313.56,1313.56,0.00,12.4,0.0,11.5,0.9,-0.0,-0.0
2314,2314.08,1313.54,1313.56,0.02,16.0,0.7,11.5,3.8,-0.0,-0.0
2315,2315.05,1313.57,1313.56,-0.01,9.2,-0.4,11.5,-1.9,-0.0,-0.0
2316,2316.08,1313.50,1313.56,0.06,19.0,1.8,11.5,5.7,-0.0,-0.0
2317,2317.04,1313.57,1313.56,-0.01,6.3,-0.4,11.5,-4.8,-0.0,-0.0
2318,2318.08,1313.57,1313.56,-0.01,11.1,-0.4,11.5,0.0,-0.0,-0.0
2319,2319.05,1313.57,1313.56,-0.01,10.2,-0.4,11.5,-1.0,-0.0,-0.0
2320,2320.11,1313.59,1313.56,-0.02,9.8,-0.7,11.5,-0.9,-0.0,-0.0
2321,2321.09,1313.54,1313.56,0.02,13.1,0.7,11.5,0.9,-0.0,-0.0
2322,2322.05,1313.55,1313.56,0.01,14.7,0.4,11.5,2.8,-0.0,-0.0
2323,2323.10,1313.57,1313.56,-0.01,10.1,-0.4,11.5,-0.9,-0.0,-0.0
2324,2324.07,1313.57,1313.56,-0.01,9.2,-0.4,11.5,-1.9,-0.0,-0.0
2325,2325.04,1313.57,1313.56,-0.01,10.1,-0.4,11.5,-0.9,-0.0,-0.0
2326,2326.09,1313.53,1313.56,0.04,14.4,1.1,11.5,1.9,-0.0,-0.0
2327,2327.04,1313.56,1313.56,0.00,10.5,0.0,11.5,-1.0,-0.0,-0.0
2328,2328.08,1313.57,1313.56,-0.01,11.1,-0.4,11.4,0.0,-0.0,-0.0
2329,2329.04,1313.55,1313.56,0.01,10.9,0.4,11.5,-1.0,-0.0,-0.0
2330,2330.09,1313.57,1313.56,-0.01,9.2,-0.4,11.4,-1.9,-0.0,-0.0
2331,2331.05,1313.57,1313.56,-0.01,8.2,-0.4,11.4,-2.8,-0.0,-0.0
2332,2332.09,1313.55,1313.56,0.01,12.8,0.4,11.4,1.0,-0.0,-0.0
2333,2333.05,1313.56,1313.56,0.00,10.5,0.0,11.4,-1.0,-0.0,-0.0
2334,2334.10,1313.57,1313.56,-0.01,8.2,-0.4,11.5,-2.9,-0.0,-0.0
2335,2335.07,1313.56,1313.56,0.00,12.4,0.0,11.5,0.9,-0.0,-0.0
2336,2336.04,1313.57,1313.56,-0.01,9.2,-0.4,11.5,-1.9,-0.0,-0.0
2337,2337.09,1313.56,1313.56,0.00,13.3,0.0,11.4,1.9,-0.0,-0.0
2338,2338.05,1313.57,1313.56,-0.01,8.2,-0.4,11.5,-2.9,-0.0,-0.0
2339,2339.11,1313.53,1313.56,0.04,14.5,1.1,11.5,1.9,-0.0,-0.0
2340,2340.08,1313.56,1313.56,0.00,12.4,0.0,11.5,1.0,-0.0,-0.0
2341,2341.04,1313.57,1313.56,-0.01,10.1,-0.4,11.5,-1.0,-0.0,-0.0
2342,2342.08,1313.57,1313.56,-0.01,10.1,-0.4,11.4,-0.9,-0.0,-0.0
2343,2343.05,1313.56,1313.56,0.00,7.7,0.0,11.5,-3.8,-0.0,-0.0
2344,2344.09,1313.56,1313.56,0.00,11.5,0.0,11.5,0.0,-0.0,-0.0
2345,2345.05,1313.56,1313.56,0.00,12.4,0.0,11.5,1.0,-0.0,-0.0
2346,2346.09,1313.55,1313.56,0.01,11.8,0.4,11.5,0.0,-0.0,-0.0
2347,2347.04,1313.57,1313.56,-0.01,10.1,-0.4,11.5,-1.0,-0.0,-0.0
2348,2348.08,1313.60,1313.56,-0.04,9.4,-1.1,11.4,-1.0,-0.0,-0.0
2349,2349.06,1313.54,1313.56,0.02,14.1,0.7,11.5,1.9,-0.0,-0.0
2350,2350.11,1313.57,1313.56,-0.01,10.2,-0.4,11.5,-0.9,-0.0,-0.0
2351,2351.06,1313.60,1313.56,-0.04,6.5,-1.1,11.5,-3.8,-0.0,-0.0
2352,2352.04,1313.55,1313.56,0.01,14.7,0.4,11.4,2.8,-0.0,-0.0
2353,2353.09,1313.56,1313.56,0.00,9.5,0.0,11.4,-1.9,-0.0,-0.0
2354,2354.06,1313.56,1313.56,0.00,11.4,0.0,11.4,0.0,-0.0,-0.0
2355,2355.11,1313.55,1313.56,0.01,11.8,0.4,11.4,0.0,-0.0,-0.0
2356,2356.07,1313.56,1313.56,0.00,9.5,0.0,11.4,-1.9,-0.0,-0.0
2357,2357.04,1313.57,1313.56,-0.01,11.1,-0.4,11.4,0.0,-0.0,-0.0
2358,2358.09,1313.59,1313.56,-0.02,9.8,-0.7,11.4,-0.9,-0.0,-0.0
2359,2359.06,1313.55,1313.56,0.01,11.8,0.4,11.4,0.0,-0.0,-0.0
2360,2360.10,1313.57,1313.56,-0.01,8.2,-0.4,11.4,-2.8,-0.0,-0.0
2361,2361.08,1313.59,1313.56,-0.02,9.8,-0.7,11.4,-0.9,-0.0,-0.0
2362,2362.11,1313.59,1313.56,-0.02,7.8,-0.7,11.4,-2.9,-0.0,-0.0
2363,2363.08,1313.55,1313.56,0.01,11.8,0.4,11.4,0.0,-0.0,-0.0
2364,2364.05,1313.57,1313.56,-0.01,8.2,-0.4,11.4,-2.9,-0.0,-0.0
2365,2365.09,1313.54,1313.56,0.02,15.0,0.7,11.4,2.9,-0.0,-0.0
2366,2366.05,1313.57,1313.56,-0.01,9.1,-0.4,11.4,-1.9,-0.0,-0.0
2367,2367.09,1313.55,1313.56,0.01,11.8,0.4,11.5,0.0,-0.0,-0.0
2368,2368.05,1313.53,1313.56,0.04,16.4,1.1,11.5,3.8,-0.0,-0.0
2369,2369.11,1313.59,1313.56,-0.02,8.9,-0.7,11.5,-1.9,-0.0,-0.0
2370,2370.07,1313.55,1313.56,0.01,10.9,0.4,11.5,-0.9,-0.0,-0.0
2371,2371.05,1313.59,1313.56,-0.02,8.8,-0.7,11.4,-1.9,-0.0,-0.0
2372,2372.07,1313.55,1313.56,0.01,11.8,0.4,11.5,0.0,-0.0,-0.0
2373,2373.12,1313.57,1313.56,-0.01,11.1,-0.4,11.5,0.0,-0.0,-0.0
2374,2374.08,1313.56,1313.56,0.00,12.4,0.0,11.5,1.0,-0.0,-0.0
2375,2375.04,1313.56,1313.56,0.00,12.4,0.0,11.5,1.0,-0.0,-0.0
2376,2376.09,1313.57,1313.56,-0.01,9.2,-0.4,11.5,-1.9,-0.0,-0.0
2377,2377.11,1313.56,1313.56,0.00,12.4,0.0,11.5,1.0,-0.0,-0.0
2378,2378.08,1313.57,1313.56,-0.01,11.1,-0.4,11.5,0.0,-0.0,-0.0
2379,2379.06,1313.54,1313.56,0.02,15.0,0.7,11.5,2.8,-0.0,-0.0
2380,2380.10,1313.60,1313.56,-0.04,9.4,-1.1,11.5,-0.9,-0.0,-0.0
2381,2381.06,1313.55,1313.56,0.01,14.7,0.4,11.5,2.8,-0.0,-0.0
2382,2382.11,1313.56,1313.56,0.00,10.5,0.0,11.5,-1.0,-0.0,-0.0
2383,2383.07,1313.57,1313.56,-0.01,9.2,-0.4,11.5,-1.9,-0.0,-0.0
2384,2384.11,1313.57,1313.56,-0.01,10.1,-0.4,11.5,-1.0,-0.0,-0.0
2385,2385.08,1313.59,1313.56,-0.02,9.8,-0.7,11.5,-0.9,-0.0,-0.0
2386,2386.11,1313.57,1313.56,-0.01,8.2,-0.4,11.5,-2.9,-0.0,-0.0
2387,2387.07,1313.56,1313.56,0.00,12.4,0.0,11.4,0.9,-0.0,-0.0
2388,2388.05,1313.55,1313.56,0.01,9.0,0.4,11.5,-2.8,-0.0,-0.0
2389,2389.09,1313.56,1313.56,0.00,11.5,0.0,11.5,0.0,-0.0,-0.0
2390,2390.05,1313.57,1313.56,-0.01,12.1,-0.4,11.5,1.0,-0.0,-0.0
2391,2391.09,1313.54,1313.56,0.02,15.1,0.7,11.5,2.9,-0.0,-0.0
2392,2392.05,1313.55,1313.56,0.01,13.7,0.4,11.5,1.9,-0.0,-0.0
2393,2393.09,1313.55,1313.56,0.01,9.9,0.4,11.5,-1.9,-0.0,-0.0
2394,2394.04,1313.57,1313.56,-0.01,8.3,-0.4,11.5,-2.8,-0.0,-0.0
2395,2395.08,1313.57,1313.56,-0.01,10.1,-0.4,11.5,-1.0,-0.0,-0.0
2396,2396.05,1313.55,1313.56,0.01,13.7,0.4,11.5,1.9,-0.0,-0.0
2397,2397.09,1313.57,1313.56,-0.01,11.1,-0.4,11.5,0.0,-0.0,-0.0
2398,2398.07,1313.56,1313.56,0.00,9.6,0.0,11.5,-1.9,-0.0,-0.0
2399,2399.04,1313.53,1313.56,0.04,17.3,1.1,11.5,4.7,-0.0,-0.0
2400,2400.08,1313.57,1313.56,-0.01,9.2,-0.4,11.5,-1.9,-0.0,-0.0
2401,2401.04,1313.57,1313.56,-0.01,12.0,-0.4,11.5,1.0,-0.0,-0.0
2402,2402.09,1313.55,1313.56,0.01,12.8,0.4,11.5,0.9,-0.0,-0.0
2403,2403.05,1313.54,1313.56,0.02,15.1,0.7,11.5,2.9,-0.0,-0.0
2404,2404.10,1313.56,1313.56,0.00,13.3,0.0,11.5,1.9,-0.0,-0.0
2405,2405.07,1313.55,1313.56,0.01,14.7,0.4,11.5,2.9,-0.0,-0.0
2406,2406.12,1313.55,1313.56,0.01,14.6,0.4,11.4,2.8,-0.0,-0.0
2407,2407.09,1313.55,1313.56,0.01,14.6,0.4,11.4,2.8,-0.0,-0.0
2408,2408.06,1313.57,1313.56,-0.01,12.0,-0.4,11.4,1.0,-0.0,-0.0
2409,2409.11,1313.56,1313.56,0.00,12.4,0.0,11.4,0.9,-0.0,-0.0
2410,2410.07,1313.57,1313.56,-0.01,10.1,-0.4,11.4,-1.0,-0.0,-0.0
2411,2411.04,1313.54,1313.56,0.02,14.1,0.7,11.4,1.9,-0.0,-0.0
2412,2412.08,1313.55,1313.56,0.01,12.8,0.4,11.4,0.9,-0.0,-0.0
2413,2413.05,1313.55,1313.56,0.01,13.7,0.4,11.4,1.9,-0.0,-0.0
2414,2414.09,1313.57,1313.56,-0.01,10.1,-0.4,11.4,-0.9,-0.0,-0.0
2415,2415.07,1313.55,1313.56,0.01,13.7,0.4,11.4,1.9,-0.0,-0.0
2416,2416.11,1313.56,1313.56,0.00,9.6,0.0,11.4,-1.9,-0.0,-0.0
2417,2417.08,1313.54,1313.56,0.02,14.1,0.7,11.4,1.9,-0.0,-0.0
2418,2418.04,1313.56,1313.56,0.00,9.5,0.0,11.4,-1.9,-0.0,-0.0
2419,2419.10,1313.56,1313.56,0.00,12.4,0.0,11.4,0.9,-0.0,-0.0
2420,2420.07,1313.55,1313.56,0.01,11.8,0.4,11.4,0.0,-0.0,-0.0
2421,2421.12,1313.59,1313.56,-0.02,9.8,-0.7,11.4,-1.0,-0.0,-0.0
2422,2422.09,1313.55,1313.56,0.01,16.5,0.4,11.4,4.7,-0.0,-0.0
2423,2423.05,1313.59,1313.56,-0.02,9.8,-0.7,11.4,-1.0,-0.0,-0.0
2424,2424.11,1313.57,1313.56,-0.01,11.1,-0.4,11.4,0.0,-0.0,-0.0
2425,2425.07,1313.57,1313.56,-0.01,8.2,-0.4,11.4,-2.8,-0.0,-0.0
2426,2426.04,1313.57,1313.56,-0.01,11.1,-0.4,11.4,0.0,-0.0,-0.0
2427,2427.08,1313.56,1313.56,0.00,12.4,0.0,11.4,1.0,-0.0,-0.0
2428,2428.05,1313.55,1313.56,0.01,13.7,0.4,11.4,1.9,-0.0,-0.0
2429,2429.10,1313.55,1313.56,0.01,11.8,0.4,11.4,0.0,-0.0,-0.0
2430,2430.07,1313.60,1313.56,-0.04,8.4,-1.1,11.4,-1.9,-0.0,-0.0
2431,2431.11,1313.56,1313.56,0.00,12.4,0.0,11.4,0.9,-0.0,-0.0
2432,2432.07,1313.54,1313.56,0.02,13.1,0.7,11.4,1.0,-0.0,-0.0
2433,2433.11,1313.55,1313.56,0.01,13.7,0.4,11.4,1.9,-0.0,-0.0
2434,2434.09,1313.55,1313.56,0.01,14.6,0.4,11.4,2.8,-0.0,-0.0
2435,2435.05,1313.59,1313.56,-0.02,6.9,-0.7,11.4,-3.8,-0.0,-0.0
2436,2436.10,1313.57,1313.56,-0.01,10.1,-0.4,11.4,-0.9,-0.0,-0.0
2437,2437.06,1313.54,1313.56,0.02,13.1,0.7,11.4,1.0,-0.0,-0.0
2438,2438.10,1313.57,1313.56,-0.01,11.1,-0.4,11.4,0.0,-0.0,-0.0
2439,2439.07,1313.56,1313.56,0.00,10.5,0.0,11.4,-1.0,-0.0,-0.0
2440,2440.11,1313.59,1313.56,-0.02,8.8,-0.7,11.4,-1.9,-0.0,-0.0
2441,2441.08,1313.53,1313.56,0.04,16.3,1.1,11.4,3.7,-0.0,-0.0
2442,2442.11,1313.56,1313.56,0.00,9.5,0.0,11.4,-1.9,-0.0,-0.0
2443,2443.07,1313.55,1313.56,0.01,14.6,0.4,11.4,2.8,-0.0,-0.0
2444,2444.11,1313.57,1313.56,-0.01,11.1,-0.4,11.4,0.0,-0.0,-0.0
2445,2445.09,1313.57,1313.56,-0.01,12.0,-0.4,11.4,0.9,-0.0,-0.0
2446,2446.04,1313.57,1313.56,-0.01,7.2,-0.4,11.4,-3.8,-0.0,-0.0
2447,2447.08,1313.55,1313.56,0.01,13.7,0.4,11.4,1.9,-0.0,-0.0
2448,2448.05,1313.59,1313.56,-0.02,9.7,-0.7,11.4,-1.0,-0.0,-0.0
2449,2449.10,1313.57,1313.56,-0.01,8.2,-0.4,11.4,-2.8,-0.0,-0.0
2450,2450.07,1313.57,1313.56,-0.01,10.1,-0.4,11.4,-0.9,-0.0,-0.0
2451,2451.04,1313.51,1313.56,0.05,14.8,1.5,11.4,1.9,-0.0,-0.0
2452,2452.10,1313.57,1313.56,-0.01,8.2,-0.4,11.4,-2.8,-0.0,-0.0
2453,2453.05,1313.56,1313.56,0.00,9.5,0.0,11.4,-1.9,-0.0,-0.0
2454,2454.08,1313.57,1313.56,-0.01,12.0,-0.4,11.4,0.9,-0.0,-0.0
2455,2455.05,1313.59,1313.56,-0.02,9.7,-0.7,11.4,-1.0,-0.0,-0.0
2456,2456.11,1313.56,1313.56,0.00,12.4,0.0,11.4,0.9,-0.0,-0.0
2457,2457.08,1313.54,1313.56,0.02,13.1,0.7,11.4,0.9,-0.0,-0.0
2458,2458.04,1313.57,1313.56,-0.01,9.1,-0.4,11.4,-1.9,-0.0,-0.0
2459,2459.10,1313.55,1313.56,0.01,13.7,0.4,11.4,1.9,-0.0,-0.0
2460,2460.06,1313.57,1313.56,-0.01,13.9,-0.4,11.4,2.8,-0.0,-0.0
2461,2461.11,1313.56,1313.56,0.00,12.4,0.0,11.4,0.9,-0.0,-0.0
2462,2462.08,1313.57,1313.56,-0.01,10.1,-0.4,11.4,-1.0,-0.0,-0.0
2463,2463.05,1313.59,1313.56,-0.02,8.8,-0.7,11.4,-1.9,-0.0,-0.0
2464,2464.08,1313.57,1313.56,-0.01,9.1,-0.4,11.4,-1.9,-0.0,-0.0
2465,2465.04,1313.57,1313.56,-0.01,9.1,-0.4,11.4,-1.9,-0.0,-0.0
2466,2466.09,1313.56,1313.56,0.00,11.4,0.0,11.4,0.0,-0.0,-0.0
2467,2467.06,1313.57,1313.56,-0.01,10.1,-0.4,11.4,-1.0,-0.0,-0.0
2468,2468.04,1313.56,1313.56,0.00,11.4,0.0,11.4,0.0,-0.0,-0.0
2469,2469.09,1313.54,1313.56,0.02,13.1,0.7,11.4,0.9,-0.0,-0.0
2470,2470.06,1313.56,1313.56,0.00,12.3,0.0,11.4,1.0,-0.0,-0.0
2471,2471.10,1313.55,1313.56,0.01,14.6,0.4,11.4,2.9,-0.0,-0.0
2472,2472.07,1313.57,1313.56,-0.01,9.1,-0.4,11.4,-1.9,-0.0,-0.0
2473,2473.05,1313.55,1313.56,0.01,14.5,0.4,11.4,2.8,-0.0,-0.0
2474,2474.09,1313.56,1313.56,0.00,13.3,0.0,11.4,1.9,-0.0,-0.0
2475,2475.07,1313.56,1313.56,0.00,12.3,0.0,11.4,0.9,-0.0,-0.0
2476,2476.11,1313.56,1313.56,0.00,10.4,0.0,11.4,-1.0,-0.0,-0.0
2477,2477.08,1313.55,1313.56,0.01,13.6,0.4,11.4,1.9,-0.0,-0.0
2478,2478.04,1313.53,1313.56,0.04,14.4,1.1,11.4,1.9,-0.0,-0.0
2479,2479.09,1313.56,1313.56,0.00,11.4,0.0,11.4,0.0,-0.0,-0.0
2480,2480.05,1313.54,1313.56,0.02,15.0,0.7,11.4,2.8,-0.0,-0.0
2481,2481.11,1313.54,1313.56,0.02,14.0,0.7,11.4,1.9,-0.0,-0.0
2482,2482.08,1313.56,1313.56,0.00,10.5,0.0,11.4,-0.9,-0.0,-0.0
2483,2483.11,1313.57,1313.56,-0.01,11.0,-0.4,11.4,0.0,-0.0,-0.0
2484,2484.08,1313.54,1313.56,0.02,15.0,0.7,11.4,2.9,-0.0,-0.0
2485,2485.04,1313.59,1313.56,-0.02,9.7,-0.7,11.4,-0.9,-0.0,-0.0
2486,2486.08,1313.57,1313.56,-0.01,12.0,-0.4,11.4,1.0,-0.0,-0.0
2487,2487.04,1313.56,1313.56,0.00,12.4,0.0,11.4,1.0,-0.0,-0.0
2488,2488.07,1313.55,1313.56,0.01,13.7,0.4,11.4,1.9,-0.0,-0.0
2489,2489.11,1313.56,1313.56,0.00,13.3,0.0,11.4,1.9,-0.0,-0.0
2490,2490.09,1313.57,1313.56,-0.01,11.0,-0.4,11.4,0.0,-0.0,-0.0
2491,2491.05,1313.59,1313.56,-0.02,10.6,-0.7,11.4,0.0,-0.0,-0.0
2492,2492.10,1313.56,1313.56,0.00,9.5,0.0,11.4,-1.9,-0.0,-0.0
2493,2493.07,1313.56,1313.56,0.00,12.3,0.0,11.4,0.9,-0.0,-0.0
2494,2494.04,1313.55,1313.56,0.01,13.6,0.4,11.4,1.9,-0.0,-0.0
2495,2495.09,1313.57,1313.56,-0.01,11.0,-0.4,11.4,0.0,-0.0,-0.0
2496,2496.11,1313.57,1313.56,-0.01,10.0,-0.4,11.4,-1.0,-0.0,-0.0
2497,2497.09,1313.56,1313.56,0.00,11.4,0.0,11.4,0.0,-0.0,-0.0
2498,2498.05,1313.57,1313.56,-0.01,10.1,-0.4,11.4,-0.9,-0.0,-0.0
2499,2499.11,1313.56,1313.56,0.00,13.3,0.0,11.4,1.9,-0.0,-0.0
2500,2500.08,1313.56,1313.56,0.00,12.3,0.0,11.4,0.9,-0.0,-0.0
2501,2501.06,1313.56,1313.56,0.00,12.3,0.0,11.4,0.9,-0.0,-0.0
2502,2502.10,1313.57,1313.56,-0.01,10.1,-0.4,11.4,-0.9,-0.0,-0.0
2503,2503.07,1313.56,1313.56,0.00,12.3,0.0,11.4,0.9,-0.0,-0.0
2504,2504.04,1313.57,1313.56,-0.01,9.1,-0.4,11.4,-1.9,-0.0,-0.0
2505,2505.08,1313.56,1313.56,0.00,11.4,0.0,11.4,0.0,-0.0,-0.0
2506,2506.04,1313.57,1313.56,-0.01,9.1,-0.4,11.4,-1.9,-0.0,-0.0
2507,2507.09,1313.54,1313.56,0.02,14.9,0.7,11.4,2.8,-0.0,-0.0
2508,2508.06,1313.54,1313.56,0.02,15.9,0.7,11.4,3.8,-0.0,-0.0
2509,2509.11,1313.56,1313.56,0.00,13.3,0.0,11.4,1.9,-0.0,-0.0
2510,2510.08,1313.57,1313.56,-0.01,11.0,-0.4,11.4,0.0,-0.0,-0.0
2511,2511.05,1313.55,1313.56,0.01,10.8,0.4,11.4,-1.0,-0.0,-0.0
2512,2512.10,1313.56,1313.56,0.00,10.4,0.0,11.4,-0.9,-0.0,-0.0
2513,2513.07,1313.56,1313.56,0.00,14.2,0.0,11.4,2.8,-0.0,-0.0
2514,2514.04,1313.56,1313.56,0.00,12.3,0.0,11.4,0.9,-0.0,-0.0
2515,2515.08,1313.56,1313.56,0.00,7.6,0.0,11.4,-3.8,-0.0,-0.0
2516,2516.04,1313.55,1313.56,0.01,11.7,0.4,11.4,0.0,-0.0,-0.0
2517,2517.08,1313.55,1313.56,0.01,12.7,0.4,11.4,0.9,-0.0,-0.0
2518,2518.04,1313.54,1313.56,0.02,14.0,0.7,11.4,1.9,-0.0,-0.0
2519,2519.08,1313.55,1313.56,0.01,11.7,0.4,11.4,0.0,-0.0,-0.0
2520,2520.05,1313.56,1313.56,0.00,10.4,0.0,11.4,-1.0,-0.0,-0.0
2521,2521.11,1313.56,1313.56,0.00,10.5,0.0,11.4,-0.9,-0.0,-0.0
2522,2522.07,1313.56,1313.56,0.00,12.3,0.0,11.4,1.0,-0.0,-0.0
2523,2523.04,1313.57,1313.56,-0.01,9.1,-0.4,11.4,-1.9,-0.0,-0.0
2524,2524.08,1313.55,1313.56,0.01,11.8,0.4,11.4,0.0,-0.0,-0.0
2525,2525.06,1313.55,1313.56,0.01,14.6,0.4,11.4,2.9,-0.0,-0.0
2526,2526.11,1313.54,1313.56,0.02,14.9,0.7,11.4,2.8,-0.0,-0.0
2527,2527.06,1313.57,1313.56,-0.01,11.0,-0.4,11.4,0.0,-0.0,-0.0
2528,2528.11,1313.59,1313.56,-0.02,9.7,-0.7,11.4,-0.9,-0.0,-0.0
2529,2529.08,1313.57,1313.56,-0.01,11.0,-0.4,11.4,0.0,-0.0,-0.0
2530,2530.10,1313.54,1313.56,0.02,15.0,0.7,11.4,2.9,-0.0,-0.0
2531,2531.07,1313.57,1313.56,-0.01,10.1,-0.4,11.4,-1.0,-0.0,-0.0
2532,2532.04,1313.56,1313.56,0.00,11.4,0.0,11.4,0.0,-0.0,-0.0
2533,2533.08,1313.57,1313.56,-0.01,12.0,-0.4,11.4,1.0,-0.0,-0.0
2534,2534.11,1313.56,1313.56,0.00,8.5,0.0,11.4,-2.9,-0.0,-0.0
2535,2535.08,1313.56,1313.56,0.00,13.2,0.0,11.3,1.9,-0.0,-0.0
2536,2536.05,1313.54,1313.56,0.02,14.9,0.7,11.3,2.8,-0.0,-0.0
2537,2537.09,1313.54,1313.56,0.02,14.0,0.7,11.3,1.9,-0.0,-0.0
2538,2538.12,1313.55,1313.56,0.01,10.8,0.4,11.4,-1.0,-0.0,-0.0
2539,2539.08,1313.57,1313.56,-0.01,12.9,-0.4,11.3,1.9,-0.0,-0.0
2540,2540.05,1313.56,1313.56,0.00,10.4,0.0,11.3,-0.9,-0.0,-0.0
2541,2541.08,1313.57,1313.56,-0.01,10.0,-0.4,11.4,-1.0,-0.0,-0.0
2542,2542.05,1313.55,1313.56,0.01,12.7,0.4,11.4,1.0,-0.0,-0.0
2543,2543.10,1313.57,1313.56,-0.01,10.0,-0.4,11.4,-0.9,-0.0,-0.0
2544,2544.07,1313.57,1313.56,-0.01,10.1,-0.4,11.4,-0.9,-0.0,-0.0
2545,2545.11,1313.57,1313.56,-0.01,10.0,-0.4,11.4,-1.0,-0.0,-0.0
2546,2546.07,1313.56,1313.56,0.00,13.3,0.0,11.4,1.9,-0.0,-0.0
2547,2547.11,1313.56,1313.56,0.00,9.4,0.0,11.4,-1.9,-0.0,-0.0
2548,2548.08,1313.54,1313.56,0.02,14.0,0.7,11.4,1.9,-0.0,-0.0
2549,2549.04,1313.56,1313.56,0.00,10.4,0.0,11.4,-1.0,-0.0,-0.0
2550,2550.09,1313.56,1313.56,0.00,9.5,0.0,11.4,-1.9,-0.0,-0.0
2551,2551.05,1313.56,1313.56,0.00,13.3,0.0,11.4,1.9,-0.0,-0.0
2552,2552.10,1313.56,1313.56,0.00,12.3,0.0,11.4,0.9,-0.0,-0.0
2553,2553.07,1313.54,1313.56,0.02,13.1,0.7,11.4,0.9,-0.0,-0.0
2554,2554.10,1313.55,1313.56,0.01,13.6,0.4,11.4,1.9,-0.0,-0.0
2555,2555.07,1313.55,1313.56,0.01,12.7,0.4,11.4,1.0,-0.0,-0.0
2556,2556.11,1313.56,1313.56,0.00,10.4,0.0,11.4,-1.0,-0.0,-0.0
2557,2557.09,1313.56,1313.56,0.00,12.3,0.0,11.4,0.9,-0.0,-0.0
2558,2558.04,1313.57,1313.56,-0.01,9.1,-0.4,11.4,-1.9,-0.0,-0.0
2559,2559.07,1313.55,1313.56,0.01,13.6,0.4,11.4,1.9,-0.0,-0.0
2560,2560.05,1313.55,1313.56,0.01,13.6,0.4,11.4,1.9,-0.0,-0.0
2561,2561.10,1313.53,1313.56,0.04,16.2,1.1,11.4,3.8,-0.0,-0.0
2562,2562.06,1313.57,1313.56,-0.01,9.1,-0.4,11.4,-1.9,-0.0,-0.0
2563,2563.10,1313.55,1313.56,0.01,12.7,0.4,11.4,1.0,-0.0,-0.0
2564,2564.06,1313.57,1313.56,-0.01,10.1,-0.4,11.4,-0.9,-0.0,-0.0
2565,2565.04,1313.60,1313.56,-0.04,8.4,-1.1,11.4,-1.9,-0.0,-0.0
2566,2566.09,1313.56,1313.56,0.00,10.4,0.0,11.4,-0.9,-0.0,-0.0
2567,2567.06,1313.57,1313.56,-0.01,11.0,-0.4,11.4,0.0,-0.0,-0.0
2568,2568.10,1313.57,1313.56,-0.01,11.0,-0.4,11.4,0.0,-0.0,-0.0
2569,2569.06,1313.59,1313.56,-0.02,8.7,-0.7,11.4,-1.9,-0.0,-0.0
2570,2570.10,1313.55,1313.56,0.01,12.7,0.4,11.4,1.0,-0.0,-0.0
2571,2571.07,1313.55,1313.56,0.01,14.6,0.4,11.4,2.9,-0.0,-0.0
2572,2572.11,1313.56,1313.56,0.00,12.3,0.0,11.3,1.0,-0.0,-0.0
2573,2573.09,1313.55,1313.56,0.01,12.6,0.4,11.3,0.9,-0.0,-0.0
2574,2574.07,1313.59,1313.56,-0.02,8.7,-0.7,11.3,-1.9,-0.0,-0.0
2575,2575.11,1313.53,1313.56,0.04,16.2,1.1,11.3,3.8,-0.0,-0.0
2576,2576.08,1313.57,1313.56,-0.01,8.1,-0.4,11.3,-2.8,-0.0,-0.0
2577,2577.12,1313.56,1313.56,0.00,12.3,0.0,11.3,0.9,-0.0,-0.0
2578,2578.07,1313.55,1313.56,0.01,13.6,0.4,11.3,1.9,-0.0,-0.0
2579,2579.11,1313.57,1313.56,-0.01,9.0,-0.4,11.3,-1.9,-0.0,-0.0
2580,2580.08,1313.55,1313.56,0.01,12.6,0.4,11.3,0.9,-0.0,-0.0
2581,2581.04,1313.56,1313.56,0.00,11.3,0.0,11.3,0.0,-0.0,-0.0
2582,2582.10,1313.56,1313.56,0.00,12.3,0.0,11.3,0.9,-0.0,-0.0
2583,2583.06,1313.55,1313.56,0.01,13.6,0.4,11.3,1.9,-0.0,-0.0
2584,2584.11,1313.54,1313.56,0.02,13.0,0.7,11.3,1.0,-0.0,-0.0
2585,2585.08,1313.55,1313.56,0.01,13.6,0.4,11.4,1.9,-0.0,-0.0
2586,2586.04,1313.55,1313.56,0.01,13.6,0.4,11.4,1.9,-0.0,-0.0
2587,2587.09,1313.54,1313.56,0.02,14.9,0.7,11.3,2.9,-0.0,-0.0
2588,2588.05,1313.57,1313.56,-0.01,10.0,-0.4,11.3,-1.0,-0.0,-0.0
2589,2589.09,1313.59,1313.56,-0.02,8.7,-0.7,11.3,-1.9,-0.0,-0.0
2590,2590.06,1313.57,1313.56,-0.01,11.0,-0.4,11.4,0.0,-0.0,-0.0
2591,2591.11,1313.54,1313.56,0.02,14.9,0.7,11.4,2.8,-0.0,-0.0
2592,2592.08,1313.54,1313.56,0.02,14.0,0.7,11.4,1.9,-0.0,-0.0
2593,2593.05,1313.60,1313.56,-0.04,6.4,-1.1,11.4,-3.8,-0.0,-0.0
2594,2594.09,1313.57,1313.56,-0.01,11.0,-0.4,11.3,0.0,-0.0,-0.0
2595,2595.04,1313.55,1313.56,0.01,10.8,0.4,11.4,-1.0,-0.0,-0.0
2596,2596.08,1313.59,1313.56,-0.02,9.7,-0.7,11.3,-0.9,-0.0,-0.0
2597,2597.04,1313.55,1313.56,0.01,14.6,0.4,11.3,2.9,-0.0,-0.0
2598,2598.09,1313.56,1313.56,0.00,11.4,0.0,11.4,0.0,-0.0,-0.0
2599,2599.05,1313.56,1313.56,0.00,13.3,0.0,11.3,1.9,-0.0,-0.0
2600,2600.08,1313.59,1313.56,-0.02,9.6,-0.7,11.3,-1.0,-0.0,-0.0
2601,2601.12,1313.55,1313.56,0.01,12.7,0.4,11.3,1.0,-0.0,-0.0
2602,2602.07,1313.59,1313.56,-0.02,7.7,-0.7,11.3,-2.9,-0.0,-0.0
2603,2603.04,1313.56,1313.56,0.00,12.3,0.0,11.3,0.9,-0.0,-0.0
2604,2604.08,1313.55,1313.56,0.01,14.5,0.4,11.3,2.9,-0.0,-0.0
2605,2605.11,1313.57,1313.56,-0.01,9.1,-0.4,11.3,-1.9,-0.0,-0.0
2606,2606.07,1313.54,1313.56,0.02,14.9,0.7,11.3,2.9,-0.0,-0.0
2607,2607.04,1313.57,1313.56,-0.01,9.1,-0.4,11.3,-1.9,-0.0,-0.0
2608,2608.09,1313.59,1313.56,-0.02,8.7,-0.7,11.3,-1.9,-0.0,-0.0
2609,2609.05,1313.59,1313.56,-0.02,8.7,-0.7,11.3,-1.9,-0.0,-0.0
2610,2610.10,1313.57,1313.56,-0.01,9.1,-0.4,11.3,-1.9,-0.0,-0.0
2611,2611.06,1313.59,1313.56,-0.02,10.6,-0.7,11.3,0.0,-0.0,-0.0
2612,2612.11,1313.57,1313.56,-0.01,8.1,-0.4,11.3,-2.8,-0.0,-0.0
2613,2613.08,1313.56,1313.56,0.00,12.3,0.0,11.3,1.0,-0.0,-0.0
2614,2614.04,1313.57,1313.56,-0.01,10.0,-0.4,11.3,-1.0,-0.0,-0.0
2615,2615.08,1313.56,1313.56,0.00,10.4,0.0,11.3,-1.0,-0.0,-0.0
2616,2616.12,1313.57,1313.56,-0.01,9.0,-0.4,11.3,-1.9,-0.0,-0.0
2617,2617.10,1313.56,1313.56,0.00,13.2,0.0,11.3,1.9,-0.0,-0.0
2618,2618.06,1313.56,1313.56,0.00,13.2,0.0,11.3,1.9,-0.0,-0.0
2619,2619.11,1313.57,1313.56,-0.01,10.0,-0.4,11.3,-1.0,-0.0,-0.0
2620,2620.07,1313.55,1313.56,0.01,12.6,0.4,11.3,1.0,-0.0,-0.0
2621,2621.11,1313.59,1313.56,-0.02,5.8,-0.7,11.3,-4.7,-0.0,-0.0
2622,2622.08,1313.57,1313.56,-0.01,10.0,-0.4,11.3,-0.9,-0.0,-0.0
2623,2623.05,1313.56,1313.56,0.00,11.3,0.0,11.3,0.0,-0.0,-0.0
2624,2624.09,1313.54,1313.56,0.02,14.0,0.7,11.3,1.9,-0.0,-0.0
2625,2625.05,1313.56,1313.56,0.00,12.3,0.0,11.3,1.0,-0.0,-0.0
2626,2626.08,1313.60,1313.56,-0.04,6.4,-1.1,11.3,-3.8,-0.0,-0.0
2627,2627.06,1313.51,1313.56,0.05,15.6,1.5,11.3,2.8,-0.0,-0.0
2628,2628.10,1313.59,1313.56,-0.02,6.8,-0.7,11.3,-3.8,-0.0,-0.0
2629,2629.07,1313.56,1313.56,0.00,12.3,0.0,11.3,0.9,-0.0,-0.0
2630,2630.11,1313.56,1313.56,0.00,12.3,0.0,11.3,0.9,-0.0,-0.0
2631,2631.08,1313.57,1313.56,-0.01,9.0,-0.4,11.3,-1.9,-0.0,-0.0
2632,2632.05,1313.56,1313.56,0.00,11.3,0.0,11.3,0.0,-0.0,-0.0
2633,2633.08,1313.55,1313.56,0.01,11.7,0.4,11.3,0.0,-0.0,-0.0
2634,2634.04,1313.57,1313.56,-0.01,9.0,-0.4,11.3,-1.9,-0.0,-0.0
2635,2635.09,1313.56,1313.56,0.00,10.4,0.0,11.3,-0.9,-0.0,-0.0
2636,2636.06,1313.56,1313.56,0.00,12.2,0.0,11.3,0.9,-0.0,-0.0
2637,2637.10,1313.54,1313.56,0.02,14.9,0.7,11.3,2.9,-0.0,-0.0
2638,2638.07,1313.55,1313.56,0.01,10.8,0.4,11.3,-0.9,-0.0,-0.0
2639,2639.04,1313.57,1313.56,-0.01,10.0,-0.4,11.3,-1.0,-0.0,-0.0
2640,2640.08,1313.59,1313.56,-0.02,9.6,-0.7,11.3,-0.9,-0.0,-0.0
2641,2641.04,1313.55,1313.56,0.01,13.6,0.4,11.3,1.9,-0.0,-0.0
2642,2642.07,1313.56,1313.56,0.00,11.3,0.0,11.3,0.0,-0.0,-0.0
2643,2643.04,1313.56,1313.56,0.00,12.3,0.0,11.3,0.9,-0.0,-0.0
2644,2644.09,1313.56,1313.56,0.00,9.4,0.0,11.3,-1.9,-0.0,-0.0
2645,2645.05,1313.57,1313.56,-0.01,11.9,-0.4,11.3,1.0,-0.0,-0.0
2646,2646.10,1313.56,1313.56,0.00,12.3,0.0,11.3,0.9,-0.0,-0.0
2647,2647.07,1313.55,1313.56,0.01,12.6,0.4,11.3,0.9,-0.0,-0.0
2648,2648.04,1313.57,1313.56,-0.01,10.0,-0.4,11.3,-0.9,-0.0,-0.0
2649,2649.09,1313.60,1313.56,-0.04,7.4,-1.1,11.3,-2.8,-0.0,-0.0
2650,2650.06,1313.56,1313.56,0.00,10.4,0.0,11.3,-0.9,-0.0,-0.0
2651,2651.10,1313.56,1313.56,0.00,10.4,0.0,11.3,-1.0,-0.0,-0.0
2652,2652.06,1313.56,1313.56,0.00,13.2,0.0,11.3,1.9,-0.0,-0.0
2653,2653.04,1313.56,1313.56,0.00,10.4,0.0,11.3,-0.9,-0.0,-0.0
2654,2654.08,1313.56,1313.56,0.00,9.4,0.0,11.3,-1.9,-0.0,-0.0
2655,2655.05,1313.56,1313.56,0.00,10.4,0.0,11.3,-0.9,-0.0,-0.0
2656,2656.10,1313.55,1313.56,0.01,10.7,0.4,11.3,-0.9,-0.0,-0.0
2657,2657.06,1313.57,1313.56,-0.01,11.0,-0.4,11.3,0.0,-0.0,-0.0
2658,2658.11,1313.59,1313.56,-0.02,9.6,-0.7,11.3,-0.9,-0.0,-0.0
2659,2659.06,1313.55,1313.56,0.01,13.6,0.4,11.3,1.9,-0.0,-0.0
2660,2660.10,1313.56,1313.56,0.00,11.3,0.0,11.3,0.0,-0.0,-0.0
2661,2661.08,1313.56,1313.56,0.00,8.5,0.0,11.3,-2.8,-0.0,-0.0
2662,2662.04,1313.54,1313.56,0.02,15.9,0.7,11.3,3.8,-0.0,-0.0
2663,2663.09,1313.57,1313.56,-0.01,9.1,-0.4,11.3,-1.9,-0.0,-0.0
2664,2664.07,1313.57,1313.56,-0.01,10.9,-0.4,11.3,0.0,-0.0,-0.0
2665,2665.11,1313.55,1313.56,0.01,12.6,0.4,11.3,1.0,-0.0,-0.0
2666,2666.09,1313.56,1313.56,0.00,11.3,0.0,11.3,0.0,-0.0,-0.0
2667,2667.04,1313.55,1313.56,0.01,13.6,0.4,11.3,1.9,-0.0,-0.0
2668,2668.11,1313.56,1313.56,0.00,13.2,0.0,11.3,1.9,-0.0,-0.0
2669,2669.07,1313.57,1313.56,-0.01,10.0,-0.4,11.3,-1.0,-0.0,-0.0
2670,2670.11,1313.57,1313.56,-0.01,7.1,-0.4,11.3,-3.8,-0.0,-0.0
2671,2671.07,1313.55,1313.56,0.01,14.6,0.4,11.3,2.9,-0.0,-0.0
2672,2672.11,1313.59,1313.56,-0.02,6.7,-0.7,11.3,-3.9,-0.0,-0.0
2673,2673.07,1313.56,1313.56,0.00,12.3,0.0,11.3,1.0,-0.0,-0.0
2674,2674.04,1313.55,1313.56,0.01,12.6,0.4,11.3,1.0,-0.0,-0.0
2675,2675.09,1313.57,1313.56,-0.01,9.1,-0.4,11.3,-1.9,-0.0,-0.0
2676,2676.07,1313.55,1313.56,0.01,12.6,0.4,11.3,0.9,-0.0,-0.0
2677,2677.04,1313.56,1313.56,0.00,11.3,0.0,11.3,0.0,-0.0,-0.0
2678,2678.09,1313.57,1313.56,-0.01,8.1,-0.4,11.3,-2.9,-0.0,-0.0
2679,2679.05,1313.54,1313.56,0.02,14.9,0.7,11.3,2.9,-0.0,-0.0
2680,2680.10,1313.57,1313.56,-0.01,10.0,-0.4,11.3,-1.0,-0.0,-0.0
2681,2681.07,1313.55,1313.56,0.01,12.6,0.4,11.3,0.9,-0.0,-0.0
2682,2682.12,1313.57,1313.56,-0.01,10.9,-0.4,11.3,0.0,-0.0,-0.0
2683,2683.08,1313.55,1313.56,0.01,12.6,0.4,11.3,1.0,-0.0,-0.0
2684,2684.05,1313.57,1313.56,-0.01,8.1,-0.4,11.3,-2.9,-0.0,-0.0
2685,2685.10,1313.59,1313.56,-0.02,10.6,-0.7,11.3,0.0,-0.0,-0.0
2686,2686.06,1313.55,1313.56,0.01,12.6,0.4,11.3,1.0,-0.0,-0.0
2687,2687.04,1313.56,1313.56,0.00,11.3,0.0,11.3,0.0,-0.0,-0.0
2688,2688.08,1313.56,1313.56,0.00,8.5,0.0,11.3,-2.8,-0.0,-0.0
2689,2689.11,1313.56,1313.56,0.00,9.4,0.0,11.3,-1.9,-0.0,-0.0
2690,2690.08,1313.56,1313.56,0.00,12.3,0.0,11.3,0.9,-0.0,-0.0
2691,2691.04,1313.57,1313.56,-0.01,11.0,-0.4,11.3,0.0,-0.0,-0.0
2692,2692.09,1313.56,1313.56,0.00,12.3,0.0,11.3,0.9,-0.0,-0.0
2693,2693.07,1313.56,1313.56,0.00,8.5,0.0,11.3,-2.8,-0.0,-0.0
2694,2694.11,1313.54,1313.56,0.02,14.9,0.7,11.3,2.9,-0.0,-0.0
2695,2695.09,1313.56,1313.56,0.00,11.3,0.0,11.3,0.0,-0.0,-0.0
2696,2696.05,1313.56,1313.56,0.00,12.3,0.0,11.3,1.0,-0.0,-0.0
2697,2697.09,1313.57,1313.56,-0.01,10.0,-0.4,11.3,-0.9,-0.0,-0.0
2698,2698.04,1313.59,1313.56,-0.02,8.7,-0.7,11.3,-1.9,-0.0,-0.0
2699,2699.09,1313.56,1313.56,0.00,9.4,0.0,11.3,-1.9,-0.0,-0.0
2700,2700.06,1313.56,1313.56,0.00,12.3,0.0,11.3,0.9,-0.0,-0.0
2701,2701.11,1313.54,1313.56,0.02,15.8,0.7,11.3,3.8,-0.0,-0.0
2702,2702.07,1313.57,1313.56,-0.01,10.0,-0.4,11.3,-0.9,-0.0,-0.0
2703,2703.10,1313.56,1313.56,0.00,11.3,0.0,11.3,0.0,-0.0,-0.0
2704,2704.07,1313.55,1313.56,0.01,13.6,0.4,11.3,1.9,-0.0,-0.0
2705,2705.11,1313.57,1313.56,-0.01,9.1,-0.4,11.3,-1.9,-0.0,-0.0
2706,2706.09,1313.59,1313.56,-0.02,9.6,-0.7,11.3,-0.9,-0.0,-0.0
2707,2707.07,1313.55,1313.56,0.01,11.7,0.4,11.3,0.0,-0.0,-0.0
2708,2708.11,1313.53,1313.56,0.04,15.3,1.1,11.3,2.9,-0.0,-0.0
2709,2709.08,1313.55,1313.56,0.01,13.6,0.4,11.3,1.9,-0.0,-0.0
2710,2710.04,1313.55,1313.56,0.01,13.6,0.4,11.3,1.9,-0.0,-0.0
2711,2711.09,1313.55,1313.56,0.01,11.7,0.4,11.3,0.0,-0.0,-0.0
2712,2712.05,1313.57,1313.56,-0.01,10.9,-0.4,11.3,0.0,-0.0,-0.0
2713,2713.10,1313.57,1313.56,-0.01,8.1,-0.4,11.3,-2.8,-0.0,-0.0
2714,2714.08,1313.55,1313.56,0.01,12.6,0.4,11.3,0.9,-0.0,-0.0
2715,2715.11,1313.59,1313.56,-0.02,8.7,-0.7,11.3,-1.9,-0.0,-0.0
2716,2716.07,1313.53,1313.56,0.04,17.2,1.1,11.3,4.8,-0.0,-0.0
2717,2717.10,1313.54,1313.56,0.02,13.0,0.7,11.3,1.0,-0.0,-0.0
2718,2718.07,1313.53,1313.56,0.04,16.3,1.1,11.3,3.8,-0.0,-0.0
2719,2719.11,1313.56,1313.56,0.00,11.3,0.0,11.3,0.0,-0.0,-0.0
2720,2720.09,1313.55,1313.56,0.01,13.6,0.4,11.3,1.9,-0.0,-0.0
2721,2721.05,1313.56,1313.56,0.00,13.2,0.0,11.3,1.9,-0.0,-0.0
2722,2722.10,1313.55,1313.56,0.01,13.6,0.4,11.3,1.9,-0.0,-0.0
2723,2723.08,1313.60,1313.56,-0.04,7.4,-1.1,11.3,-2.8,-0.0,-0.0
2724,2724.04,1313.56,1313.56,0.00,15.1,0.0,11.3,3.8,-0.0,-0.0
2725,2725.09,1313.51,1313.56,0.05,17.5,1.5,11.3,4.7,-0.0,-0.0
2726,2726.05,1313.57,1313.56,-0.01,10.0,-0.4,11.3,-1.0,-0.0,-0.0
2727,2727.09,1313.55,1313.56,0.01,12.6,0.4,11.3,0.9,-0.0,-0.0
2728,2728.07,1313.57,1313.56,-0.01,9.1,-0.4,11.3,-1.9,-0.0,-0.0
2729,2729.09,1313.59,1313.56,-0.02,8.7,-0.7,11.3,-1.9,-0.0,-0.0
2730,2730.05,1313.56,1313.56,0.00,12.3,0.0,11.3,1.0,-0.0,-0.0
2731,2731.11,1313.57,1313.56,-0.01,9.1,-0.4,11.3,-1.9,-0.0,-0.0
2732,2732.08,1313.54,1313.56,0.02,14.9,0.7,11.3,2.8,-0.0,-0.0
2733,2733.06,1313.56,1313.56,0.00,10.4,0.0,11.3,-1.0,-0.0,-0.0
2734,2734.11,1313.54,1313.56,0.02,14.9,0.7,11.3,2.9,-0.0,-0.0
2735,2735.07,1313.54,1313.56,0.02,13.0,0.7,11.3,1.0,-0.0,-0.0
2736,2736.11,1313.56,1313.56,0.00,12.3,0.0,11.3,0.9,-0.0,-0.0
2737,2737.07,1313.59,1313.56,-0.02,9.6,-0.7,11.3,-0.9,-0.0,-0.0
2738,2738.12,1313.56,1313.56,0.00,11.3,0.0,11.3,0.0,-0.0,-0.0
2739,2739.09,1313.55,1313.56,0.01,12.6,0.4,11.3,0.9,-0.0,-0.0
2740,2740.04,1313.55,1313.56,0.01,11.7,0.4,11.3,0.0,-0.0,-0.0
2741,2741.09,1313.55,1313.56,0.01,12.6,0.4,11.3,0.9,-0.0,-0.0
2742,2742.05,1313.56,1313.56,0.00,13.2,0.0,11.3,1.9,-0.0,-0.0
2743,2743.10,1313.55,1313.56,0.01,11.7,0.4,11.3,0.0,-0.0,-0.0
2744,2744.06,1313.55,1313.56,0.01,13.6,0.4,11.3,1.9,-0.0,-0.0
2745,2745.11,1313.54,1313.56,0.02,14.0,0.7,11.3,1.9,-0.0,-0.0
2746,2746.09,1313.55,1313.56,0.01,13.6,0.4,11.3,1.9,-0.0,-0.0
2747,2747.04,1313.54,1313.56,0.02,14.9,0.7,11.3,2.9,-0.0,-0.0
2748,2748.07,1313.54,1313.56,0.02,14.0,0.7,11.3,1.9,-0.0,-0.0
2749,2749.11,1313.57,1313.56,-0.01,10.9,-0.4,11.3,0.0,-0.0,-0.0
2750,2750.09,1313.55,1313.56,0.01,11.7,0.4,11.3,0.0,-0.0,-0.0
2751,2751.05,1313.56,1313.56,0.00,7.5,0.0,11.3,-3.8,-0.0,-0.0
2752,2752.10,1313.56,1313.56,0.00,13.2,0.0,11.3,1.9,-0.0,-0.0
2753,2753.07,1313.57,1313.56,-0.01,8.1,-0.4,11.3,-2.8,-0.0,-0.0
2754,2754.11,1313.56,1313.56,0.00,11.3,0.0,11.3,0.0,-0.0,-0.0
2755,2755.08,1313.54,1313.56,0.02,13.0,0.7,11.3,0.9,-0.0,-0.0
2756,2756.04,1313.54,1313.56,0.02,12.1,0.7,11.3,0.0,-0.0,-0.0
2757,2757.10,1313.54,1313.56,0.02,14.9,0.7,11.4,2.8,-0.0,-0.0
2758,2758.06,1313.57,1313.56,-0.01,8.1,-0.4,11.4,-2.9,-0.0,-0.0
2759,2759.10,1313.57,1313.56,-0.01,10.0,-0.4,11.4,-1.0,-0.0,-0.0
2760,2760.06,1313.56,1313.56,0.00,12.3,0.0,11.4,1.0,-0.0,-0.0
2761,2761.11,1313.57,1313.56,-0.01,10.0,-0.4,11.4,-1.0,-0.0,-0.0
2762,2762.09,1313.56,1313.56,0.00,11.4,0.0,11.4,0.0,-0.0,-0.0
2763,2763.06,1313.57,1313.56,-0.01,11.0,-0.4,11.4,0.0,-0.0,-0.0
2764,2764.11,1313.56,1313.56,0.00,10.4,0.0,11.4,-0.9,-0.0,-0.0
2765,2765.09,1313.54,1313.56,0.02,14.0,0.7,11.4,1.9,-0.0,-0.0
2766,2766.04,1313.56,1313.56,0.00,10.4,0.0,11.4,-1.0,-0.0,-0.0
2767,2767.08,1313.54,1313.56,0.02,14.0,0.7,11.4,1.9,-0.0,-0.0
2768,2768.04,1313.57,1313.56,-0.01,11.0,-0.4,11.4,0.0,-0.0,-0.0
2769,2769.09,1313.55,1313.56,0.01,11.7,0.4,11.4,0.0,-0.0,-0.0
2770,2770.06,1313.55,1313.56,0.01,11.7,0.4,11.4,0.0,-0.0,-0.0
2771,2771.10,1313.56,1313.56,0.00,10.4,0.0,11.4,-1.0,-0.0,-0.0
2772,2772.07,1313.57,1313.56,-0.01,10.1,-0.4,11.4,-0.9,-0.0,-0.0
2773,2773.12,1313.56,1313.56,0.00,10.4,0.0,11.4,-1.0,-0.0,-0.0
2774,2774.09,1313.54,1313.56,0.02,14.0,0.7,11.4,1.9,-0.0,-0.0
2775,2775.06,1313.57,1313.56,-0.01,12.0,-0.4,11.4,1.0,-0.0,-0.0
2776,2776.04,1313.57,1313.56,-0.01,9.1,-0.4,11.4,-1.9,-0.0,-0.0
2777,2777.09,1313.59,1313.56,-0.02,7.8,-0.7,11.4,-2.8,-0.0,-0.0
2778,2778.04,1313.55,1313.56,0.01,12.7,0.4,11.4,1.0,-0.0,-0.0
2779,2779.10,1313.59,1313.56,-0.02,10.6,-0.7,11.4,0.0,-0.0,-0.0
2780,2780.08,1313.57,1313.56,-0.01,9.1,-0.4,11.4,-1.9,-0.0,-0.0
2781,2781.11,1313.57,1313.56,-0.01,11.0,-0.4,11.4,0.0,-0.0,-0.0
2782,2782.08,1313.55,1313.56,0.01,13.6,0.4,11.4,1.9,-0.0,-0.0
2783,2783.11,1313.54,1313.56,0.02,14.0,0.7,11.4,1.9,-0.0,-0.0
2784,2784.08,1313.55,1313.56,0.01,14.6,0.4,11.4,2.8,-0.0,-0.0
2785,2785.05,1313.56,1313.56,0.00,11.4,0.0,11.4,0.0,-0.0,-0.0
2786,2786.09,1313.61,1313.56,-0.05,3.1,-1.5,11.4,-6.8,-0.0,-0.0
2787,2787.06,1313.57,1313.56,-0.01,9.1,-0.4,11.4,-1.9,-0.0,-0.0
2788,2788.08,1313.55,1313.56,0.01,14.6,0.4,11.4,2.9,-0.0,-0.0
2789,2789.05,1313.55,1313.56,0.01,10.8,0.4,11.4,-1.0,-0.0,-0.0
2790,2790.09,1313.54,1313.56,0.02,13.1,0.7,11.4,1.0,-0.0,-0.0
2791,2791.07,1313.59,1313.56,-0.02,7.9,-0.7,11.4,-2.8,-0.0,-0.0
2792,2792.04,1313.57,1313.56,-0.01,11.0,-0.4,11.4,0.0,-0.0,-0.0
2793,2793.09,1313.54,1313.56,0.02,15.9,0.7,11.4,3.8,-0.0,-0.0
2794,2794.05,1313.54,1313.56,0.02,12.1,0.7,11.4,0.0,-0.0,-0.0
2795,2795.11,1313.56,1313.56,0.00,11.4,0.0,11.4,0.0,-0.0,-0.0
2796,2796.08,1313.57,1313.56,-0.01,8.2,-0.4,11.4,-2.8,-0.0,-0.0
2797,2797.04,1313.55,1313.56,0.01,11.8,0.4,11.4,0.0,-0.0,-0.0
2798,2798.09,1313.59,1313.56,-0.02,8.8,-0.7,11.4,-1.9,-0.0,-0.0
2799,2799.06,1313.53,1313.56,0.04,17.2,1.1,11.4,4.7,-0.0,-0.0
2800,2800.04,1313.57,1313.56,-0.01,12.0,-0.4,11.4,0.9,-0.0,-0.0
2801,2801.09,1313.55,1313.56,0.01,13.7,0.4,11.4,1.9,-0.0,-0.0
2802,2802.05,1313.54,1313.56,0.02,15.0,0.7,11.4,2.9,-0.0,-0.0
2803,2803.08,1313.57,1313.56,-0.01,9.1,-0.4,11.4,-1.9,-0.0,-0.0
2804,2804.04,1313.57,1313.56,-0.01,12.0,-0.4,11.4,1.0,-0.0,-0.0
2805,2805.09,1313.57,1313.56,-0.01,12.0,-0.4,11.4,1.0,-0.0,-0.0
2806,2806.06,1313.53,1313.56,0.04,13.4,1.1,11.4,0.9,-0.0,-0.0
2807,2807.10,1313.56,1313.56,0.00,12.4,0.0,11.4,1.0,-0.0,-0.0
2808,2808.05,1313.55,1313.56,0.01,13.7,0.4,11.4,1.9,-0.0,-0.0
2809,2809.10,1313.56,1313.56,0.00,9.5,0.0,11.4,-1.9,-0.0,-0.0
2810,2810.08,1313.57,1313.56,-0.01,9.2,-0.4,11.4,-1.9,-0.0,-0.0
2811,2811.04,1313.57,1313.56,-0.01,10.1,-0.4,11.4,-1.0,-0.0,-0.0
2812,2812.09,1313.54,1313.56,0.02,13.1,0.7,11.4,0.9,-0.0,-0.0
2813,2813.05,1313.57,1313.56,-0.01,11.0,-0.4,11.4,0.0,-0.0,-0.0
2814,2814.10,1313.57,1313.56,-0.01,9.1,-0.4,11.4,-1.9,-0.0,-0.0
2815,2815.06,1313.57,1313.56,-0.01,10.1,-0.4,11.4,-0.9,-0.0,-0.0
2816,2816.11,1313.56,1313.56,0.00,12.3,0.0,11.4,1.0,-0.0,-0.0
2817,2817.05,1313.55,1313.56,0.01,9.8,0.4,11.4,-1.9,-0.0,-0.0
2818,2818.10,1313.59,1313.56,-0.02,6.9,-0.7,11.4,-3.8,-0.0,-0.0
2819,2819.07,1313.56,1313.56,0.00,11.4,0.0,11.4,0.0,-0.0,-0.0
2820,2820.11,1313.55,1313.56,0.01,13.7,0.4,11.4,1.9,-0.0,-0.0
2821,2821.08,1313.55,1313.56,0.01,12.7,0.4,11.4,1.0,-0.0,-0.0
2822,2822.04,1313.59,1313.56,-0.02,7.8,-0.7,11.4,-2.9,-0.0,-0.0
2823,2823.08,1313.57,1313.56,-0.01,11.0,-0.4,11.4,0.0,-0.0,-0.0
2824,2824.06,1313.55,1313.56,0.01,13.6,0.4,11.4,1.9,-0.0,-0.0
2825,2825.09,1313.56,1313.56,0.00,13.3,0.0,11.4,1.9,-0.0,-0.0
2826,2826.07,1313.54,1313.56,0.02,14.0,0.7,11.4,1.9,-0.0,-0.0
2827,2827.11,1313.59,1313.56,-0.02,8.7,-0.7,11.4,-1.9,-0.0,-0.0
2828,2828.07,1313.55,1313.56,0.01,14.6,0.4,11.4,2.8,-0.0,-0.0
2829,2829.12,1313.56,1313.56,0.00,12.3,0.0,11.4,0.9,-0.0,-0.0
2830,2830.09,1313.56,1313.56,0.00,12.3,0.0,11.4,0.9,-0.0,-0.0
2831,2831.05,1313.57,1313.56,-0.01,11.9,-0.4,11.3,1.0,-0.0,-0.0
2832,2832.11,1313.55,1313.56,0.01,13.6,0.4,11.3,1.9,-0.0,-0.0
2833,2833.07,1313.57,1313.56,-0.01,10.0,-0.4,11.3,-1.0,-0.0,-0.0
2834,2834.04,1313.57,1313.56,-0.01,9.1,-0.4,11.3,-1.9,-0.0,-0.0
2835,2835.08,1313.59,1313.56,-0.02,7.7,-0.7,11.3,-2.9,-0.0,-0.0
2836,2836.04,1313.57,1313.56,-0.01,8.1,-0.4,11.3,-2.9,-0.0,-0.0
2837,2837.09,1313.57,1313.56,-0.01,10.0,-0.4,11.3,-0.9,-0.0,-0.0
2838,2838.05,1313.53,1313.56,0.04,14.3,1.1,11.3,1.9,-0.0,-0.0
2839,2839.09,1313.56,1313.56,0.00,10.4,0.0,11.3,-0.9,-0.0,-0.0
2840,2840.05,1313.59,1313.56,-0.02,7.7,-0.7,11.3,-2.9,-0.0,-0.0
2841,2841.11,1313.56,1313.56,0.00,10.4,0.0,11.3,-0.9,-0.0,-0.0
2842,2842.08,1313.56,1313.56,0.00,12.3,0.0,11.3,0.9,-0.0,-0.0
2843,2843.05,1313.56,1313.56,0.00,13.2,0.0,11.3,1.9,-0.0,-0.0
2844,2844.09,1313.59,1313.56,-0.02,9.6,-0.7,11.3,-1.0,-0.0,-0.0
2845,2845.06,1313.57,1313.56,-0.01,10.0,-0.4,11.3,-1.0,-0.0,-0.0
2846,2846.11,1313.56,1313.56,0.00,12.3,0.0,11.3,0.9,-0.0,-0.0
2847,2847.07,1313.55,1313.56,0.01,16.5,0.4,11.3,4.8,-0.0,-0.0
2848,2848.04,1313.55,1313.56,0.01,10.8,0.4,11.3,-0.9,-0.0,-0.0
2849,2849.09,1313.56,1313.56,0.00,10.4,0.0,11.4,-0.9,-0.0,-0.0
2850,2850.04,1313.56,1313.56,0.00,13.2,0.0,11.4,1.9,-0.0,-0.0
2851,2851.10,1313.54,1313.56,0.02,14.0,0.7,11.4,1.9,-0.0,-0.0
2852,2852.07,1313.56,1313.56,0.00,10.4,0.0,11.4,-0.9,-0.0,-0.0
2853,2853.04,1313.59,1313.56,-0.02,8.7,-0.7,11.4,-1.9,-0.0,-0.0
2854,2854.08,1313.57,1313.56,-0.01,10.0,-0.4,11.3,-1.0,-0.0,-0.0
2855,2855.06,1313.60,1313.56,-0.04,4.6,-1.1,11.4,-5.6,-0.0,-0.0
2856,2856.09,1313.56,1313.56,0.00,11.4,0.0,11.4,0.0,-0.0,-0.0
2857,2857.07,1313.56,1313.56,0.00,10.4,0.0,11.4,-0.9,-0.0,-0.0
2858,2858.10,1313.54,1313.56,0.02,15.0,0.7,11.4,2.9,-0.0,-0.0
2859,2859.07,1313.59,1313.56,-0.02,8.7,-0.7,11.4,-1.9,-0.0,-0.0
2860,2860.11,1313.56,1313.56,0.00,12.3,0.0,11.4,0.9,-0.0,-0.0
2861,2861.09,1313.57,1313.56,-0.01,11.9,-0.4,11.3,0.9,-0.0,-0.0
2862,2862.04,1313.55,1313.56,0.01,13.6,0.4,11.3,1.9,-0.0,-0.0
2863,2863.09,1313.59,1313.56,-0.02,7.8,-0.7,11.3,-2.8,-0.0,-0.0
2864,2864.06,1313.55,1313.56,0.01,13.6,0.4,11.3,1.9,-0.0,-0.0
2865,2865.10,1313.55,1313.56,0.01,13.6,0.4,11.3,1.9,-0.0,-0.0
2866,2866.08,1313.55,1313.56,0.01,12.6,0.4,11.3,0.9,-0.0,-0.0
2867,2867.05,1313.55,1313.56,0.01,14.6,0.4,11.3,2.9,-0.0,-0.0
2868,2868.11,1313.55,1313.56,0.01,13.6,0.4,11.3,1.9,-0.0,-0.0
2869,2869.06,1313.57,1313.56,-0.01,9.0,-0.4,11.3,-1.9,-0.0,-0.0
2870,2870.10,1313.57,1313.56,-0.01,10.0,-0.4,11.3,-1.0,-0.0,-0.0
2871,2871.07,1313.60,1313.56,-0.04,9.3,-1.1,11.3,-0.9,-0.0,-0.0
2872,2872.04,1313.53,1313.56,0.04,16.2,1.1,11.3,3.8,-0.0,-0.0
2873,2873.09,1313.57,1313.56,-0.01,9.1,-0.4,11.3,-1.9,-0.0,-0.0
2874,2874.06,1313.59,1313.56,-0.02,7.7,-0.7,11.3,-2.9,-0.0,-0.0
2875,2875.11,1313.56,1313.56,0.00,13.2,0.0,11.3,1.9,-0.0,-0.0
2876,2876.07,1313.54,1313.56,0.02,14.9,0.7,11.3,2.9,-0.0,-0.0
2877,2877.12,1313.59,1313.56,-0.02,7.7,-0.7,11.3,-2.8,-0.0,-0.0
2878,2878.07,1313.56,1313.56,0.00,11.3,0.0,11.3,0.0,-0.0,-0.0
2879,2879.04,1313.59,1313.56,-0.02,9.6,-0.7,11.3,-1.0,-0.0,-0.0
2880,2880.09,1313.54,1313.56,0.02,13.9,0.7,11.3,1.9,-0.0,-0.0
2881,2881.04,1313.54,1313.56,0.02,12.0,0.7,11.3,0.0,-0.0,-0.0
2882,2882.08,1313.57,1313.56,-0.01,8.1,-0.4,11.3,-2.8,-0.0,-0.0
2883,2883.05,1313.55,1313.56,0.01,13.6,0.4,11.3,1.9,-0.0,-0.0
2884,2884.10,1313.56,1313.56,0.00,12.3,0.0,11.3,0.9,-0.0,-0.0
2885,2885.05,1313.56,1313.56,0.00,12.3,0.0,11.3,1.0,-0.0,-0.0
2886,2886.10,1313.54,1313.56,0.02,12.1,0.7,11.3,0.0,-0.0,-0.0
2887,2887.07,1313.56,1313.56,0.00,9.4,0.0,11.3,-1.9,-0.0,-0.0
2888,2888.11,1313.59,1313.56,-0.02,9.6,-0.7,11.3,-0.9,-0.0,-0.0
2889,2889.08,1313.55,1313.56,0.01,11.7,0.4,11.3,0.0,-0.0,-0.0
2890,2890.04,1313.54,1313.56,0.02,14.9,0.7,11.3,2.9,-0.0,-0.0
2891,2891.09,1313.55,1313.56,0.01,12.6,0.4,11.3,1.0,-0.0,-0.0
2892,2892.06,1313.59,1313.56,-0.02,9.6,-0.7,11.3,-0.9,-0.0,-0.0
2893,2893.10,1313.57,1313.56,-0.01,10.9,-0.4,11.3,0.0,-0.0,-0.0
2894,2894.06,1313.57,1313.56,-0.01,9.0,-0.4,11.3,-1.9,-0.0,-0.0
2895,2895.11,1313.56,1313.56,0.00,11.3,0.0,11.3,0.0,-0.0,-0.0
2896,2896.08,1313.54,1313.56,0.02,14.8,0.7,11.3,2.8,-0.0,-0.0
2897,2897.06,1313.55,1313.56,0.01,12.6,0.4,11.3,0.9,-0.0,-0.0
2898,2898.10,1313.56,1313.56,0.00,12.3,0.0,11.3,1.0,-0.0,-0.0
2899,2899.07,1313.57,1313.56,-0.01,9.0,-0.4,11.3,-1.9,-0.0,-0.0
2900,2900.12,1313.56,1313.56,0.00,11.3,0.0,11.3,0.0,-0.0,-0.0
2901,2901.08,1313.57,1313.56,-0.01,8.1,-0.4,11.3,-2.8,-0.0,-0.0
2902,2902.05,1313.57,1313.56,-0.01,9.0,-0.4,11.3,-1.9,-0.0,-0.0
2903,2903.09,1313.55,1313.56,0.01,11.7,0.4,11.3,0.0,-0.0,-0.0
2904,2904.04,1313.56,1313.56,0.00,11.3,0.0,11.3,0.0,-0.0,-0.0
2905,2905.09,1313.57,1313.56,-0.01,10.0,-0.4,11.3,-0.9,-0.0,-0.0
2906,2906.06,1313.54,1313.56,0.02,18.7,0.7,11.3,6.6,-0.0,-0.0
2907,2907.11,1313.59,1313.56,-0.02,9.6,-0.7,11.3,-0.9,-0.0,-0.0
2908,2908.07,1313.56,1313.56,0.00,9.4,0.0,11.3,-1.9,-0.0,-0.0
2909,2909.05,1313.55,1313.56,0.01,14.5,0.4,11.3,2.8,-0.0,-0.0
2910,2910.09,1313.57,1313.56,-0.01,8.1,-0.4,11.3,-2.9,-0.0,-0.0
2911,2911.07,1313.56,1313.56,0.00,13.2,0.0,11.3,1.9,-0.0,-0.0
2912,2912.11,1313.54,1313.56,0.02,14.9,0.7,11.3,2.9,-0.0,-0.0
2913,2913.07,1313.53,1313.56,0.04,15.3,1.1,11.3,2.9,-0.0,-0.0
2914,2914.04,1313.56,1313.56,0.00,12.3,0.0,11.4,0.9,-0.0,-0.0
2915,2915.09,1313.57,1313.56,-0.01,10.0,-0.4,11.4,-0.9,-0.0,-0.0
2916,2916.06,1313.56,1313.56,0.00,10.4,0.0,11.4,-0.9,-0.0,-0.0
2917,2917.11,1313.60,1313.56,-0.04,7.4,-1.1,11.4,-2.8,-0.0,-0.0
2918,2918.07,1313.57,1313.56,-0.01,10.0,-0.4,11.4,-1.0,-0.0,-0.0
2919,2919.05,1313.55,1313.56,0.01,11.7,0.4,11.4,0.0,-0.0,-0.0
2920,2920.08,1313.56,1313.56,0.00,12.3,0.0,11.3,0.9,-0.0,-0.0
2921,2921.04,1313.55,1313.56,0.01,12.7,0.4,11.3,1.0,-0.0,-0.0
2922,2922.08,1313.55,1313.56,0.01,11.7,0.4,11.3,0.0,-0.0,-0.0
2923,2923.04,1313.57,1313.56,-0.01,11.9,-0.4,11.3,0.9,-0.0,-0.0
2924,2924.09,1313.54,1313.56,0.02,14.9,0.7,11.3,2.8,-0.0,-0.0
2925,2925.04,1313.57,1313.56,-0.01,10.0,-0.4,11.3,-1.0,-0.0,-0.0
2926,2926.09,1313.57,1313.56,-0.01,9.1,-0.4,11.3,-1.9,-0.0,-0.0
2927,2927.04,1313.55,1313.56,0.01,12.7,0.4,11.3,1.0,-0.0,-0.0
2928,2928.08,1313.57,1313.56,-0.01,10.0,-0.4,11.3,-1.0,-0.0,-0.0
2929,2929.11,1313.53,1313.56,0.04,14.4,1.1,11.3,1.9,-0.0,-0.0
2930,2930.08,1313.59,1313.56,-0.02,7.7,-0.7,11.3,-2.9,-0.0,-0.0
2931,2931.05,1313.57,1313.56,-0.01,11.0,-0.4,11.3,0.0,-0.0,-0.0
2932,2932.08,1313.55,1313.56,0.01,9.8,0.4,11.3,-1.9,-0.0,-0.0
2933,2933.04,1313.57,1313.56,-0.01,11.0,-0.4,11.3,0.0,-0.0,-0.0
2934,2934.07,1313.56,1313.56,0.00,9.4,0.0,11.3,-1.9,-0.0,-0.0
2935,2935.05,1313.56,1313.56,0.00,11.3,0.0,11.3,0.0,-0.0,-0.0
2936,2936.09,1313.57,1313.56,-0.01,10.0,-0.4,11.3,-1.0,-0.0,-0.0
2937,2937.06,1313.59,1313.56,-0.02,9.6,-0.7,11.3,-0.9,-0.0,-0.0
2938,2938.10,1313.56,1313.56,0.00,9.4,0.0,11.3,-1.9,-0.0,-0.0
2939,2939.07,1313.57,1313.56,-0.01,10.9,-0.4,11.3,0.0,-0.0,-0.0
2940,2940.11,1313.55,1313.56,0.01,13.6,0.4,11.3,1.9,-0.0,-0.0
2941,2941.08,1313.54,1313.56,0.02,12.0,0.7,11.3,0.0,-0.0,-0.0
2942,2942.11,1313.57,1313.56,-0.01,9.0,-0.4,11.3,-1.9,-0.0,-0.0
2943,2943.10,1313.55,1313.56,0.01,13.5,0.4,11.3,1.8,-0.0,-0.0
2944,2944.05,1313.59,1313.56,-0.02,9.6,-0.7,11.3,-0.9,-0.0,-0.0
2945,2945.10,1313.55,1313.56,0.01,14.5,0.4,11.3,2.9,-0.0,-0.0
2946,2946.07,1313.56,1313.56,0.00,10.4,0.0,11.3,-0.9,-0.0,-0.0
2947,2947.11,1313.56,1313.56,0.00,12.3,0.0,11.3,1.0,-0.0,-0.0
2948,2948.09,1313.57,1313.56,-0.01,10.0,-0.4,11.3,-0.9,-0.0,-0.0
2949,2949.06,1313.56,1313.56,0.00,12.2,0.0,11.3,0.9,-0.0,-0.0
2950,2950.11,1313.57,1313.56,-0.01,10.0,-0.4,11.3,-0.9,-0.0,-0.0
2951,2951.08,1313.56,1313.56,0.00,12.2,0.0,11.3,0.9,-0.0,-0.0
2952,2952.12,1313.57,1313.56,-0.01,10.0,-0.4,11.3,-1.0,-0.0,-0.0
2953,2953.09,1313.56,1313.56,0.00,12.2,0.0,11.3,0.9,-0.0,-0.0
2954,2954.06,1313.56,1313.56,0.00,10.3,0.0,11.3,-1.0,-0.0,-0.0
2955,2955.11,1313.55,1313.56,0.01,13.5,0.4,11.3,1.9,-0.0,-0.0
2956,2956.08,1313.56,1313.56,0.00,10.3,0.0,11.3,-0.9,-0.0,-0.0
2957,2957.05,1313.57,1313.56,-0.01,8.1,-0.4,11.3,-2.8,-0.0,-0.0
2958,2958.11,1313.56,1313.56,0.00,12.2,0.0,11.3,0.9,-0.0,-0.0
2959,2959.06,1313.54,1313.56,0.02,14.8,0.7,11.3,2.8,-0.0,-0.0
2960,2960.11,1313.56,1313.56,0.00,13.2,0.0,11.3,1.9,-0.0,-0.0
2961,2961.09,1313.57,1313.56,-0.01,9.0,-0.4,11.3,-1.9,-0.0,-0.0
2962,2962.06,1313.56,1313.56,0.00,10.3,0.0,11.3,-0.9,-0.0,-0.0
2963,2963.10,1313.57,1313.56,-0.01,9.0,-0.4,11.3,-1.9,-0.0,-0.0
2964,2964.07,1313.59,1313.56,-0.02,9.6,-0.7,11.3,-0.9,-0.0,-0.0
2965,2965.11,1313.54,1313.56,0.02,12.0,0.7,11.3,0.0,-0.0,-0.0
2966,2966.08,1313.57,1313.56,-0.01,9.9,-0.4,11.3,-0.9,-0.0,-0.0
2967,2967.05,1313.59,1313.56,-0.02,6.7,-0.7,11.3,-3.8,-0.0,-0.0
2968,2968.09,1313.55,1313.56,0.01,12.6,0.4,11.3,1.0,-0.0,-0.0
2969,2969.07,1313.55,1313.56,0.01,13.5,0.4,11.3,1.9,-0.0,-0.0
2970,2970.10,1313.55,1313.56,0.01,11.6,0.4,11.3,0.0,-0.0,-0.0
2971,2971.07,1313.56,1313.56,0.00,12.2,0.0,11.3,1.0,-0.0,-0.0
2972,2972.04,1313.55,1313.56,0.01,13.5,0.4,11.3,1.9,-0.0,-0.0
2973,2973.07,1313.59,1313.56,-0.02,7.7,-0.7,11.3,-2.9,-0.0,-0.0
2974,2974.04,1313.55,1313.56,0.01,12.6,0.4,11.3,1.0,-0.0,-0.0
2975,2975.08,1313.59,1313.56,-0.02,7.7,-0.7,11.3,-2.9,-0.0,-0.0
2976,2976.05,1313.56,1313.56,0.00,11.3,0.0,11.3,0.0,-0.0,-0.0
2977,2977.09,1313.59,1313.56,-0.02,10.5,-0.7,11.2,0.0,-0.0,-0.0
2978,2978.05,1313.55,1313.56,0.01,9.7,0.4,11.3,-1.9,-0.0,-0.0
2979,2979.09,1313.54,1313.56,0.02,16.8,0.7,11.3,4.8,-0.0,-0.0
2980,2980.06,1313.55,1313.56,0.01,13.5,0.4,11.3,1.9,-0.0,-0.0
2981,2981.10,1313.54,1313.56,0.02,12.0,0.7,11.3,0.0,-0.0,-0.0
2982,2982.07,1313.56,1313.56,0.00,12.2,0.0,11.3,1.0,-0.0,-0.0
2983,2983.04,1313.55,1313.56,0.01,14.5,0.4,11.3,2.8,-0.0,-0.0
2984,2984.08,1313.56,1313.56,0.00,12.2,0.0,11.3,1.0,-0.0,-0.0
2985,2985.04,1313.56,1313.56,0.00,13.2,0.0,11.3,1.9,-0.0,-0.0
2986,2986.07,1313.56,1313.56,0.00,10.3,0.0,11.3,-1.0,-0.0,-0.0
2987,2987.04,1313.57,1313.56,-0.01,9.0,-0.4,11.3,-1.9,-0.0,-0.0
2988,2988.08,1313.56,1313.56,0.00,10.3,0.0,11.3,-1.0,-0.0,-0.0
2989,2989.05,1313.54,1313.56,0.02,12.0,0.7,11.3,0.0,-0.0,-0.0
2990,2990.11,1313.57,1313.56,-0.01,10.0,-0.4,11.3,-0.9,-0.0,-0.0
2991,2991.06,1313.55,1313.56,0.01,12.6,0.4,11.3,1.0,-0.0,-0.0
2992,2992.10,1313.56,1313.56,0.00,12.2,0.0,11.3,1.0,-0.0,-0.0
2993,2993.07,1313.57,1313.56,-0.01,10.9,-0.4,11.3,0.0,-0.0,-0.0
2994,2994.12,1313.54,1313.56,0.02,12.0,0.7,11.3,0.0,-0.0,-0.0
2995,2995.09,1313.56,1313.56,0.00,11.3,0.0,11.3,0.0,-0.0,-0.0
2996,2996.06,1313.56,1313.56,0.00,12.2,0.0,11.3,0.9,-0.0,-0.0
2997,2997.10,1313.53,1313.56,0.04,15.2,1.1,11.3,2.9,-0.0,-0.0
2998,2998.07,1313.56,1313.56,0.00,9.4,0.0,11.3,-1.9,-0.0,-0.0
2999,2999.04,1313.59,1313.56,-0.02,10.6,-0.7,11.3,0.0,-0.0,-0.0
3000,3000.09,1313.55,1313.56,0.01,13.6,0.4,11.3,1.9,-0.0,-0.0
3001,3001.05,1313.59,1313.56,-0.02,9.6,-0.7,11.3,-1.0,-0.0,-0.0
3002,3002.09,1313.56,1313.56,0.00,11.3,0.0,11.3,0.0,-0.0,-0.0
3003,3003.06,1313.56,1313.56,0.00,11.3,0.0,11.3,0.0,-0.0,-0.0
3004,3004.10,1313.56,1313.56,0.00,12.2,0.0,11.3,0.9,-0.0,-0.0
3005,3005.07,1313.57,1313.56,-0.01,11.9,-0.4,11.3,0.9,-0.0,-0.0
3006,3006.11,1313.56,1313.56,0.00,12.2,0.0,11.3,1.0,-0.0,-0.0
3007,3007.08,1313.57,1313.56,-0.01,6.2,-0.4,11.3,-4.8,-0.0,-0.0
3008,3008.05,1313.56,1313.56,0.00,10.3,0.0,11.3,-1.0,-0.0,-0.0
3009,3009.09,1313.53,1313.56,0.04,17.1,1.1,11.3,4.7,-0.0,-0.0
3010,3010.05,1313.56,1313.56,0.00,9.4,0.0,11.3,-1.9,-0.0,-0.0
3011,3011.11,1313.56,1313.56,0.00,13.2,0.0,11.3,1.9,-0.0,-0.0
3012,3012.05,1313.53,1313.56,0.04,16.2,1.1,11.3,3.9,-0.0,-0.0
3013,3013.10,1313.54,1313.56,0.02,13.0,0.7,11.3,1.0,-0.0,-0.0
3014,3014.06,1313.57,1313.56,-0.01,10.0,-0.4,11.3,-0.9,-0.0,-0.0
3015,3015.11,1313.55,1313.56,0.01,11.6,0.4,11.3,0.0,-0.0,-0.0
3016,3016.07,1313.56,1313.56,0.00,11.3,0.0,11.3,0.0,-0.0,-0.0
3017,3017.11,1313.57,1313.56,-0.01,9.0,-0.4,11.3,-1.9,-0.0,-0.0
3018,3018.07,1313.56,1313.56,0.00,11.3,0.0,11.3,0.0,-0.0,-0.0
3019,3019.04,1313.57,1313.56,-0.01,9.0,-0.4,11.3,-1.9,-0.0,-0.0
3020,3020.08,1313.55,1313.56,0.01,13.5,0.4,11.3,1.9,-0.0,-0.0
3021,3021.04,1313.59,1313.56,-0.02,9.6,-0.7,11.2,-0.9,-0.0,-0.0
3022,3022.08,1313.54,1313.56,0.02,12.9,0.7,11.3,0.9,-0.0,-0.0
3023,3023.05,1313.56,1313.56,0.00,12.2,0.0,11.3,0.9,-0.0,-0.0
3024,3024.10,1313.54,1313.56,0.02,14.8,0.7,11.3,2.8,-0.0,-0.0
3025,3025.07,1313.55,1313.56,0.01,14.5,0.4,11.3,2.8,-0.0,-0.0
3026,3026.11,1313.55,1313.56,0.01,9.7,0.4,11.3,-1.9,-0.0,-0.0
3027,3027.07,1313.57,1313.56,-0.01,10.9,-0.4,11.3,0.0,-0.0,-0.0
3028,3028.11,1313.55,1313.56,0.01,12.6,0.4,11.3,1.0,-0.0,-0.0
3029,3029.08,1313.55,1313.56,0.01,11.6,0.4,11.3,0.0,-0.0,-0.0
3030,3030.11,1313.56,1313.56,0.00,10.3,0.0,11.3,-1.0,-0.0,-0.0
3031,3031.09,1313.54,1313.56,0.02,13.0,0.7,11.3,1.0,-0.0,-0.0
3032,3032.05,1313.57,1313.56,-0.01,10.0,-0.4,11.3,-0.9,-0.0,-0.0
3033,3033.09,1313.55,1313.56,0.01,12.6,0.4,11.3,1.0,-0.0,-0.0
3034,3034.06,1313.55,1313.56,0.01,13.5,0.4,11.3,1.9,-0.0,-0.0
3035,3035.11,1313.57,1313.56,-0.01,10.0,-0.4,11.3,-0.9,-0.0,-0.0
3036,3036.08,1313.55,1313.56,0.01,13.5,0.4,11.3,1.9,-0.0,-0.0
3037,3037.11,1313.57,1313.56,-0.01,8.1,-0.4,11.3,-2.9,-0.0,-0.0
3038,3038.06,1313.57,1313.56,-0.01,10.0,-0.4,11.3,-0.9,-0.0,-0.0
3039,3039.11,1313.56,1313.56,0.00,9.4,0.0,11.3,-1.9,-0.0,-0.0
3040,3040.07,1313.54,1313.56,0.02,14.9,0.7,11.3,2.9,-0.0,-0.0
3041,3041.12,1313.56,1313.56,0.00,10.3,0.0,11.3,-0.9,-0.0,-0.0
3042,3042.09,1313.56,1313.56,0.00,9.4,0.0,11.3,-1.9,-0.0,-0.0
3043,3043.05,1313.56,1313.56,0.00,10.3,0.0,11.3,-1.0,-0.0,-0.0
3044,3044.10,1313.57,1313.56,-0.01,10.9,-0.4,11.3,0.0,-0.0,-0.0
3045,3045.09,1313.55,1313.56,0.01,11.7,0.4,11.3,0.0,-0.0,-0.0
3046,3046.04,1313.54,1313.56,0.02,13.0,0.7,11.3,1.0,-0.0,-0.0
3047,3047.09,1313.54,1313.56,0.02,13.9,0.7,11.3,1.9,-0.0,-0.0
3048,3048.06,1313.55,1313.56,0.01,13.6,0.4,11.3,1.9,-0.0,-0.0
3049,3049.10,1313.55,1313.56,0.01,13.6,0.4,11.3,1.9,-0.0,-0.0
3050,3050.06,1313.56,1313.56,0.00,11.3,0.0,11.3,0.0,-0.0,-0.0
3051,3051.10,1313.55,1313.56,0.01,12.6,0.4,11.3,1.0,-0.0,-0.0
3052,3052.07,1313.57,1313.56,-0.01,10.0,-0.4,11.3,-0.9,-0.0,-0.0
3053,3053.11,1313.57,1313.56,-0.01,10.0,-0.4,11.3,-0.9,-0.0,-0.0
3054,3054.07,1313.56,1313.56,0.00,9.4,0.0,11.3,-1.9,-0.0,-0.0
3055,3055.04,1313.55,1313.56,0.01,13.6,0.4,11.3,1.9,-0.0,-0.0
3056,3056.08,1313.56,1313.56,0.00,8.5,0.0,11.3,-2.9,-0.0,-0.0
3057,3057.04,1313.57,1313.56,-0.01,11.9,-0.4,11.3,1.0,-0.0,-0.0
3058,3058.08,1313.55,1313.56,0.01,14.5,0.4,11.3,2.9,-0.0,-0.0
3059,3059.05,1313.55,1313.56,0.01,13.6,0.4,11.3,1.9,-0.0,-0.0
3060,3060.09,1313.55,1313.56,0.01,12.6,0.4,11.3,1.0,-0.0,-0.0
3061,3061.07,1313.55,1313.56,0.01,13.6,0.4,11.3,1.9,-0.0,-0.0
3062,3062.04,1313.56,1313.56,0.00,10.4,0.0,11.3,-0.9,-0.0,-0.0
3063,3063.08,1313.56,1313.56,0.00,11.3,0.0,11.3,0.0,-0.0,-0.0
3064,3064.04,1313.57,1313.56,-0.01,9.1,-0.4,11.3,-1.9,-0.0,-0.0
3065,3065.08,1313.57,1313.56,-0.01,9.0,-0.4,11.3,-1.9,-0.0,-0.0
3066,3066.06,1313.54,1313.56,0.02,13.9,0.7,11.3,1.9,-0.0,-0.0
3067,3067.09,1313.54,1313.56,0.02,15.9,0.7,11.3,3.8,-0.0,-0.0
3068,3068.07,1313.56,1313.56,0.00,11.3,0.0,11.3,0.0,-0.0,-0.0
3069,3069.04,1313.60,1313.56,-0.04,6.4,-1.1,11.3,-3.8,-0.0,-0.0
3070,3070.09,1313.56,1313.56,0.00,13.2,0.0,11.3,1.9,-0.0,-0.0
3071,3071.06,1313.56,1313.56,0.00,10.4,0.0,11.3,-0.9,-0.0,-0.0
3072,3072.10,1313.56,1313.56,0.00,11.3,0.0,11.3,0.0,-0.0,-0.0
3073,3073.06,1313.55,1313.56,0.01,11.7,0.4,11.3,0.0,-0.0,-0.0
3074,3074.10,1313.56,1313.56,0.00,10.4,0.0,11.3,-0.9,-0.0,-0.0
3075,3075.07,1313.59,1313.56,-0.02,8.7,-0.7,11.3,-1.9,-0.0,-0.0
3076,3076.11,1313.56,1313.56,0.00,11.3,0.0,11.3,0.0,-0.0,-0.0
3077,3077.08,1313.56,1313.56,0.00,12.3,0.0,11.3,1.0,-0.0,-0.0
3078,3078.04,1313.54,1313.56,0.02,14.0,0.7,11.3,1.9,-0.0,-0.0
3079,3079.09,1313.57,1313.56,-0.01,10.0,-0.4,11.3,-1.0,-0.0,-0.0
3080,3080.04,1313.54,1313.56,0.02,15.9,0.7,11.3,3.8,-0.0,-0.0
3081,3081.09,1313.57,1313.56,-0.01,12.8,-0.4,11.3,1.9,-0.0,-0.0
3082,3082.07,1313.59,1313.56,-0.02,8.7,-0.7,11.3,-1.9,-0.0,-0.0
3083,3083.11,1313.54,1313.56,0.02,14.0,0.7,11.3,1.9,-0.0,-0.0
3084,3084.07,1313.56,1313.56,0.00,12.3,0.0,11.3,1.0,-0.0,-0.0
3085,3085.04,1313.59,1313.56,-0.02,8.7,-0.7,11.3,-1.9,-0.0,-0.0
3086,3086.08,1313.55,1313.56,0.01,13.6,0.4,11.3,1.9,-0.0,-0.0
3087,3087.05,1313.57,1313.56,-0.01,10.0,-0.4,11.3,-0.9,-0.0,-0.0
3088,3088.09,1313.57,1313.56,-0.01,9.0,-0.4,11.3,-1.9,-0.0,-0.0
3089,3089.07,1313.55,1313.56,0.01,12.6,0.4,11.3,0.9,-0.0,-0.0
3090,3090.05,1313.57,1313.56,-0.01,10.0,-0.4,11.3,-0.9,-0.0,-0.0
3091,3091.10,1313.59,1313.56,-0.02,9.6,-0.7,11.3,-1.0,-0.0,-0.0
3092,3092.06,1313.56,1313.56,0.00,12.2,0.0,11.3,0.9,-0.0,-0.0
3093,3093.04,1313.55,1313.56,0.01,12.6,0.4,11.3,0.9,-0.0,-0.0
3094,3094.09,1313.57,1313.56,-0.01,10.0,-0.4,11.3,-1.0,-0.0,-0.0
3095,3095.06,1313.56,1313.56,0.00,13.2,0.0,11.3,1.9,-0.0,-0.0
3096,3096.10,1313.57,1313.56,-0.01,10.0,-0.4,11.3,-0.9,-0.0,-0.0
3097,3097.07,1313.56,1313.56,0.00,11.3,0.0,11.3,0.0,-0.0,-0.0
3098,3098.10,1313.56,1313.56,0.00,9.4,0.0,11.3,-1.9,-0.0,-0.0
3099,3099.09,1313.59,1313.56,-0.02,7.8,-0.7,11.3,-2.8,-0.0,-0.0
3100,3100.06,1313.56,1313.56,0.00,11.3,0.0,11.3,0.0,-0.0,-0.0
3101,3101.10,1313.57,1313.56,-0.01,11.9,-0.4,11.3,1.0,-0.0,-0.0
3102,3102.08,1313.59,1313.56,-0.02,5.9,-0.7,11.3,-4.7,-0.0,-0.0
3103,3103.04,1313.56,1313.56,0.00,10.4,0.0,11.3,-1.0,-0.0,-0.0
3104,3104.09,1313.59,1313.56,-0.02,8.7,-0.7,11.3,-1.9,-0.0,-0.0
3105,3105.07,1313.55,1313.56,0.01,15.4,0.4,11.3,3.8,-0.0,-0.0
3106,3106.12,1313.57,1313.56,-0.01,7.2,-0.4,11.3,-3.8,-0.0,-0.0
3107,3107.08,1313.57,1313.56,-0.01,7.1,-0.4,11.3,-3.8,-0.0,-0.0
3108,3108.05,1313.57,1313.56,-0.01,10.0,-0.4,11.3,-0.9,-0.0,-0.0
3109,3109.10,1313.56,1313.56,0.00,10.4,0.0,11.3,-0.9,-0.0,-0.0
3110,3110.07,1313.57,1313.56,-0.01,10.9,-0.4,11.3,0.0,-0.0,-0.0
3111,3111.04,1313.57,1313.56,-0.01,9.0,-0.4,11.3,-1.9,-0.0,-0.0
3112,3112.07,1313.59,1313.56,-0.02,8.6,-0.7,11.3,-1.9,-0.0,-0.0
3113,3113.04,1313.55,1313.56,0.01,9.8,0.4,11.3,-1.9,-0.0,-0.0
3114,3114.07,1313.56,1313.56,0.00,13.2,0.0,11.3,1.9,-0.0,-0.0
3115,3115.05,1313.59,1313.56,-0.02,8.7,-0.7,11.3,-1.9,-0.0,-0.0
3116,3116.09,1313.55,1313.56,0.01,12.6,0.4,11.3,0.9,-0.0,-0.0
3117,3117.06,1313.57,1313.56,-0.01,9.0,-0.4,11.3,-1.9,-0.0,-0.0
3118,3118.11,1313.57,1313.56,-0.01,9.0,-0.4,11.3,-1.9,-0.0,-0.0
3119,3119.07,1313.57,1313.56,-0.01,11.9,-0.4,11.3,1.0,-0.0,-0.0
3120,3120.04,1313.55,1313.56,0.01,12.6,0.4,11.3,0.9,-0.0,-0.0
3121,3121.10,1313.57,1313.56,-0.01,8.1,-0.4,11.3,-2.8,-0.0,-0.0
3122,3122.07,1313.57,1313.56,-0.01,8.1,-0.4,11.3,-2.8,-0.0,-0.0
3123,3123.11,1313.57,1313.56,-0.01,10.9,-0.4,11.3,0.0,-0.0,-0.0
3124,3124.07,1313.55,1313.56,0.01,13.6,0.4,11.3,1.9,-0.0,-0.0
3125,3125.12,1313.55,1313.56,0.01,13.6,0.4,11.3,1.9,-0.0,-0.0
3126,3126.09,1313.59,1313.56,-0.02,4.0,-0.7,11.3,-6.6,-0.0,-0.0
3127,3127.06,1313.57,1313.56,-0.01,9.0,-0.4,11.3,-1.9,-0.0,-0.0
3128,3128.10,1313.57,1313.56,-0.01,9.0,-0.4,11.3,-1.9,-0.0,-0.0
3129,3129.07,1313.55,1313.56,0.01,13.6,0.4,11.3,1.9,-0.0,-0.0
3130,3130.10,1313.57,1313.56,-0.01,8.1,-0.4,11.3,-2.9,-0.0,-0.0
3131,3131.06,1313.55,1313.56,0.01,13.6,0.4,11.3,1.9,-0.0,-0.0
3132,3132.10,1313.54,1313.56,0.02,14.9,0.7,11.3,2.9,-0.0,-0.0
3133,3133.07,1313.54,1313.56,0.02,14.9,0.7,11.3,2.8,-0.0,-0.0
3134,3134.04,1313.56,1313.56,0.00,8.5,0.0,11.3,-2.8,-0.0,-0.0
3135,3135.09,1313.59,1313.56,-0.02,8.7,-0.7,11.3,-1.9,-0.0,-0.0
3136,3136.05,1313.54,1313.56,0.02,13.0,0.7,11.3,1.0,-0.0,-0.0
3137,3137.10,1313.59,1313.56,-0.02,9.7,-0.7,11.3,-0.9,-0.0,-0.0
3138,3138.06,1313.59,1313.56,-0.02,8.7,-0.7,11.3,-1.9,-0.0,-0.0
3139,3139.11,1313.57,1313.56,-0.01,11.0,-0.4,11.3,0.0,-0.0,-0.0
3140,3140.08,1313.55,1313.56,0.01,11.7,0.4,11.3,0.0,-0.0,-0.0
3141,3141.04,1313.57,1313.56,-0.01,9.0,-0.4,11.3,-1.9,-0.0,-0.0
3142,3142.09,1313.56,1313.56,0.00,12.3,0.0,11.3,0.9,-0.0,-0.0
3143,3143.05,1313.56,1313.56,0.00,8.5,0.0,11.4,-2.9,-0.0,-0.0
3144,3144.10,1313.55,1313.56,0.01,12.7,0.4,11.4,0.9,-0.0,-0.0
3145,3145.07,1313.59,1313.56,-0.02,9.7,-0.7,11.4,-0.9,-0.0,-0.0
3146,3146.10,1313.59,1313.56,-0.02,6.8,-0.7,11.3,-3.8,-0.0,-0.0
3147,3147.08,1313.56,1313.56,0.00,14.2,0.0,11.3,2.9,-0.0,-0.0
3148,3148.04,1313.56,1313.56,0.00,9.5,0.0,11.4,-1.9,-0.0,-0.0
3149,3149.08,1313.56,1313.56,0.00,11.4,0.0,11.4,0.0,-0.0,-0.0
3150,3150.11,1313.55,1313.56,0.01,14.6,0.4,11.4,2.9,-0.0,-0.0
3151,3151.07,1313.55,1313.56,0.01,12.7,0.4,11.3,1.0,-0.0,-0.0
3152,3152.11,1313.55,1313.56,0.01,12.7,0.4,11.4,1.0,-0.0,-0.0
3153,3153.08,1313.56,1313.56,0.00,10.4,0.0,11.4,-0.9,-0.0,-0.0
3154,3154.04,1313.56,1313.56,0.00,13.3,0.0,11.4,1.9,-0.0,-0.0
3155,3155.04,1313.57,1313.56,-0.01,10.0,-0.4,11.4,-0.9,-0.0,-0.0
3156,3156.08,1313.55,1313.56,0.01,10.8,0.4,11.4,-0.9,-0.0,-0.0
3157,3157.05,1313.57,1313.56,-0.01,9.1,-0.4,11.4,-1.9,-0.0,-0.0
3158,3158.09,1313.57,1313.56,-0.01,11.0,-0.4,11.4,0.0,-0.0,-0.0
3159,3159.06,1313.56,1313.56,0.00,10.4,0.0,11.4,-0.9,-0.0,-0.0
3160,3160.10,1313.59,1313.56,-0.02,8.7,-0.7,11.4,-1.9,-0.0,-0.0
3161,3161.07,1313.57,1313.56,-0.01,10.0,-0.4,11.4,-0.9,-0.0,-0.0
3162,3162.11,1313.57,1313.56,-0.01,11.0,-0.4,11.4,0.0,-0.0,-0.0
3163,3163.09,1313.54,1313.56,0.02,13.0,0.7,11.4,0.9,-0.0,-0.0
3164,3164.05,1313.57,1313.56,-0.01,10.0,-0.4,11.4,-0.9,-0.0,-0.0
3165,3165.09,1313.59,1313.56,-0.02,8.7,-0.7,11.3,-1.9,-0.0,-0.0
3166,3166.07,1313.55,1313.56,0.01,12.6,0.4,11.3,0.9,-0.0,-0.0
3167,3167.12,1313.59,1313.56,-0.02,7.8,-0.7,11.3,-2.8,-0.0,-0.0
3168,3168.06,1313.55,1313.56,0.01,9.8,0.4,11.3,-1.9,-0.0,-0.0
3169,3169.10,1313.56,1313.56,0.00,11.3,0.0,11.3,0.0,-0.0,-0.0
3170,3170.06,1313.56,1313.56,0.00,10.4,0.0,11.4,-1.0,-0.0,-0.0
3171,3171.11,1313.59,1313.56,-0.02,7.8,-0.7,11.3,-2.8,-0.0,-0.0
3172,3172.07,1313.56,1313.56,0.00,10.4,0.0,11.4,-1.0,-0.0,-0.0
3173,3173.04,1313.55,1313.56,0.01,13.6,0.4,11.4,1.9,-0.0,-0.0
3174,3174.07,1313.57,1313.56,-0.01,9.1,-0.4,11.4,-1.9,-0.0,-0.0
3175,3175.11,1313.56,1313.56,0.00,9.4,0.0,11.3,-1.9,-0.0,-0.0
3176,3176.09,1313.59,1313.56,-0.02,8.7,-0.7,11.3,-1.9,-0.0,-0.0
3177,3177.04,1313.57,1313.56,-0.01,8.1,-0.4,11.3,-2.9,-0.0,-0.0
3178,3178.10,1313.54,1313.56,0.02,13.9,0.7,11.3,1.9,-0.0,-0.0
3179,3179.07,1313.56,1313.56,0.00,9.4,0.0,11.3,-1.9,-0.0,-0.0
3180,3180.11,1313.57,1313.56,-0.01,10.0,-0.4,11.3,-1.0,-0.0,-0.0
3181,3181.08,1313.56,1313.56,0.00,9.5,0.0,11.4,-1.9,-0.0,-0.0
3182,3182.04,1313.59,1313.56,-0.02,10.6,-0.7,11.3,0.0,-0.0,-0.0
3183,3183.09,1313.54,1313.56,0.02,14.9,0.7,11.3,2.8,-0.0,-0.0
3184,3184.06,1313.59,1313.56,-0.02,7.8,-0.7,11.3,-2.8,-0.0,-0.0
3185,3185.11,1313.56,1313.56,0.00,12.3,0.0,11.3,0.9,-0.0,-0.0
3186,3186.07,1313.57,1313.56,-0.01,12.9,-0.4,11.3,1.9,-0.0,-0.0
3187,3187.04,1313.53,1313.56,0.04,15.3,1.1,11.3,2.9,-0.0,-0.0
3188,3188.07,1313.59,1313.56,-0.02,10.6,-0.7,11.3,0.0,-0.0,-0.0
3189,3189.11,1313.57,1313.56,-0.01,10.0,-0.4,11.3,-1.0,-0.0,-0.0
3190,3190.08,1313.55,1313.56,0.01,10.7,0.4,11.3,-0.9,-0.0,-0.0
3191,3191.04,1313.54,1313.56,0.02,14.0,0.7,11.3,1.9,-0.0,-0.0
3192,3192.08,1313.56,1313.56,0.00,11.3,0.0,11.3,0.0,-0.0,-0.0
3193,3193.05,1313.56,1313.56,0.00,12.3,0.0,11.3,1.0,-0.0,-0.0
3194,3194.08,1313.56,1313.56,0.00,11.3,0.0,11.3,0.0,-0.0,-0.0
3195,3195.04,1313.55,1313.56,0.01,11.7,0.4,11.3,0.0,-0.0,-0.0
3196,3196.10,1313.56,1313.56,0.00,10.4,0.0,11.3,-0.9,-0.0,-0.0
3197,3197.07,1313.57,1313.56,-0.01,11.0,-0.4,11.3,0.0,-0.0,-0.0
3198,3198.11,1313.55,1313.56,0.01,15.5,0.4,11.3,3.8,-0.0,-0.0
3199,3199.07,1313.54,1313.56,0.02,14.9,0.7,11.3,2.9,-0.0,-0.0
3200,3200.09,1313.54,1313.56,0.02,13.0,0.7,11.3,1.0,-0.0,-0.0
3201,3201.07,1313.54,1313.56,0.02,14.9,0.7,11.3,2.8,-0.0,-0.0
3202,3202.04,1313.57,1313.56,-0.01,10.0,-0.4,11.3,-0.9,-0.0,-0.0
3203,3203.09,1313.55,1313.56,0.01,13.6,0.4,11.3,1.9,-0.0,-0.0
3204,3204.04,1313.54,1313.56,0.02,14.9,0.7,11.3,2.8,-0.0,-0.0
3205,3205.09,1313.56,1313.56,0.00,10.4,0.0,11.3,-1.0,-0.0,-0.0
3206,3206.05,1313.56,1313.56,0.00,10.4,0.0,11.3,-1.0,-0.0,-0.0
3207,3207.09,1313.55,1313.56,0.01,11.7,0.4,11.3,0.0,-0.0,-0.0
3208,3208.05,1313.56,1313.56,0.00,12.3,0.0,11.3,1.0,-0.0,-0.0
3209,3209.10,1313.59,1313.56,-0.02,6.8,-0.7,11.3,-3.8,-0.0,-0.0
3210,3210.05,1313.55,1313.56,0.01,10.7,0.4,11.3,-1.0,-0.0,-0.0
3211,3211.10,1313.57,1313.56,-0.01,11.0,-0.4,11.3,0.0,-0.0,-0.0
3212,3212.07,1313.56,1313.56,0.00,12.3,0.0,11.3,0.9,-0.0,-0.0
3213,3213.11,1313.55,1313.56,0.01,12.7,0.4,11.3,1.0,-0.0,-0.0
3214,3214.08,1313.56,1313.56,0.00,11.3,0.0,11.3,0.0,-0.0,-0.0
3215,3215.10,1313.57,1313.56,-0.01,11.0,-0.4,11.3,0.0,-0.0,-0.0
3216,3216.05,1313.60,1313.56,-0.04,7.3,-1.1,11.3,-2.9,-0.0,-0.0
3217,3217.10,1313.59,1313.56,-0.02,8.7,-0.7,11.3,-1.9,-0.0,-0.0
3218,3218.06,1313.55,1313.56,0.01,10.8,0.4,11.3,-0.9,-0.0,-0.0
3219,3219.12,1313.57,1313.56,-0.01,10.0,-0.4,11.3,-0.9,-0.0,-0.0
3220,3220.08,1313.57,1313.56,-0.01,7.2,-0.4,11.3,-3.8,-0.0,-0.0
3221,3221.06,1313.57,1313.56,-0.01,9.1,-0.4,11.3,-1.9,-0.0,-0.0
3222,3222.10,1313.57,1313.56,-0.01,11.0,-0.4,11.3,0.0,-0.0,-0.0
3223,3223.08,1313.57,1313.56,-0.01,8.2,-0.4,11.3,-2.8,-0.0,-0.0
3224,3224.04,1313.57,1313.56,-0.01,8.1,-0.4,11.3,-2.9,-0.0,-0.0
3225,3225.08,1313.59,1313.56,-0.02,6.8,-0.7,11.3,-3.8,-0.0,-0.0
3226,3226.05,1313.54,1313.56,0.02,14.0,0.7,11.3,1.9,-0.0,-0.0
3227,3227.09,1313.55,1313.56,0.01,11.7,0.4,11.4,0.0,-0.0,-0.0
3228,3228.06,1313.56,1313.56,0.00,11.4,0.0,11.4,0.0,-0.0,-0.0
3229,3229.10,1313.57,1313.56,-0.01,9.1,-0.4,11.4,-1.9,-0.0,-0.0
3230,3230.05,1313.54,1313.56,0.02,14.0,0.7,11.4,1.9,-0.0,-0.0
3231,3231.11,1313.55,1313.56,0.01,13.6,0.4,11.4,1.9,-0.0,-0.0
3232,3232.08,1313.56,1313.56,0.00,12.3,0.0,11.4,0.9,-0.0,-0.0
3233,3233.06,1313.56,1313.56,0.00,14.2,0.0,11.4,2.8,-0.0,-0.0
3234,3234.10,1313.55,1313.56,0.01,11.7,0.4,11.4,0.0,-0.0,-0.0
3235,3235.07,1313.57,1313.56,-0.01,10.1,-0.4,11.4,-0.9,-0.0,-0.0
3236,3236.04,1313.53,1313.56,0.04,15.3,1.1,11.4,2.9,-0.0,-0.0
3237,3237.08,1313.55,1313.56,0.01,10.8,0.4,11.4,-1.0,-0.0,-0.0
3238,3238.04,1313.51,1313.56,0.05,15.7,1.5,11.4,2.9,-0.0,-0.0
3239,3239.08,1313.56,1313.56,0.00,11.4,0.0,11.4,0.0,-0.0,-0.0
3240,3240.05,1313.55,1313.56,0.01,13.7,0.4,11.4,1.9,-0.0,-0.0
3241,3241.09,1313.54,1313.56,0.02,14.0,0.7,11.4,1.9,-0.0,-0.0
3242,3242.05,1313.56,1313.56,0.00,11.4,0.0,11.4,0.0,-0.0,-0.0
3243,3243.09,1313.54,1313.56,0.02,13.1,0.7,11.4,1.0,-0.0,-0.0
3244,3244.07,1313.59,1313.56,-0.02,8.8,-0.7,11.4,-1.9,-0.0,-0.0
3245,3245.10,1313.56,1313.56,0.00,12.3,0.0,11.4,0.9,-0.0,-0.0
3246,3246.07,1313.56,1313.56,0.00,11.4,0.0,11.4,0.0,-0.0,-0.0
3247,3247.04,1313.57,1313.56,-0.01,10.1,-0.4,11.4,-1.0,-0.0,-0.0
3248,3248.08,1313.57,1313.56,-0.01,8.2,-0.4,11.4,-2.8,-0.0,-0.0
3249,3249.05,1313.57,1313.56,-0.01,10.1,-0.4,11.4,-0.9,-0.0,-0.0
3250,3250.10,1313.55,1313.56,0.01,11.8,0.4,11.4,0.0,-0.0,-0.0
3251,3251.05,1313.55,1313.56,0.01,13.7,0.4,11.4,1.9,-0.0,-0.0
3252,3252.10,1313.59,1313.56,-0.02,9.7,-0.7,11.4,-1.0,-0.0,-0.0
3253,3253.07,1313.56,1313.56,0.00,12.4,0.0,11.4,0.9,-0.0,-0.0
3254,3254.11,1313.54,1313.56,0.02,13.1,0.7,11.4,1.0,-0.0,-0.0
3255,3255.07,1313.59,1313.56,-0.02,8.8,-0.7,11.4,-1.9,-0.0,-0.0
3256,3256.11,1313.57,1313.56,-0.01,11.0,-0.4,11.4,0.0,-0.0,-0.0
3257,3257.09,1313.57,1313.56,-0.01,10.1,-0.4,11.4,-0.9,-0.0,-0.0
3258,3258.04,1313.57,1313.56,-0.01,9.1,-0.4,11.4,-1.9,-0.0,-0.0
3259,3259.08,1313.56,1313.56,0.00,11.4,0.0,11.4,0.0,-0.0,-0.0
3260,3260.05,1313.56,1313.56,0.00,13.3,0.0,11.4,1.9,-0.0,-0.0
3261,3261.09,1313.57,1313.56,-0.01,11.0,-0.4,11.4,0.0,-0.0,-0.0
3262,3262.06,1313.56,1313.56,0.00,11.4,0.0,11.4,0.0,-0.0,-0.0
3263,3263.09,1313.57,1313.56,-0.01,12.0,-0.4,11.4,1.0,-0.0,-0.0
3264,3264.06,1313.57,1313.56,-0.01,8.2,-0.4,11.4,-2.9,-0.0,-0.0
3265,3265.10,1313.56,1313.56,0.00,11.4,0.0,11.4,0.0,-0.0,-0.0
3266,3266.05,1313.55,1313.56,0.01,13.7,0.4,11.4,1.9,-0.0,-0.0
3267,3267.11,1313.56,1313.56,0.00,11.4,0.0,11.4,0.0,-0.0,-0.0
3268,3268.08,1313.51,1313.56,0.05,15.7,1.5,11.4,2.8,-0.0,-0.0
3269,3269.04,1313.54,1313.56,0.02,14.0,0.7,11.4,1.9,-0.0,-0.0
3270,3270.09,1313.56,1313.56,0.00,12.3,0.0,11.4,0.9,-0.0,-0.0
3271,3271.05,1313.56,1313.56,0.00,9.5,0.0,11.4,-1.9,-0.0,-0.0
3272,3272.09,1313.59,1313.56,-0.02,8.8,-0.7,11.4,-1.9,-0.0,-0.0
3273,3273.07,1313.59,1313.56,-0.02,5.9,-0.7,11.4,-4.7,-0.0,-0.0
3274,3274.04,1313.56,1313.56,0.00,9.5,0.0,11.4,-1.9,-0.0,-0.0
3275,3275.08,1313.56,1313.56,0.00,10.4,0.0,11.4,-1.0,-0.0,-0.0
3276,3276.05,1313.55,1313.56,0.01,11.8,0.4,11.4,0.0,-0.0,-0.0
3277,3277.09,1313.57,1313.56,-0.01,11.0,-0.4,11.4,0.0,-0.0,-0.0
3278,3278.04,1313.54,1313.56,0.02,12.2,0.7,11.4,0.0,-0.0,-0.0
3279,3279.09,1313.55,1313.56,0.01,15.5,0.4,11.4,3.7,-0.0,-0.0
3280,3280.05,1313.56,1313.56,0.00,11.4,0.0,11.4,0.0,-0.0,-0.0
3281,3281.09,1313.54,1313.56,0.02,14.0,0.7,11.4,1.9,-0.0,-0.0
3282,3282.05,1313.53,1313.56,0.04,17.3,1.1,11.4,4.8,-0.0,-0.0
3283,3283.10,1313.57,1313.56,-0.01,12.0,-0.4,11.4,0.9,-0.0,-0.0
3284,3284.07,1313.55,1313.56,0.01,13.7,0.4,11.4,1.9,-0.0,-0.0
3285,3285.11,1313.57,1313.56,-0.01,10.1,-0.4,11.4,-1.0,-0.0,-0.0
3286,3286.08,1313.55,1313.56,0.01,12.7,0.4,11.4,0.9,-0.0,-0.0
3287,3287.05,1313.56,1313.56,0.00,10.5,0.0,11.4,-0.9,-0.0,-0.0
3288,3288.09,1313.57,1313.56,-0.01,11.0,-0.4,11.4,0.0,-0.0,-0.0
3289,3289.06,1313.55,1313.56,0.01,12.7,0.4,11.4,1.0,-0.0,-0.0
3290,3290.10,1313.59,1313.56,-0.02,8.8,-0.7,11.4,-1.9,-0.0,-0.0
3291,3291.06,1313.57,1313.56,-0.01,9.2,-0.4,11.4,-1.9,-0.0,-0.0
3292,3292.11,1313.56,1313.56,0.00,12.4,0.0,11.4,0.9,-0.0,-0.0
3293,3293.08,1313.53,1313.56,0.04,15.3,1.1,11.4,2.8,-0.0,-0.0
3294,3294.11,1313.57,1313.56,-0.01,10.1,-0.4,11.4,-1.0,-0.0,-0.0
3295,3295.08,1313.57,1313.56,-0.01,10.1,-0.4,11.4,-0.9,-0.0,-0.0
3296,3296.11,1313.59,1313.56,-0.02,8.8,-0.7,11.4,-1.9,-0.0,-0.0
3297,3297.08,1313.55,1313.56,0.01,13.6,0.4,11.4,1.9,-0.0,-0.0
3298,3298.11,1313.56,1313.56,0.00,12.3,0.0,11.4,1.0,-0.0,-0.0
3299,3299.09,1313.57,1313.56,-0.01,9.1,-0.4,11.4,-1.9,-0.0,-0.0
3300,3300.06,1313.55,1313.56,0.01,12.7,0.4,11.4,0.9,-0.0,-0.0
3301,3301.04,1313.57,1313.56,-0.01,12.9,-0.4,11.4,1.9,-0.0,-0.0
3302,3302.08,1313.55,1313.56,0.01,10.8,0.4,11.4,-0.9,-0.0,-0.0
3303,3303.06,1313.54,1313.56,0.02,14.9,0.7,11.4,2.8,-0.0,-0.0
3304,3304.10,1313.59,1313.56,-0.02,7.8,-0.7,11.4,-2.9,-0.0,-0.0
3305,3305.07,1313.55,1313.56,0.01,13.6,0.4,11.4,1.9,-0.0,-0.0
3306,3306.11,1313.56,1313.56,0.00,10.4,0.0,11.4,-0.9,-0.0,-0.0
3307,3307.08,1313.57,1313.56,-0.01,9.1,-0.4,11.4,-1.9,-0.0,-0.0
3308,3308.04,1313.57,1313.56,-0.01,11.0,-0.4,11.4,0.0,-0.0,-0.0
3309,3309.09,1313.56,1313.56,0.00,12.3,0.0,11.4,1.0,-0.0,-0.0
3310,3310.05,1313.57,1313.56,-0.01,11.0,-0.4,11.4,0.0,-0.0,-0.0
3311,3311.10,1313.57,1313.56,-0.01,11.0,-0.4,11.4,0.0,-0.0,-0.0
3312,3312.06,1313.55,1313.56,0.01,12.7,0.4,11.3,1.0,-0.0,-0.0
3313,3313.11,1313.57,1313.56,-0.01,10.0,-0.4,11.3,-0.9,-0.0,-0.0
3314,3314.08,1313.55,1313.56,0.01,11.7,0.4,11.3,0.0,-0.0,-0.0
3315,3315.06,1313.55,1313.56,0.01,13.6,0.4,11.3,1.9,-0.0,-0.0
3316,3316.10,1313.55,1313.56,0.01,11.7,0.4,11.3,0.0,-0.0,-0.0
3317,3317.06,1313.54,1313.56,0.02,14.0,0.7,11.3,1.9,-0.0,-0.0
3318,3318.10,1313.57,1313.56,-0.01,8.2,-0.4,11.4,-2.8,-0.0,-0.0
3319,3319.06,1313.56,1313.56,0.00,12.3,0.0,11.3,1.0,-0.0,-0.0
3320,3320.11,1313.56,1313.56,0.00,12.3,0.0,11.3,0.9,-0.0,-0.0
3321,3321.07,1313.56,1313.56,0.00,8.5,0.0,11.3,-2.9,-0.0,-0.0
3322,3322.12,1313.56,1313.56,0.00,9.5,0.0,11.3,-1.9,-0.0,-0.0
3323,3323.08,1313.56,1313.56,0.00,13.2,0.0,11.3,1.9,-0.0,-0.0
3324,3324.05,1313.55,1313.56,0.01,12.6,0.4,11.3,0.9,-0.0,-0.0
3325,3325.11,1313.51,1313.56,0.05,16.6,1.5,11.3,3.8,-0.0,-0.0
3326,3326.07,1313.56,1313.56,0.00,11.4,0.0,11.4,0.0,-0.0,-0.0
3327,3327.11,1313.54,1313.56,0.02,15.0,0.7,11.4,2.9,-0.0,-0.0
3328,3328.08,1313.55,1313.56,0.01,10.8,0.4,11.4,-0.9,-0.0,-0.0
3329,3329.04,1313.57,1313.56,-0.01,10.0,-0.4,11.4,-1.0,-0.0,-0.0
3330,3330.09,1313.54,1313.56,0.02,14.0,0.7,11.4,1.9,-0.0,-0.0
3331,3331.06,1313.54,1313.56,0.02,13.0,0.7,11.4,0.9,-0.0,-0.0
3332,3332.09,1313.59,1313.56,-0.02,8.7,-0.7,11.4,-1.9,-0.0,-0.0
3333,3333.06,1313.55,1313.56,0.01,13.6,0.4,11.4,1.9,-0.0,-0.0
3334,3334.11,1313.57,1313.56,-0.01,8.2,-0.4,11.4,-2.8,-0.0,-0.0
3335,3335.08,1313.55,1313.56,0.01,13.6,0.4,11.4,1.9,-0.0,-0.0
3336,3336.04,1313.57,1313.56,-0.01,11.0,-0.4,11.4,0.0,-0.0,-0.0
3337,3337.07,1313.59,1313.56,-0.02,4.8,-0.7,11.4,-5.8,-0.0,-0.0
3338,3338.11,1313.55,1313.56,0.01,14.6,0.4,11.4,2.9,-0.0,-0.0
3339,3339.08,1313.59,1313.56,-0.02,7.8,-0.7,11.4,-2.8,-0.0,-0.0
3340,3340.05,1313.57,1313.56,-0.01,9.1,-0.4,11.4,-1.9,-0.0,-0.0
3341,3341.10,1313.57,1313.56,-0.01,8.2,-0.4,11.4,-2.8,-0.0,-0.0
3342,3342.06,1313.57,1313.56,-0.01,9.1,-0.4,11.4,-1.9,-0.0,-0.0
3343,3343.11,1313.56,1313.56,0.00,10.4,0.0,11.4,-0.9,-0.0,-0.0
3344,3344.07,1313.56,1313.56,0.00,11.4,0.0,11.4,0.0,-0.0,-0.0
3345,3345.11,1313.57,1313.56,-0.01,10.0,-0.4,11.4,-1.0,-0.0,-0.0
3346,3346.07,1313.60,1313.56,-0.04,7.4,-1.1,11.3,-2.8,-0.0,-0.0
3347,3347.11,1313.55,1313.56,0.01,12.7,0.4,11.3,1.0,-0.0,-0.0
3348,3348.07,1313.53,1313.56,0.04,18.2,1.1,11.3,5.7,-0.0,-0.0
3349,3349.12,1313.57,1313.56,-0.01,10.0,-0.4,11.3,-1.0,-0.0,-0.0
3350,3350.08,1313.55,1313.56,0.01,10.8,0.4,11.3,-1.0,-0.0,-0.0
3351,3351.12,1313.55,1313.56,0.01,13.6,0.4,11.3,1.9,-0.0,-0.0
3352,3352.08,1313.57,1313.56,-0.01,8.1,-0.4,11.3,-2.9,-0.0,-0.0
3353,3353.04,1313.59,1313.56,-0.02,9.7,-0.7,11.3,-0.9,-0.0,-0.0
3354,3354.09,1313.59,1313.56,-0.02,7.8,-0.7,11.3,-2.8,-0.0,-0.0
3355,3355.04,1313.57,1313.56,-0.01,11.9,-0.4,11.3,1.0,-0.0,-0.0
3356,3356.09,1313.56,1313.56,0.00,12.3,0.0,11.3,0.9,-0.0,-0.0
3357,3357.07,1313.56,1313.56,0.00,12.3,0.0,11.3,0.9,-0.0,-0.0
3358,3358.11,1313.55,1313.56,0.01,14.5,0.4,11.3,2.8,-0.0,-0.0
3359,3359.06,1313.53,1313.56,0.04,17.2,1.1,11.3,4.8,-0.0,-0.0
3360,3360.10,1313.57,1313.56,-0.01,10.9,-0.4,11.3,0.0,-0.0,-0.0
3361,3361.06,1313.57,1313.56,-0.01,10.0,-0.4,11.3,-1.0,-0.0,-0.0
3362,3362.11,1313.55,1313.56,0.01,11.7,0.4,11.3,0.0,-0.0,-0.0
3363,3363.08,1313.56,1313.56,0.00,12.3,0.0,11.3,0.9,-0.0,-0.0
3364,3364.04,1313.55,1313.56,0.01,12.6,0.4,11.3,1.0,-0.0,-0.0
3365,3365.10,1313.55,1313.56,0.01,14.5,0.4,11.3,2.8,-0.0,-0.0
3366,3366.06,1313.56,1313.56,0.00,10.4,0.0,11.3,-1.0,-0.0,-0.0
3367,3367.04,1313.56,1313.56,0.00,12.2,0.0,11.3,0.9,-0.0,-0.0
3368,3368.08,1313.56,1313.56,0.00,11.3,0.0,11.3,0.0,-0.0,-0.0
3369,3369.05,1313.57,1313.56,-0.01,10.0,-0.4,11.3,-0.9,-0.0,-0.0
3370,3370.09,1313.57,1313.56,-0.01,10.0,-0.4,11.3,-1.0,-0.0,-0.0
3371,3371.06,1313.54,1313.56,0.02,13.0,0.7,11.3,0.9,-0.0,-0.0
3372,3372.09,1313.55,1313.56,0.01,11.7,0.4,11.3,0.0,-0.0,-0.0
3373,3373.07,1313.57,1313.56,-0.01,9.1,-0.4,11.3,-1.9,-0.0,-0.0
3374,3374.11,1313.55,1313.56,0.01,13.6,0.4,11.3,1.9,-0.0,-0.0
3375,3375.08,1313.57,1313.56,-0.01,10.9,-0.4,11.3,0.0,-0.0,-0.0
3376,3376.04,1313.55,1313.56,0.01,13.6,0.4,11.3,1.9,-0.0,-0.0
3377,3377.09,1313.57,1313.56,-0.01,10.0,-0.4,11.3,-0.9,-0.0,-0.0
3378,3378.07,1313.55,1313.56,0.01,10.8,0.4,11.3,-0.9,-0.0,-0.0
3379,3379.11,1313.59,1313.56,-0.02,9.6,-0.7,11.3,-1.0,-0.0,-0.0
3380,3380.08,1313.55,1313.56,0.01,12.7,0.4,11.3,0.9,-0.0,-0.0
3381,3381.05,1313.57,1313.56,-0.01,10.0,-0.4,11.3,-0.9,-0.0,-0.0
3382,3382.10,1313.56,1313.56,0.00,10.4,0.0,11.3,-0.9,-0.0,-0.0
3383,3383.06,1313.57,1313.56,-0.01,11.0,-0.4,11.3,0.0,-0.0,-0.0
3384,3384.10,1313.55,1313.56,0.01,12.7,0.4,11.3,1.0,-0.0,-0.0
3385,3385.08,1313.59,1313.56,-0.02,9.7,-0.7,11.3,-0.9,-0.0,-0.0
3386,3386.11,1313.57,1313.56,-0.01,9.1,-0.4,11.3,-1.9,-0.0,-0.0
3387,3387.09,1313.55,1313.56,0.01,13.6,0.4,11.3,1.9,-0.0,-0.0
3388,3388.06,1313.54,1313.56,0.02,14.9,0.7,11.3,2.8,-0.0,-0.0
3389,3389.11,1313.57,1313.56,-0.01,9.0,-0.4,11.3,-1.9,-0.0,-0.0
3390,3390.07,1313.57,1313.56,-0.01,9.1,-0.4,11.3,-1.9,-0.0,-0.0
3391,3391.11,1313.57,1313.56,-0.01,11.0,-0.4,11.3,0.0,-0.0,-0.0
3392,3392.08,1313.56,1313.56,0.00,11.3,0.0,11.3,0.0,-0.0,-0.0
3393,3393.04,1313.55,1313.56,0.01,15.6,0.4,11.3,3.9,-0.0,-0.0
3394,3394.09,1313.57,1313.56,-0.01,10.0,-0.4,11.3,-0.9,-0.0,-0.0
3395,3395.06,1313.60,1313.56,-0.04,9.3,-1.1,11.3,-0.9,-0.0,-0.0
3396,3396.09,1313.57,1313.56,-0.01,11.0,-0.4,11.3,0.0,-0.0,-0.0
3397,3397.06,1313.57,1313.56,-0.01,9.1,-0.4,11.3,-1.9,-0.0,-0.0
3398,3398.11,1313.59,1313.56,-0.02,8.7,-0.7,11.3,-1.9,-0.0,-0.0
3399,3399.08,1313.54,1313.56,0.02,14.9,0.7,11.3,2.9,-0.0,-0.0
3400,3400.04,1313.57,1313.56,-0.01,9.1,-0.4,11.3,-1.9,-0.0,-0.0
3401,3401.09,1313.57,1313.56,-0.01,10.0,-0.4,11.3,-0.9,-0.0,-0.0
3402,3402.07,1313.55,1313.56,0.01,11.7,0.4,11.3,0.0,-0.0,-0.0
3403,3403.11,1313.55,1313.56,0.01,12.6,0.4,11.3,1.0,-0.0,-0.0
3404,3404.07,1313.57,1313.56,-0.01,11.9,-0.4,11.3,1.0,-0.0,-0.0
3405,3405.11,1313.59,1313.56,-0.02,9.6,-0.7,11.3,-1.0,-0.0,-0.0
3406,3406.07,1313.57,1313.56,-0.01,10.0,-0.4,11.3,-0.9,-0.0,-0.0
3407,3407.12,1313.54,1313.56,0.02,14.0,0.7,11.3,1.9,-0.0,-0.0
3408,3408.09,1313.57,1313.56,-0.01,10.0,-0.4,11.3,-0.9,-0.0,-0.0
3409,3409.06,1313.57,1313.56,-0.01,10.0,-0.4,11.3,-0.9,-0.0,-0.0
3410,3410.09,1313.55,1313.56,0.01,13.6,0.4,11.3,1.9,-0.0,-0.0
3411,3411.06,1313.60,1313.56,-0.04,7.3,-1.1,11.3,-2.9,-0.0,-0.0
3412,3412.10,1313.57,1313.56,-0.01,10.0,-0.4,11.3,-1.0,-0.0,-0.0
3413,3413.07,1313.56,1313.56,0.00,15.1,0.0,11.3,3.8,-0.0,-0.0
3414,3414.11,1313.56,1313.56,0.00,13.2,0.0,11.3,1.9,-0.0,-0.0
3415,3415.08,1313.59,1313.56,-0.02,8.7,-0.7,11.3,-1.9,-0.0,-0.0
3416,3416.11,1313.56,1313.56,0.00,10.4,0.0,11.3,-1.0,-0.0,-0.0
3417,3417.09,1313.57,1313.56,-0.01,10.0,-0.4,11.3,-0.9,-0.0,-0.0
3418,3418.04,1313.57,1313.56,-0.01,10.0,-0.4,11.3,-1.0,-0.0,-0.0
3419,3419.10,1313.55,1313.56,0.01,13.6,0.4,11.3,1.9,-0.0,-0.0
3420,3420.07,1313.56,1313.56,0.00,12.2,0.0,11.3,0.9,-0.0,-0.0
3421,3421.10,1313.57,1313.56,-0.01,8.1,-0.4,11.3,-2.9,-0.0,-0.0
3422,3422.07,1313.54,1313.56,0.02,13.0,0.7,11.3,0.9,-0.0,-0.0
3423,3423.11,1313.60,1313.56,-0.04,5.4,-1.1,11.3,-4.8,-0.0,-0.0
3424,3424.08,1313.57,1313.56,-0.01,10.9,-0.4,11.3,0.0,-0.0,-0.0
3425,3425.11,1313.56,1313.56,0.00,12.3,0.0,11.3,1.0,-0.0,-0.0
3426,3426.08,1313.55,1313.56,0.01,11.7,0.4,11.3,0.0,-0.0,-0.0
3427,3427.04,1313.62,1313.56,-0.06,3.7,-1.8,11.3,-5.7,-0.0,-0.0
3428,3428.08,1313.59,1313.56,-0.02,6.8,-0.7,11.3,-3.8,-0.0,-0.0
3429,3429.06,1313.55,1313.56,0.01,12.6,0.4,11.3,0.9,-0.0,-0.0
3430,3430.10,1313.59,1313.56,-0.02,9.6,-0.7,11.3,-1.0,-0.0,-0.0
3431,3431.07,1313.55,1313.56,0.01,12.6,0.4,11.3,1.0,-0.0,-0.0
3432,3432.10,1313.56,1313.56,0.00,11.3,0.0,11.3,0.0,-0.0,-0.0
3433,3433.06,1313.57,1313.56,-0.01,10.0,-0.4,11.3,-0.9,-0.0,-0.0
3434,3434.11,1313.59,1313.56,-0.02,9.6,-0.7,11.3,-0.9,-0.0,-0.0
3435,3435.07,1313.57,1313.56,-0.01,9.0,-0.4,11.3,-1.9,-0.0,-0.0
3436,3436.11,1313.56,1313.56,0.00,12.2,0.0,11.3,1.0,-0.0,-0.0
3437,3437.08,1313.57,1313.56,-0.01,10.0,-0.4,11.3,-0.9,-0.0,-0.0
3438,3438.04,1313.57,1313.56,-0.01,10.9,-0.4,11.3,0.0,-0.0,-0.0
3439,3439.09,1313.56,1313.56,0.00,9.4,0.0,11.3,-1.9,-0.0,-0.0
3440,3440.11,1313.55,1313.56,0.01,11.7,0.4,11.3,0.0,-0.0,-0.0
3441,3441.09,1313.57,1313.56,-0.01,10.9,-0.4,11.3,0.0,-0.0,-0.0
3442,3442.05,1313.56,1313.56,0.00,11.3,0.0,11.3,0.0,-0.0,-0.0
3443,3443.10,1313.56,1313.56,0.00,12.3,0.0,11.3,1.0,-0.0,-0.0
3444,3444.07,1313.53,1313.56,0.04,13.4,1.1,11.3,0.9,-0.0,-0.0
3445,3445.10,1313.54,1313.56,0.02,14.0,0.7,11.3,1.9,-0.0,-0.0
3446,3446.07,1313.55,1313.56,0.01,11.7,0.4,11.3,0.0,-0.0,-0.0
3447,3447.11,1313.56,1313.56,0.00,12.3,0.0,11.3,1.0,-0.0,-0.0
3448,3448.10,1313.56,1313.56,0.00,8.5,0.0,11.3,-2.8,-0.0,-0.0
3449,3449.07,1313.55,1313.56,0.01,11.7,0.4,11.3,0.0,-0.0,-0.0
3450,3450.11,1313.57,1313.56,-0.01,11.9,-0.4,11.3,1.0,-0.0,-0.0
3451,3451.07,1313.57,1313.56,-0.01,10.0,-0.4,11.3,-0.9,-0.0,-0.0
3452,3452.11,1313.56,1313.56,0.00,12.3,0.0,11.3,0.9,-0.0,-0.0
3453,3453.08,1313.59,1313.56,-0.02,7.7,-0.7,11.3,-2.8,-0.0,-0.0
3454,3454.12,1313.55,1313.56,0.01,12.6,0.4,11.3,0.9,-0.0,-0.0
3455,3455.09,1313.56,1313.56,0.00,11.3,0.0,11.3,0.0,-0.0,-0.0
3456,3456.06,1313.56,1313.56,0.00,14.1,0.0,11.3,2.8,-0.0,-0.0
3457,3457.11,1313.59,1313.56,-0.02,9.6,-0.7,11.3,-0.9,-0.0,-0.0
3458,3458.07,1313.55,1313.56,0.01,12.6,0.4,11.3,1.0,-0.0,-0.0
3459,3459.11,1313.59,1313.56,-0.02,8.7,-0.7,11.3,-1.9,-0.0,-0.0
3460,3460.08,1313.57,1313.56,-0.01,10.0,-0.4,11.3,-1.0,-0.0,-0.0
3461,3461.05,1313.59,1313.56,-0.02,7.7,-0.7,11.3,-2.8,-0.0,-0.0
3462,3462.10,1313.59,1313.56,-0.02,11.5,-0.7,11.3,0.9,-0.0,-0.0
3463,3463.05,1313.55,1313.56,0.01,10.7,0.4,11.3,-1.0,-0.0,-0.0
3464,3464.09,1313.56,1313.56,0.00,7.4,0.0,11.3,-3.9,-0.0,-0.0
3465,3465.05,1313.59,1313.56,-0.02,9.6,-0.7,11.3,-1.0,-0.0,-0.0
3466,3466.09,1313.56,1313.56,0.00,10.3,0.0,11.3,-1.0,-0.0,-0.0
3467,3467.04,1313.56,1313.56,0.00,11.3,0.0,11.3,0.0,-0.0,-0.0
3468,3468.09,1313.57,1313.56,-0.01,9.0,-0.4,11.3,-1.9,-0.0,-0.0
3469,3469.07,1313.55,1313.56,0.01,10.7,0.4,11.3,-0.9,-0.0,-0.0
3470,3470.11,1313.53,1313.56,0.04,15.3,1.1,11.3,2.9,-0.0,-0.0
3471,3471.08,1313.59,1313.56,-0.02,9.6,-0.7,11.3,-0.9,-0.0,-0.0
3472,3472.11,1313.55,1313.56,0.01,13.6,0.4,11.3,1.9,-0.0,-0.0
3473,3473.08,1313.55,1313.56,0.01,12.6,0.4,11.3,0.9,-0.0,-0.0
3474,3474.04,1313.56,1313.56,0.00,13.2,0.0,11.3,1.9,-0.0,-0.0
3475,3475.08,1313.56,1313.56,0.00,10.4,0.0,11.3,-1.0,-0.0,-0.0
3476,3476.04,1313.56,1313.56,0.00,13.2,0.0,11.3,1.9,-0.0,-0.0
3477,3477.09,1313.55,1313.56,0.01,12.6,0.4,11.3,0.9,-0.0,-0.0
3478,3478.04,1313.57,1313.56,-0.01,9.0,-0.4,11.3,-1.9,-0.0,-0.0
3479,3479.09,1313.56,1313.56,0.00,11.3,0.0,11.3,0.0,-0.0,-0.0
3480,3480.11,1313.55,1313.56,0.01,12.6,0.4,11.3,0.9,-0.0,-0.0
3481,3481.09,1313.57,1313.56,-0.01,10.0,-0.4,11.3,-0.9,-0.0,-0.0
3482,3482.05,1313.56,1313.56,0.00,7.5,0.0,11.3,-3.8,-0.0,-0.0
3483,3483.10,1313.57,1313.56,-0.01,9.1,-0.4,11.3,-1.9,-0.0,-0.0
3484,3484.06,1313.55,1313.56,0.01,11.7,0.4,11.3,0.0,-0.0,-0.0
3485,3485.12,1313.56,1313.56,0.00,12.2,0.0,11.3,0.9,-0.0,-0.0
3486,3486.08,1313.57,1313.56,-0.01,8.1,-0.4,11.3,-2.8,-0.0,-0.0
3487,3487.05,1313.55,1313.56,0.01,12.6,0.4,11.3,0.9,-0.0,-0.0
3488,3488.10,1313.56,1313.56,0.00,9.4,0.0,11.3,-1.9,-0.0,-0.0
3489,3489.07,1313.56,1313.56,0.00,11.3,0.0,11.3,0.0,-0.0,-0.0
3490,3490.04,1313.54,1313.56,0.02,15.8,0.7,11.3,3.8,-0.0,-0.0
3491,3491.10,1313.59,1313.56,-0.02,9.6,-0.7,11.3,-0.9,-0.0,-0.0
3492,3492.06,1313.56,1313.56,0.00,12.3,0.0,11.3,1.0,-0.0,-0.0
3493,3493.11,1313.57,1313.56,-0.01,8.1,-0.4,11.3,-2.9,-0.0,-0.0
3494,3494.09,1313.57,1313.56,-0.01,8.1,-0.4,11.3,-2.8,-0.0,-0.0
3495,3495.05,1313.56,1313.56,0.00,12.3,0.0,11.3,0.9,-0.0,-0.0
3496,3496.10,1313.56,1313.56,0.00,11.3,0.0,11.3,0.0,-0.0,-0.0
3497,3497.06,1313.57,1313.56,-0.01,11.9,-0.4,11.3,1.0,-0.0,-0.0
3498,3498.09,1313.54,1313.56,0.02,14.0,0.7,11.3,1.9,-0.0,-0.0
3499,3499.06,1313.57,1313.56,-0.01,10.0,-0.4,11.3,-0.9,-0.0,-0.0
3500,3500.10,1313.57,1313.56,-0.01,11.9,-0.4,11.3,1.0,-0.0,-0.0
3501,3501.07,1313.56,1313.56,0.00,11.3,0.0,11.3,0.0,-0.0,-0.0
3502,3502.11,1313.59,1313.56,-0.02,8.7,-0.7,11.3,-1.9,-0.0,-0.0
3503,3503.07,1313.55,1313.56,0.01,10.7,0.4,11.3,-1.0,-0.0,-0.0
3504,3504.04,1313.56,1313.56,0.00,10.4,0.0,11.3,-0.9,-0.0,-0.0
3505,3505.09,1313.56,1313.56,0.00,11.3,0.0,11.3,0.0,-0.0,-0.0
3506,3506.06,1313.56,1313.56,0.00,12.3,0.0,11.3,0.9,-0.0,-0.0
3507,3507.11,1313.57,1313.56,-0.01,9.1,-0.4,11.3,-1.9,-0.0,-0.0
3508,3508.05,1313.57,1313.56,-0.01,11.0,-0.4,11.3,0.0,-0.0,-0.0
3509,3509.10,1313.57,1313.56,-0.01,11.0,-0.4,11.3,0.0,-0.0,-0.0
3510,3510.06,1313.57,1313.56,-0.01,11.9,-0.4,11.3,0.9,-0.0,-0.0
3511,3511.11,1313.56,1313.56,0.00,10.4,0.0,11.3,-1.0,-0.0,-0.0
3512,3512.07,1313.56,1313.56,0.00,12.3,0.0,11.3,1.0,-0.0,-0.0
3513,3513.04,1313.57,1313.56,-0.01,10.0,-0.4,11.3,-1.0,-0.0,-0.0
3514,3514.07,1313.55,1313.56,0.01,13.6,0.4,11.3,1.9,-0.0,-0.0
3515,3515.04,1313.55,1313.56,0.01,11.7,0.4,11.3,0.0,-0.0,-0.0
3516,3516.09,1313.55,1313.56,0.01,13.6,0.4,11.3,1.9,-0.0,-0.0
3517,3517.05,1313.55,1313.56,0.01,12.6,0.4,11.3,1.0,-0.0,-0.0
3518,3518.10,1313.54,1313.56,0.02,14.0,0.7,11.3,1.9,-0.0,-0.0
3519,3519.06,1313.55,1313.56,0.01,14.6,0.4,11.3,2.9,-0.0,-0.0
3520,3520.11,1313.55,1313.56,0.01,13.6,0.4,11.3,1.9,-0.0,-0.0
3521,3521.09,1313.56,1313.56,0.00,10.4,0.0,11.3,-1.0,-0.0,-0.0
3522,3522.06,1313.56,1313.56,0.00,12.3,0.0,11.3,0.9,-0.0,-0.0
3523,3523.09,1313.55,1313.56,0.01,13.6,0.4,11.3,1.9,-0.0,-0.0
3524,3524.06,1313.56,1313.56,0.00,12.3,0.0,11.3,0.9,-0.0,-0.0
3525,3525.10,1313.56,1313.56,0.00,10.4,0.0,11.3,-0.9,-0.0,-0.0
3526,3526.07,1313.57,1313.56,-0.01,9.1,-0.4,11.3,-1.9,-0.0,-0.0
3527,3527.11,1313.56,1313.56,0.00,10.4,0.0,11.3,-0.9,-0.0,-0.0
3528,3528.08,1313.57,1313.56,-0.01,8.1,-0.4,11.3,-2.8,-0.0,-0.0
3529,3529.05,1313.56,1313.56,0.00,9.4,0.0,11.3,-1.9,-0.0,-0.0
3530,3530.10,1313.56,1313.56,0.00,13.2,0.0,11.3,1.9,-0.0,-0.0
3531,3531.06,1313.54,1313.56,0.02,13.0,0.7,11.3,1.0,-0.0,-0.0
3532,3532.11,1313.57,1313.56,-0.01,10.0,-0.4,11.3,-0.9,-0.0,-0.0
3533,3533.08,1313.55,1313.56,0.01,12.6,0.4,11.3,0.9,-0.0,-0.0
3534,3534.12,1313.56,1313.56,0.00,11.3,0.0,11.3,0.0,-0.0,-0.0
3535,3535.07,1313.56,1313.56,0.00,12.3,0.0,11.3,1.0,-0.0,-0.0
3536,3536.04,1313.57,1313.56,-0.01,8.2,-0.4,11.3,-2.8,-0.0,-0.0
3537,3537.08,1313.56,1313.56,0.00,11.3,0.0,11.3,0.0,-0.0,-0.0
3538,3538.11,1313.57,1313.56,-0.01,11.9,-0.4,11.3,1.0,-0.0,-0.0
3539,3539.08,1313.53,1313.56,0.04,15.3,1.1,11.3,2.8,-0.0,-0.0
3540,3540.04,1313.57,1313.56,-0.01,10.0,-0.4,11.3,-1.0,-0.0,-0.0
3541,3541.09,1313.55,1313.56,0.01,12.6,0.4,11.3,0.9,-0.0,-0.0
3542,3542.05,1313.57,1313.56,-0.01,9.1,-0.4,11.3,-1.9,-0.0,-0.0
3543,3543.09,1313.57,1313.56,-0.01,10.0,-0.4,11.3,-0.9,-0.0,-0.0
3544,3544.05,1313.57,1313.56,-0.01,10.0,-0.4,11.3,-1.0,-0.0,-0.0
3545,3545.10,1313.56,1313.56,0.00,11.3,0.0,11.3,0.0,-0.0,-0.0
3546,3546.07,1313.54,1313.56,0.02,14.9,0.7,11.3,2.8,-0.0,-0.0
3547,3547.11,1313.60,1313.56,-0.04,6.4,-1.1,11.4,-3.8,-0.0,-0.0
3548,3548.08,1313.53,1313.56,0.04,17.2,1.1,11.3,4.8,-0.0,-0.0
3549,3549.04,1313.59,1313.56,-0.02,7.7,-0.7,11.3,-2.9,-0.0,-0.0
3550,3550.09,1313.54,1313.56,0.02,14.9,0.7,11.4,2.8,-0.0,-0.0
3551,3551.05,1313.56,1313.56,0.00,15.1,0.0,11.3,3.8,-0.0,-0.0
3552,3552.10,1313.56,1313.56,0.00,10.4,0.0,11.3,-1.0,-0.0,-0.0
3553,3553.06,1313.54,1313.56,0.02,15.9,0.7,11.4,3.8,-0.0,-0.0
3554,3554.10,1313.59,1313.56,-0.02,7.8,-0.7,11.3,-2.8,-0.0,-0.0
3555,3555.08,1313.57,1313.56,-0.01,9.1,-0.4,11.3,-1.9,-0.0,-0.0
3556,3556.10,1313.56,1313.56,0.00,9.4,0.0,11.4,-1.9,-0.0,-0.0
3557,3557.07,1313.56,1313.56,0.00,11.4,0.0,11.4,0.0,-0.0,-0.0
3558,3558.04,1313.57,1313.56,-0.01,9.1,-0.4,11.4,-1.9,-0.0,-0.0
3559,3559.08,1313.56,1313.56,0.00,12.3,0.0,11.4,1.0,-0.0,-0.0
3560,3560.05,1313.56,1313.56,0.00,11.4,0.0,11.4,0.0,-0.0,-0.0
3561,3561.10,1313.59,1313.56,-0.02,10.6,-0.7,11.3,0.0,-0.0,-0.0
3562,3562.07,1313.57,1313.56,-0.01,10.0,-0.4,11.3,-0.9,-0.0,-0.0
3563,3563.04,1313.57,1313.56,-0.01,11.0,-0.4,11.3,0.0,-0.0,-0.0
3564,3564.09,1313.57,1313.56,-0.01,10.0,-0.4,11.3,-0.9,-0.0,-0.0
3565,3565.06,1313.57,1313.56,-0.01,10.0,-0.4,11.3,-0.9,-0.0,-0.0
3566,3566.11,1313.55,1313.56,0.01,12.7,0.4,11.3,1.0,-0.0,-0.0
3567,3567.06,1313.57,1313.56,-0.01,9.0,-0.4,11.3,-1.9,-0.0,-0.0
3568,3568.08,1313.56,1313.56,0.00,8.5,0.0,11.3,-2.9,-0.0,-0.0
3569,3569.05,1313.57,1313.56,-0.01,9.1,-0.4,11.3,-1.9,-0.0,-0.0
3570,3570.10,1313.57,1313.56,-0.01,7.2,-0.4,11.3,-3.8,-0.0,-0.0
3571,3571.09,1313.59,1313.56,-0.02,6.9,-0.7,11.3,-3.7,-0.0,-0.0
3572,3572.05,1313.57,1313.56,-0.01,12.9,-0.4,11.3,1.9,-0.0,-0.0
3573,3573.09,1313.57,1313.56,-0.01,10.9,-0.4,11.3,0.0,-0.0,-0.0
3574,3574.04,1313.51,1313.56,0.05,16.6,1.5,11.3,3.8,-0.0,-0.0
3575,3575.08,1313.56,1313.56,0.00,12.3,0.0,11.3,1.0,-0.0,-0.0
3576,3576.05,1313.55,1313.56,0.01,11.7,0.4,11.3,0.0,-0.0,-0.0
3577,3577.11,1313.57,1313.56,-0.01,9.0,-0.4,11.3,-1.9,-0.0,-0.0
3578,3578.09,1313.57,1313.56,-0.01,10.9,-0.4,11.3,0.0,-0.0,-0.0
3579,3579.04,1313.55,1313.56,0.01,13.6,0.4,11.3,1.9,-0.0,-0.0
3580,3580.08,1313.57,1313.56,-0.01,10.0,-0.4,11.3,-1.0,-0.0,-0.0
3581,3581.05,1313.57,1313.56,-0.01,9.1,-0.4,11.3,-1.9,-0.0,-0.0
3582,3582.10,1313.54,1313.56,0.02,14.9,0.7,11.3,2.9,-0.0,-0.0
3583,3583.06,1313.56,1313.56,0.00,13.2,0.0,11.3,1.9,-0.0,-0.0
3584,3584.10,1313.59,1313.56,-0.02,9.6,-0.7,11.3,-1.0,-0.0,-0.0
3585,3585.08,1313.56,1313.56,0.00,13.2,0.0,11.3,1.9,-0.0,-0.0
3586,3586.05,1313.56,1313.56,0.00,11.3,0.0,11.3,0.0,-0.0,-0.0
3587,3587.10,1313.56,1313.56,0.00,12.2,0.0,11.3,1.0,-0.0,-0.0
3588,3588.06,1313.57,1313.56,-0.01,9.0,-0.4,11.3,-1.9,-0.0,-0.0
3589,3589.10,1313.57,1313.56,-0.01,10.9,-0.4,11.3,0.0,-0.0,-0.0
3590,3590.06,1313.57,1313.56,-0.01,8.1,-0.4,11.3,-2.8,-0.0,-0.0
3591,3591.12,1313.55,1313.56,0.01,13.5,0.4,11.3,1.9,-0.0,-0.0
3592,3592.10,1313.56,1313.56,0.00,10.4,0.0,11.3,-0.9,-0.0,-0.0
3593,3593.07,1313.55,1313.56,0.01,14.5,0.4,11.3,2.8,-0.0,-0.0
3594,3594.10,1313.55,1313.56,0.01,13.6,0.4,11.3,1.9,-0.0,-0.0
3595,3595.06,1313.59,1313.56,-0.02,6.8,-0.7,11.3,-3.8,-0.0,-0.0
3596,3596.11,1313.57,1313.56,-0.01,10.9,-0.4,11.3,0.0,-0.0,-0.0
3597,3597.07,1313.56,1313.56,0.00,10.4,0.0,11.3,-0.9,-0.0,-0.0
3598,3598.11,1313.59,1313.56,-0.02,9.6,-0.7,11.3,-1.0,-0.0,-0.0
3599,3599.08,1313.55,1313.56,0.01,11.7,0.4,11.3,0.0,-0.0,-0.0
3600,3600.04,1313.57,1313.56,-0.01,10.0,-0.4,11.3,-1.0,-0.0,-0.0
3601,3601.09,1313.57,1313.56,-0.01,8.1,-0.4,11.3,-2.9,-0.0,-0.0
3602,3602.05,1313.55,1313.56,0.01,13.6,0.4,11.3,1.9,-0.0,-0.0
3603,3603.11,1313.57,1313.56,-0.01,10.0,-0.4,11.3,-0.9,-0.0,-0.0
3604,3604.06,1313.56,1313.56,0.00,12.3,0.0,11.3,0.9,-0.0,-0.0
3605,3605.11,1313.56,1313.56,0.00,13.2,0.0,11.3,1.9,-0.0,-0.0
3606,3606.05,1313.59,1313.56,-0.02,7.7,-0.7,11.3,-2.9,-0.0,-0.0
3607,3607.04,1313.57,1313.56,-0.01,10.0,-0.4,11.3,-0.9,-0.0,-0.0
3608,3608.08,1313.57,1313.56,-0.01,8.1,-0.4,11.3,-2.9,-0.0,-0.0
3609,3609.11,1313.55,1313.56,0.01,13.6,0.4,11.3,1.9,-0.0,-0.0
3610,3610.09,1313.57,1313.56,-0.01,10.0,-0.4,11.3,-0.9,-0.0,-0.0
3611,3611.06,1313.57,1313.56,-0.01,10.9,-0.4,11.3,0.0,-0.0,-0.0
3612,3612.10,1313.57,1313.56,-0.01,8.0,-0.4,11.3,-2.9,-0.0,-0.0
3613,3613.07,1313.55,1313.56,0.01,12.6,0.4,11.3,0.9,-0.0,-0.0
3614,3614.04,1313.56,1313.56,0.00,12.2,0.0,11.3,0.9,-0.0,-0.0
3615,3615.08,1313.59,1313.56,-0.02,8.7,-0.7,11.3,-1.9,-0.0,-0.0
3616,3616.06,1313.57,1313.56,-0.01,9.0,-0.4,11.3,-1.9,-0.0,-0.0
3617,3617.10,1313.57,1313.56,-0.01,8.0,-0.4,11.3,-2.9,-0.0,-0.0
3618,3618.07,1313.56,1313.56,0.00,12.2,0.0,11.3,0.9,-0.0,-0.0
3619,3619.12,1313.57,1313.56,-0.01,7.1,-0.4,11.3,-3.8,-0.0,-0.0
3620,3620.07,1313.53,1313.56,0.04,13.3,1.1,11.3,1.0,-0.0,-0.0
3621,3621.11,1313.57,1313.56,-0.01,10.9,-0.4,11.3,0.0,-0.0,-0.0
3622,3622.08,1313.55,1313.56,0.01,12.6,0.4,11.3,0.9,-0.0,-0.0
3623,3623.05,1313.57,1313.56,-0.01,10.0,-0.4,11.3,-1.0,-0.0,-0.0
3624,3624.08,1313.56,1313.56,0.00,10.3,0.0,11.3,-1.0,-0.0,-0.0
3625,3625.04,1313.53,1313.56,0.04,13.4,1.1,11.3,1.0,-0.0,-0.0
3626,3626.10,1313.55,1313.56,0.01,12.6,0.4,11.3,0.9,-0.0,-0.0
3627,3627.07,1313.57,1313.56,-0.01,10.0,-0.4,11.3,-0.9,-0.0,-0.0
3628,3628.10,1313.59,1313.56,-0.02,8.7,-0.7,11.3,-1.9,-0.0,-0.0
3629,3629.07,1313.57,1313.56,-0.01,9.0,-0.4,11.3,-1.9,-0.0,-0.0
3630,3630.10,1313.55,1313.56,0.01,12.6,0.4,11.3,0.9,-0.0,-0.0
3631,3631.07,1313.57,1313.56,-0.01,10.0,-0.4,11.3,-0.9,-0.0,-0.0
3632,3632.04,1313.55,1313.56,0.01,12.6,0.4,11.3,0.9,-0.0,-0.0
3633,3633.09,1313.57,1313.56,-0.01,10.9,-0.4,11.3,0.0,-0.0,-0.0
3634,3634.05,1313.56,1313.56,0.00,9.4,0.0,11.3,-1.9,-0.0,-0.0
3635,3635.11,1313.57,1313.56,-0.01,10.0,-0.4,11.3,-0.9,-0.0,-0.0
3636,3636.07,1313.56,1313.56,0.00,12.2,0.0,11.3,0.9,-0.0,-0.0
3637,3637.11,1313.54,1313.56,0.02,13.9,0.7,11.3,1.9,-0.0,-0.0
3638,3638.07,1313.57,1313.56,-0.01,8.0,-0.4,11.3,-2.9,-0.0,-0.0
3639,3639.10,1313.56,1313.56,0.00,11.3,0.0,11.3,0.0,-0.0,-0.0
3640,3640.07,1313.57,1313.56,-0.01,10.9,-0.4,11.3,0.0,-0.0,-0.0
3641,3641.11,1313.57,1313.56,-0.01,9.0,-0.4,11.3,-1.9,-0.0,-0.0
3642,3642.06,1313.57,1313.56,-0.01,11.9,-0.4,11.3,1.0,-0.0,-0.0
3643,3643.09,1313.56,1313.56,0.00,12.2,0.0,11.3,1.0,-0.0,-0.0
3644,3644.06,1313.55,1313.56,0.01,11.6,0.4,11.3,0.0,-0.0,-0.0
3645,3645.11,1313.57,1313.56,-0.01,10.9,-0.4,11.3,0.0,-0.0,-0.0
3646,3646.08,1313.57,1313.56,-0.01,10.0,-0.4,11.3,-0.9,-0.0,-0.0
3647,3647.05,1313.57,1313.56,-0.01,10.0,-0.4,11.3,-0.9,-0.0,-0.0
3648,3648.10,1313.59,1313.56,-0.02,8.6,-0.7,11.3,-1.9,-0.0,-0.0
3649,3649.06,1313.55,1313.56,0.01,12.6,0.4,11.3,0.9,-0.0,-0.0
3650,3650.11,1313.57,1313.56,-0.01,10.0,-0.4,11.3,-0.9,-0.0,-0.0
3651,3651.08,1313.55,1313.56,0.01,13.5,0.4,11.3,1.9,-0.0,-0.0
3652,3652.11,1313.56,1313.56,0.00,10.3,0.0,11.3,-1.0,-0.0,-0.0
3653,3653.08,1313.57,1313.56,-0.01,10.0,-0.4,11.3,-0.9,-0.0,-0.0
3654,3654.11,1313.55,1313.56,0.01,12.6,0.4,11.3,1.0,-0.0,-0.0
3655,3655.08,1313.57,1313.56,-0.01,7.1,-0.4,11.3,-3.8,-0.0,-0.0
3656,3656.10,1313.56,1313.56,0.00,11.3,0.0,11.3,0.0,-0.0,-0.0
3657,3657.08,1313.55,1313.56,0.01,11.7,0.4,11.3,0.0,-0.0,-0.0
3658,3658.11,1313.56,1313.56,0.00,11.3,0.0,11.3,0.0,-0.0,-0.0
3659,3659.07,1313.57,1313.56,-0.01,10.9,-0.4,11.3,0.0,-0.0,-0.0
3660,3660.12,1313.56,1313.56,0.00,12.2,0.0,11.3,1.0,-0.0,-0.0
3661,3661.09,1313.57,1313.56,-0.01,10.0,-0.4,11.3,-0.9,-0.0,-0.0
3662,3662.06,1313.56,1313.56,0.00,12.2,0.0,11.3,0.9,-0.0,-0.0
3663,3663.11,1313.54,1313.56,0.02,14.9,0.7,11.3,2.8,-0.0,-0.0
3664,3664.07,1313.56,1313.56,0.00,12.2,0.0,11.3,0.9,-0.0,-0.0
3665,3665.10,1313.55,1313.56,0.01,12.6,0.4,11.3,1.0,-0.0,-0.0
3666,3666.08,1313.57,1313.56,-0.01,9.0,-0.4,11.3,-1.9,-0.0,-0.0
3667,3667.11,1313.59,1313.56,-0.02,9.6,-0.7,11.3,-1.0,-0.0,-0.0
3668,3668.08,1313.55,1313.56,0.01,12.6,0.4,11.3,0.9,-0.0,-0.0
3669,3669.06,1313.56,1313.56,0.00,12.2,0.0,11.3,0.9,-0.0,-0.0
3670,3670.11,1313.55,1313.56,0.01,13.6,0.4,11.3,1.9,-0.0,-0.0
3671,3671.07,1313.57,1313.56,-0.01,9.0,-0.4,11.3,-1.9,-0.0,-0.0
3672,3672.04,1313.57,1313.56,-0.01,11.9,-0.4,11.3,1.0,-0.0,-0.0
3673,3673.08,1313.54,1313.56,0.02,14.9,0.7,11.3,2.9,-0.0,-0.0
3674,3674.04,1313.55,1313.56,0.01,13.5,0.4,11.3,1.9,-0.0,-0.0
3675,3675.09,1313.57,1313.56,-0.01,8.0,-0.4,11.3,-2.9,-0.0,-0.0
3676,3676.05,1313.56,1313.56,0.00,8.5,0.0,11.3,-2.8,-0.0,-0.0
3677,3677.09,1313.54,1313.56,0.02,17.8,0.7,11.3,5.8,-0.0,-0.0
3678,3678.05,1313.55,1313.56,0.01,11.6,0.4,11.3,0.0,-0.0,-0.0
3679,3679.10,1313.54,1313.56,0.02,13.9,0.7,11.3,1.9,-0.0,-0.0
3680,3680.07,1313.53,1313.56,0.04,16.2,1.1,11.3,3.8,-0.0,-0.0
3681,3681.11,1313.56,1313.56,0.00,11.3,0.0,11.3,0.0,-0.0,-0.0
3682,3682.06,1313.55,1313.56,0.01,14.5,0.4,11.3,2.9,-0.0,-0.0
3683,3683.10,1313.55,1313.56,0.01,11.6,0.4,11.3,0.0,-0.0,-0.0
3684,3684.07,1313.57,1313.56,-0.01,10.9,-0.4,11.3,0.0,-0.0,-0.0
3685,3685.11,1313.54,1313.56,0.02,13.9,0.7,11.3,1.9,-0.0,-0.0
3686,3686.09,1313.55,1313.56,0.01,13.5,0.4,11.3,1.9,-0.0,-0.0
3687,3687.05,1313.59,1313.56,-0.02,6.8,-0.7,11.3,-3.8,-0.0,-0.0
3688,3688.09,1313.57,1313.56,-0.01,11.8,-0.4,11.3,0.9,-0.0,-0.0
3689,3689.07,1313.53,1313.56,0.04,15.2,1.1,11.3,2.8,-0.0,-0.0
3690,3690.11,1313.56,1313.56,0.00,10.3,0.0,11.3,-0.9,-0.0,-0.0
3691,3691.07,1313.57,1313.56,-0.01,9.9,-0.4,11.3,-1.0,-0.0,-0.0
3692,3692.04,1313.54,1313.56,0.02,15.8,0.7,11.2,3.8,-0.0,-0.0
3693,3693.08,1313.57,1313.56,-0.01,9.9,-0.4,11.3,-0.9,-0.0,-0.0
3694,3694.04,1313.54,1313.56,0.02,13.0,0.7,11.3,1.0,-0.0,-0.0
3695,3695.08,1313.53,1313.56,0.04,12.4,1.1,11.3,0.0,-0.0,-0.0
3696,3696.11,1313.56,1313.56,0.00,11.3,0.0,11.3,0.0,-0.0,-0.0
3697,3697.08,1313.55,1313.56,0.01,12.6,0.4,11.3,1.0,-0.0,-0.0
3698,3698.04,1313.54,1313.56,0.02,13.9,0.7,11.3,1.9,-0.0,-0.0
3699,3699.07,1313.57,1313.56,-0.01,9.0,-0.4,11.3,-1.9,-0.0,-0.0
3700,3700.04,1313.51,1313.56,0.05,14.7,1.5,11.3,1.9,-0.0,-0.0
3701,3701.09,1313.60,1313.56,-0.04,4.6,-1.1,11.3,-5.7,-0.0,-0.0
3702,3702.05,1313.54,1313.56,0.02,15.8,0.7,11.3,3.8,-0.0,-0.0
3703,3703.10,1313.59,1313.56,-0.02,9.6,-0.7,11.3,-1.0,-0.0,-0.0
3704,3704.07,1313.53,1313.56,0.04,11.5,1.1,11.3,-1.0,-0.0,-0.0
3705,3705.11,1313.59,1313.56,-0.02,4.9,-0.7,11.3,-5.7,-0.0,-0.0
3706,3706.07,1313.60,1313.56,-0.04,10.2,-1.1,11.3,0.0,-0.0,-0.0
3707,3707.11,1313.55,1313.56,0.01,11.7,0.4,11.3,0.0,-0.0,-0.0
3708,3708.06,1313.57,1313.56,-0.01,11.0,-0.4,11.4,0.0,-0.0,-0.0
3709,3709.10,1313.59,1313.56,-0.02,9.6,-0.7,11.3,-1.0,-0.0,-0.0
3710,3710.07,1313.57,1313.56,-0.01,10.0,-0.4,11.3,-1.0,-0.0,-0.0
3711,3711.11,1313.57,1313.56,-0.01,8.1,-0.4,11.3,-2.9,-0.0,-0.0
3712,3712.07,1313.56,1313.56,0.00,12.3,0.0,11.3,0.9,-0.0,-0.0
3713,3713.04,1313.56,1313.56,0.00,9.4,0.0,11.3,-1.9,-0.0,-0.0
3714,3714.08,1313.54,1313.56,0.02,14.0,0.7,11.3,1.9,-0.0,-0.0
3715,3715.04,1313.57,1313.56,-0.01,8.1,-0.4,11.3,-2.9,-0.0,-0.0
3716,3716.09,1313.53,1313.56,0.04,15.3,1.1,11.3,2.9,-0.0,-0.0
3717,3717.05,1313.55,1313.56,0.01,12.7,0.4,11.3,1.0,-0.0,-0.0
3718,3718.10,1313.56,1313.56,0.00,10.4,0.0,11.3,-1.0,-0.0,-0.0
3719,3719.07,1313.57,1313.56,-0.01,11.0,-0.4,11.3,0.0,-0.0,-0.0
3720,3720.12,1313.56,1313.56,0.00,12.3,0.0,11.3,1.0,-0.0,-0.0
3721,3721.07,1313.57,1313.56,-0.01,8.1,-0.4,11.3,-2.9,-0.0,-0.0
3722,3722.04,1313.59,1313.56,-0.02,11.5,-0.7,11.3,0.9,-0.0,-0.0
3723,3723.08,1313.55,1313.56,0.01,15.5,0.4,11.3,3.8,-0.0,-0.0
3724,3724.05,1313.55,1313.56,0.01,10.8,0.4,11.3,-0.9,-0.0,-0.0
3725,3725.09,1313.56,1313.56,0.00,12.3,0.0,11.3,1.0,-0.0,-0.0
3726,3726.06,1313.56,1313.56,0.00,10.4,0.0,11.3,-0.9,-0.0,-0.0
3727,3727.10,1313.55,1313.56,0.01,12.7,0.4,11.3,1.0,-0.0,-0.0
3728,3728.06,1313.54,1313.56,0.02,14.0,0.7,11.3,1.9,-0.0,-0.0
3729,3729.10,1313.61,1313.56,-0.05,4.2,-1.5,11.4,-5.7,-0.0,-0.0
3730,3730.05,1313.59,1313.56,-0.02,8.7,-0.7,11.4,-1.9,-0.0,-0.0
3731,3731.11,1313.56,1313.56,0.00,13.2,0.0,11.3,1.9,-0.0,-0.0
3732,3732.07,1313.57,1313.56,-0.01,9.1,-0.4,11.3,-1.9,-0.0,-0.0
3733,3733.04,1313.56,1313.56,0.00,11.3,0.0,11.3,0.0,-0.0,-0.0
3734,3734.09,1313.56,1313.56,0.00,10.4,0.0,11.3,-0.9,-0.0,-0.0
3735,3735.05,1313.61,1313.56,-0.05,6.1,-1.5,11.3,-3.8,-0.0,-0.0
3736,3736.10,1313.57,1313.56,-0.01,9.0,-0.4,11.3,-1.9,-0.0,-0.0
3737,3737.07,1313.57,1313.56,-0.01,11.0,-0.4,11.3,0.0,-0.0,-0.0
3738,3738.04,1313.57,1313.56,-0.01,8.1,-0.4,11.3,-2.8,-0.0,-0.0
3739,3739.09,1313.57,1313.56,-0.01,11.0,-0.4,11.3,0.0,-0.0,-0.0
3740,3740.06,1313.56,1313.56,0.00,13.2,0.0,11.3,1.9,-0.0,-0.0
3741,3741.09,1313.57,1313.56,-0.01,8.1,-0.4,11.3,-2.9,-0.0,-0.0
3742,3742.05,1313.57,1313.56,-0.01,10.0,-0.4,11.3,-1.0,-0.0,-0.0
3743,3743.09,1313.54,1313.56,0.02,14.0,0.7,11.3,1.9,-0.0,-0.0
3744,3744.06,1313.57,1313.56,-0.01,10.0,-0.4,11.3,-0.9,-0.0,-0.0
3745,3745.12,1313.55,1313.56,0.01,12.7,0.4,11.3,0.9,-0.0,-0.0
3746,3746.07,1313.57,1313.56,-0.01,10.0,-0.4,11.4,-1.0,-0.0,-0.0
3747,3747.05,1313.56,1313.56,0.00,10.4,0.0,11.4,-0.9,-0.0,-0.0
3748,3748.11,1313.57,1313.56,-0.01,8.2,-0.4,11.4,-2.8,-0.0,-0.0
3749,3749.07,1313.57,1313.56,-0.01,11.0,-0.4,11.3,0.0,-0.0,-0.0
3750,3750.11,1313.57,1313.56,-0.01,11.0,-0.4,11.3,0.0,-0.0,-0.0
3751,3751.07,1313.57,1313.56,-0.01,10.0,-0.4,11.3,-0.9,-0.0,-0.0
3752,3752.11,1313.54,1313.56,0.02,14.0,0.7,11.3,1.9,-0.0,-0.0
3753,3753.07,1313.55,1313.56,0.01,13.6,0.4,11.3,1.9,-0.0,-0.0
3754,3754.11,1313.55,1313.56,0.01,10.7,0.4,11.3,-1.0,-0.0,-0.0
3755,3755.08,1313.57,1313.56,-0.01,9.1,-0.4,11.3,-1.9,-0.0,-0.0
3756,3756.04,1313.57,1313.56,-0.01,10.0,-0.4,11.3,-1.0,-0.0,-0.0
3757,3757.08,1313.57,1313.56,-0.01,10.0,-0.4,11.3,-1.0,-0.0,-0.0
3758,3758.11,1313.54,1313.56,0.02,15.0,0.7,11.3,2.9,-0.0,-0.0
3759,3759.09,1313.56,1313.56,0.00,12.3,0.0,11.3,0.9,-0.0,-0.0
3760,3760.05,1313.55,1313.56,0.01,10.7,0.4,11.3,-0.9,-0.0,-0.0
3761,3761.10,1313.54,1313.56,0.02,13.9,0.7,11.3,1.9,-0.0,-0.0
3762,3762.07,1313.54,1313.56,0.02,14.9,0.7,11.3,2.9,-0.0,-0.0
3763,3763.12,1313.54,1313.56,0.02,14.9,0.7,11.3,2.8,-0.0,-0.0
3764,3764.08,1313.59,1313.56,-0.02,6.8,-0.7,11.3,-3.8,-0.0,-0.0
3765,3765.05,1313.57,1313.56,-0.01,9.1,-0.4,11.3,-1.9,-0.0,-0.0
3766,3766.10,1313.56,1313.56,0.00,12.3,0.0,11.3,1.0,-0.0,-0.0
3767,3767.06,1313.59,1313.56,-0.02,7.7,-0.7,11.3,-2.8,-0.0,-0.0
3768,3768.12,1313.54,1313.56,0.02,13.0,0.7,11.3,0.9,-0.0,-0.0
3769,3769.08,1313.57,1313.56,-0.01,8.1,-0.4,11.3,-2.8,-0.0,-0.0
3770,3770.05,1313.56,1313.56,0.00,12.3,0.0,11.3,0.9,-0.0,-0.0
3771,3771.10,1313.55,1313.56,0.01,10.7,0.4,11.3,-0.9,-0.0,-0.0
3772,3772.07,1313.53,1313.56,0.04,17.1,1.1,11.3,4.7,-0.0,-0.0
3773,3773.10,1313.56,1313.56,0.00,12.3,0.0,11.3,1.0,-0.0,-0.0
3774,3774.08,1313.55,1313.56,0.01,12.6,0.4,11.3,0.9,-0.0,-0.0
3775,3775.04,1313.57,1313.56,-0.01,8.1,-0.4,11.3,-2.9,-0.0,-0.0
3776,3776.09,1313.55,1313.56,0.01,12.6,0.4,11.3,0.9,-0.0,-0.0
3777,3777.04,1313.53,1313.56,0.04,14.4,1.1,11.3,1.9,-0.0,-0.0
3778,3778.09,1313.55,1313.56,0.01,12.6,0.4,11.3,1.0,-0.0,-0.0
3779,3779.05,1313.59,1313.56,-0.02,9.6,-0.7,11.3,-1.0,-0.0,-0.0
3780,3780.10,1313.59,1313.56,-0.02,10.6,-0.7,11.3,0.0,-0.0,-0.0
3781,3781.07,1313.57,1313.56,-0.01,8.1,-0.4,11.3,-2.8,-0.0,-0.0
3782,3782.04,1313.57,1313.56,-0.01,10.9,-0.4,11.3,0.0,-0.0,-0.0
3783,3783.08,1313.56,1313.56,0.00,12.2,0.0,11.3,0.9,-0.0,-0.0
3784,3784.11,1313.54,1313.56,0.02,14.9,0.7,11.3,2.9,-0.0,-0.0
3785,3785.07,1313.56,1313.56,0.00,10.3,0.0,11.3,-1.0,-0.0,-0.0
3786,3786.10,1313.55,1313.56,0.01,12.6,0.4,11.3,1.0,-0.0,-0.0
3787,3787.08,1313.57,1313.56,-0.01,10.9,-0.4,11.3,0.0,-0.0,-0.0
3788,3788.05,1313.56,1313.56,0.00,9.4,0.0,11.3,-1.9,-0.0,-0.0
3789,3789.10,1313.57,1313.56,-0.01,10.0,-0.4,11.3,-0.9,-0.0,-0.0
3790,3790.06,1313.55,1313.56,0.01,10.7,0.4,11.3,-0.9,-0.0,-0.0
3791,3791.09,1313.56,1313.56,0.00,12.3,0.0,11.3,1.0,-0.0,-0.0
3792,3792.06,1313.59,1313.56,-0.02,9.6,-0.7,11.3,-1.0,-0.0,-0.0
3793,3793.09,1313.57,1313.56,-0.01,12.9,-0.4,11.3,1.9,-0.0,-0.0
3794,3794.05,1313.56,1313.56,0.00,10.4,0.0,11.3,-1.0,-0.0,-0.0
3795,3795.10,1313.56,1313.56,0.00,10.4,0.0,11.3,-0.9,-0.0,-0.0
3796,3796.07,1313.59,1313.56,-0.02,8.7,-0.7,11.3,-1.9,-0.0,-0.0
3797,3797.04,1313.55,1313.56,0.01,14.5,0.4,11.3,2.8,-0.0,-0.0
3798,3798.09,1313.54,1313.56,0.02,14.9,0.7,11.3,2.8,-0.0,-0.0
3799,3799.06,1313.59,1313.56,-0.02,8.7,-0.7,11.3,-1.9,-0.0,-0.0
3800,3800.11,1313.54,1313.56,0.02,14.9,0.7,11.3,2.8,-0.0,-0.0
3801,3801.07,1313.59,1313.56,-0.02,8.7,-0.7,11.3,-1.9,-0.0,-0.0
3802,3802.11,1313.59,1313.56,-0.02,8.7,-0.7,11.3,-1.9,-0.0,-0.0
3803,3803.08,1313.56,1313.56,0.00,10.4,0.0,11.3,-1.0,-0.0,-0.0
3804,3804.11,1313.56,1313.56,0.00,7.5,0.0,11.3,-3.9,-0.0,-0.0
3805,3805.08,1313.56,1313.56,0.00,10.4,0.0,11.3,-0.9,-0.0,-0.0
3806,3806.04,1313.57,1313.56,-0.01,9.1,-0.4,11.3,-1.9,-0.0,-0.0
3807,3807.10,1313.55,1313.56,0.01,11.7,0.4,11.3,0.0,-0.0,-0.0
3808,3808.06,1313.55,1313.56,0.01,12.7,0.4,11.3,0.9,-0.0,-0.0
3809,3809.10,1313.56,1313.56,0.00,12.3,0.0,11.3,1.0,-0.0,-0.0
3810,3810.07,1313.56,1313.56,0.00,10.4,0.0,11.3,-0.9,-0.0,-0.0
3811,3811.04,1313.56,1313.56,0.00,11.3,0.0,11.3,0.0,-0.0,-0.0
3812,3812.09,1313.56,1313.56,0.00,10.4,0.0,11.3,-0.9,-0.0,-0.0
3813,3813.06,1313.57,1313.56,-0.01,11.9,-0.4,11.3,0.9,-0.0,-0.0
3814,3814.11,1313.56,1313.56,0.00,12.3,0.0,11.3,0.9,-0.0,-0.0
3815,3815.06,1313.57,1313.56,-0.01,11.9,-0.4,11.3,1.0,-0.0,-0.0
3816,3816.10,1313.56,1313.56,0.00,10.4,0.0,11.3,-1.0,-0.0,-0.0
3817,3817.07,1313.59,1313.56,-0.02,7.7,-0.7,11.3,-2.8,-0.0,-0.0
3818,3818.04,1313.56,1313.56,0.00,13.2,0.0,11.3,1.9,-0.0,-0.0
3819,3819.10,1313.53,1313.56,0.04,15.2,1.1,11.3,2.8,-0.0,-0.0
3820,3820.05,1313.57,1313.56,-0.01,10.0,-0.4,11.3,-1.0,-0.0,-0.0
3821,3821.10,1313.53,1313.56,0.04,15.3,1.1,11.3,2.9,-0.0,-0.0
3822,3822.06,1313.54,1313.56,0.02,15.8,0.7,11.3,3.8,-0.0,-0.0
3823,3823.10,1313.55,1313.56,0.01,14.5,0.4,11.3,2.9,-0.0,-0.0
3824,3824.06,1313.55,1313.56,0.01,12.6,0.4,11.3,1.0,-0.0,-0.0
3825,3825.10,1313.59,1313.56,-0.02,9.6,-0.7,11.3,-1.0,-0.0,-0.0
3826,3826.08,1313.54,1313.56,0.02,13.9,0.7,11.3,1.9,-0.0,-0.0
3827,3827.06,1313.56,1313.56,0.00,9.4,0.0,11.3,-1.9,-0.0,-0.0
3828,3828.10,1313.56,1313.56,0.00,10.4,0.0,11.3,-1.0,-0.0,-0.0
3829,3829.07,1313.55,1313.56,0.01,10.7,0.4,11.3,-1.0,-0.0,-0.0
3830,3830.11,1313.56,1313.56,0.00,11.3,0.0,11.3,0.0,-0.0,-0.0
3831,3831.08,1313.57,1313.56,-0.01,11.9,-0.4,11.3,1.0,-0.0,-0.0
3832,3832.04,1313.55,1313.56,0.01,12.7,0.4,11.3,1.0,-0.0,-0.0
3833,3833.08,1313.57,1313.56,-0.01,9.0,-0.4,11.3,-1.9,-0.0,-0.0
3834,3834.05,1313.56,1313.56,0.00,12.3,0.0,11.3,0.9,-0.0,-0.0
3835,3835.10,1313.57,1313.56,-0.01,11.9,-0.4,11.3,0.9,-0.0,-0.0
3836,3836.07,1313.57,1313.56,-0.01,10.9,-0.4,11.3,0.0,-0.0,-0.0
3837,3837.11,1313.57,1313.56,-0.01,10.0,-0.4,11.3,-1.0,-0.0,-0.0
3838,3838.08,1313.59,1313.56,-0.02,8.7,-0.7,11.3,-1.9,-0.0,-0.0
3839,3839.05,1313.55,1313.56,0.01,13.6,0.4,11.3,1.9,-0.0,-0.0
3840,3840.10,1313.56,1313.56,0.00,12.2,0.0,11.3,0.9,-0.0,-0.0
3841,3841.07,1313.57,1313.56,-0.01,7.1,-0.4,11.3,-3.8,-0.0,-0.0
3842,3842.11,1313.59,1313.56,-0.02,6.7,-0.7,11.3,-3.8,-0.0,-0.0
3843,3843.08,1313.56,1313.56,0.00,11.3,0.0,11.3,0.0,-0.0,-0.0
3844,3844.11,1313.56,1313.56,0.00,12.3,0.0,11.3,1.0,-0.0,-0.0
3845,3845.09,1313.56,1313.56,0.00,11.3,0.0,11.3,0.0,-0.0,-0.0
3846,3846.11,1313.57,1313.56,-0.01,9.0,-0.4,11.3,-1.9,-0.0,-0.0
3847,3847.09,1313.57,1313.56,-0.01,10.9,-0.4,11.3,0.0,-0.0,-0.0
3848,3848.05,1313.59,1313.56,-0.02,6.7,-0.7,11.3,-3.8,-0.0,-0.0
3849,3849.10,1313.55,1313.56,0.01,10.7,0.4,11.3,-0.9,-0.0,-0.0
3850,3850.06,1313.55,1313.56,0.01,10.7,0.4,11.3,-0.9,-0.0,-0.0
3851,3851.09,1313.53,1313.56,0.04,17.2,1.1,11.3,4.7,-0.0,-0.0
3852,3852.06,1313.54,1313.56,0.02,14.9,0.7,11.3,2.8,-0.0,-0.0
3853,3853.04,1313.54,1313.56,0.02,13.9,0.7,11.3,1.9,-0.0,-0.0
3854,3854.07,1313.54,1313.56,0.02,15.9,0.7,11.3,3.8,-0.0,-0.0
3855,3855.11,1313.56,1313.56,0.00,10.4,0.0,11.3,-1.0,-0.0,-0.0
3856,3856.08,1313.56,1313.56,0.00,12.3,0.0,11.3,0.9,-0.0,-0.0
3857,3857.06,1313.57,1313.56,-0.01,9.1,-0.4,11.3,-1.9,-0.0,-0.0
3858,3858.10,1313.57,1313.56,-0.01,9.1,-0.4,11.3,-1.9,-0.0,-0.0
3859,3859.06,1313.59,1313.56,-0.02,9.6,-0.7,11.3,-1.0,-0.0,-0.0
3860,3860.10,1313.57,1313.56,-0.01,10.0,-0.4,11.3,-1.0,-0.0,-0.0
3861,3861.07,1313.56,1313.56,0.00,11.3,0.0,11.3,0.0,-0.0,-0.0
3862,3862.11,1313.54,1313.56,0.02,14.9,0.7,11.3,2.8,-0.0,-0.0
3863,3863.08,1313.57,1313.56,-0.01,10.0,-0.4,11.3,-0.9,-0.0,-0.0
3864,3864.04,1313.56,1313.56,0.00,13.2,0.0,11.3,1.9,-0.0,-0.0
3865,3865.09,1313.55,1313.56,0.01,13.6,0.4,11.3,1.9,-0.0,-0.0
3866,3866.06,1313.51,1313.56,0.05,17.4,1.5,11.3,4.7,-0.0,-0.0
3867,3867.10,1313.54,1313.56,0.02,13.9,0.7,11.3,1.9,-0.0,-0.0
3868,3868.06,1313.57,1313.56,-0.01,10.0,-0.4,11.3,-1.0,-0.0,-0.0
3869,3869.10,1313.57,1313.56,-0.01,10.9,-0.4,11.3,0.0,-0.0,-0.0
3870,3870.08,1313.56,1313.56,0.00,11.3,0.0,11.3,0.0,-0.0,-0.0
3871,3871.05,1313.60,1313.56,-0.04,5.5,-1.1,11.3,-4.7,-0.0,-0.0
3872,3872.08,1313.57,1313.56,-0.01,9.9,-0.4,11.3,-0.9,-0.0,-0.0
3873,3873.07,1313.59,1313.56,-0.02,8.7,-0.7,11.2,-1.8,-0.0,-0.0
3874,3874.11,1313.57,1313.56,-0.01,9.0,-0.4,11.2,-1.9,-0.0,-0.0
3875,3875.07,1313.59,1313.56,-0.02,6.7,-0.7,11.2,-3.8,-0.0,-0.0
3876,3876.04,1313.57,1313.56,-0.01,11.8,-0.4,11.2,1.0,-0.0,-0.0
3877,3877.07,1313.57,1313.56,-0.01,9.0,-0.4,11.2,-1.9,-0.0,-0.0
3878,3878.05,1313.55,1313.56,0.01,13.5,0.4,11.2,1.9,-0.0,-0.0
3879,3879.08,1313.54,1313.56,0.02,13.9,0.7,11.2,1.9,-0.0,-0.0
3880,3880.11,1313.56,1313.56,0.00,12.2,0.0,11.2,1.0,-0.0,-0.0
3881,3881.08,1313.56,1313.56,0.00,10.3,0.0,11.3,-1.0,-0.0,-0.0
3882,3882.04,1313.56,1313.56,0.00,11.3,0.0,11.3,0.0,-0.0,-0.0
3883,3883.09,1313.56,1313.56,0.00,11.3,0.0,11.3,0.0,-0.0,-0.0
3884,3884.05,1313.55,1313.56,0.01,13.5,0.4,11.3,1.9,-0.0,-0.0
3885,3885.09,1313.55,1313.56,0.01,9.7,0.4,11.3,-1.9,-0.0,-0.0
3886,3886.05,1313.59,1313.56,-0.02,7.7,-0.7,11.3,-2.9,-0.0,-0.0
3887,3887.09,1313.55,1313.56,0.01,14.5,0.4,11.3,2.9,-0.0,-0.0
3888,3888.05,1313.54,1313.56,0.02,13.9,0.7,11.3,1.9,-0.0,-0.0
3889,3889.10,1313.57,1313.56,-0.01,9.0,-0.4,11.3,-1.9,-0.0,-0.0
3890,3890.05,1313.55,1313.56,0.01,13.6,0.4,11.3,1.9,-0.0,-0.0
3891,3891.10,1313.56,1313.56,0.00,9.4,0.0,11.3,-1.9,-0.0,-0.0
3892,3892.07,1313.55,1313.56,0.01,13.5,0.4,11.3,1.9,-0.0,-0.0
3893,3893.11,1313.59,1313.56,-0.02,9.6,-0.7,11.3,-1.0,-0.0,-0.0
3894,3894.08,1313.54,1313.56,0.02,14.8,0.7,11.3,2.8,-0.0,-0.0
3895,3895.05,1313.57,1313.56,-0.01,8.1,-0.4,11.3,-2.8,-0.0,-0.0
3896,3896.10,1313.54,1313.56,0.02,10.2,0.7,11.3,-1.9,-0.0,-0.0
3897,3897.07,1313.56,1313.56,0.00,12.3,0.0,11.3,0.9,-0.0,-0.0
3898,3898.10,1313.56,1313.56,0.00,10.4,0.0,11.3,-1.0,-0.0,-0.0
3899,3899.08,1313.55,1313.56,0.01,12.6,0.4,11.3,0.9,-0.0,-0.0
3900,3900.05,1313.54,1313.56,0.02,13.0,0.7,11.3,1.0,-0.0,-0.0
3901,3901.09,1313.57,1313.56,-0.01,10.0,-0.4,11.3,-1.0,-0.0,-0.0
3902,3902.06,1313.53,1313.56,0.04,12.4,1.1,11.3,0.0,-0.0,-0.0
3903,3903.10,1313.56,1313.56,0.00,14.2,0.0,11.3,2.9,-0.0,-0.0
3904,3904.07,1313.55,1313.56,0.01,11.7,0.4,11.3,0.0,-0.0,-0.0
3905,3905.10,1313.57,1313.56,-0.01,9.0,-0.4,11.3,-1.9,-0.0,-0.0
3906,3906.06,1313.56,1313.56,0.00,9.4,0.0,11.3,-1.9,-0.0,-0.0
3907,3907.11,1313.59,1313.56,-0.02,7.7,-0.7,11.3,-2.9,-0.0,-0.0
3908,3908.07,1313.59,1313.56,-0.02,8.7,-0.7,11.3,-1.9,-0.0,-0.0
3909,3909.10,1313.56,1313.56,0.00,13.2,0.0,11.3,1.9,-0.0,-0.0
3910,3910.07,1313.55,1313.56,0.01,11.7,0.4,11.3,0.0,-0.0,-0.0
3911,3911.11,1313.56,1313.56,0.00,12.3,0.0,11.3,0.9,-0.0,-0.0
3912,3912.08,1313.54,1313.56,0.02,13.0,0.7,11.3,0.9,-0.0,-0.0
3913,3913.06,1313.57,1313.56,-0.01,9.1,-0.4,11.3,-1.9,-0.0,-0.0
3914,3914.12,1313.56,1313.56,0.00,11.3,0.0,11.3,0.0,-0.0,-0.0
3915,3915.09,1313.56,1313.56,0.00,10.4,0.0,11.4,-0.9,-0.0,-0.0
3916,3916.04,1313.54,1313.56,0.02,14.9,0.7,11.3,2.9,-0.0,-0.0
3917,3917.10,1313.54,1313.56,0.02,14.9,0.7,11.4,2.8,-0.0,-0.0
3918,3918.06,1313.56,1313.56,0.00,8.5,0.0,11.4,-2.8,-0.0,-0.0
3919,3919.09,1313.55,1313.56,0.01,14.6,0.4,11.4,2.9,-0.0,-0.0
3920,3920.06,1313.55,1313.56,0.01,13.6,0.4,11.4,1.9,-0.0,-0.0
3921,3921.11,1313.56,1313.56,0.00,11.4,0.0,11.4,0.0,-0.0,-0.0
3922,3922.08,1313.54,1313.56,0.02,14.9,0.7,11.4,2.8,-0.0,-0.0
3923,3923.05,1313.59,1313.56,-0.02,9.7,-0.7,11.4,-0.9,-0.0,-0.0
3924,3924.09,1313.55,1313.56,0.01,13.6,0.4,11.4,1.9,-0.0,-0.0
3925,3925.06,1313.57,1313.56,-0.01,11.0,-0.4,11.4,0.0,-0.0,-0.0
3926,3926.10,1313.55,1313.56,0.01,11.7,0.4,11.4,0.0,-0.0,-0.0
3927,3927.06,1313.56,1313.56,0.00,11.3,0.0,11.3,0.0,-0.0,-0.0
3928,3928.11,1313.57,1313.56,-0.01,11.0,-0.4,11.3,0.0,-0.0,-0.0
3929,3929.07,1313.56,1313.56,0.00,11.4,0.0,11.4,0.0,-0.0,-0.0
3930,3930.11,1313.55,1313.56,0.01,12.7,0.4,11.4,1.0,-0.0,-0.0
3931,3931.08,1313.55,1313.56,0.01,13.6,0.4,11.3,1.9,-0.0,-0.0
3932,3932.04,1313.57,1313.56,-0.01,8.1,-0.4,11.4,-2.9,-0.0,-0.0
3933,3933.08,1313.56,1313.56,0.00,10.4,0.0,11.4,-1.0,-0.0,-0.0
3934,3934.05,1313.59,1313.56,-0.02,9.7,-0.7,11.4,-0.9,-0.0,-0.0
3935,3935.10,1313.57,1313.56,-0.01,10.0,-0.4,11.4,-1.0,-0.0,-0.0
3936,3936.05,1313.55,1313.56,0.01,14.6,0.4,11.4,2.9,-0.0,-0.0
3937,3937.09,1313.55,1313.56,0.01,13.6,0.4,11.4,1.9,-0.0,-0.0
3938,3938.06,1313.56,1313.56,0.00,12.3,0.0,11.4,1.0,-0.0,-0.0
3939,3939.11,1313.56,1313.56,0.00,11.4,0.0,11.4,0.0,-0.0,-0.0
3940,3940.07,1313.54,1313.56,0.02,15.9,0.7,11.3,3.8,-0.0,-0.0
3941,3941.11,1313.56,1313.56,0.00,12.3,0.0,11.3,0.9,-0.0,-0.0
3942,3942.08,1313.56,1313.56,0.00,12.3,0.0,11.3,0.9,-0.0,-0.0
3943,3943.04,1313.55,1313.56,0.01,13.6,0.4,11.3,1.9,-0.0,-0.0
3944,3944.07,1313.56,1313.56,0.00,11.3,0.0,11.3,0.0,-0.0,-0.0
3945,3945.11,1313.54,1313.56,0.02,15.0,0.7,11.3,2.9,-0.0,-0.0
3946,3946.09,1313.54,1313.56,0.02,14.9,0.7,11.3,2.8,-0.0,-0.0
3947,3947.04,1313.57,1313.56,-0.01,7.1,-0.4,11.3,-3.8,-0.0,-0.0
3948,3948.09,1313.57,1313.56,-0.01,8.1,-0.4,11.3,-2.8,-0.0,-0.0
3949,3949.06,1313.54,1313.56,0.02,14.0,0.7,11.3,1.9,-0.0,-0.0
3950,3950.09,1313.56,1313.56,0.00,10.4,0.0,11.3,-1.0,-0.0,-0.0
3951,3951.05,1313.56,1313.56,0.00,12.3,0.0,11.3,1.0,-0.0,-0.0
3952,3952.10,1313.56,1313.56,0.00,11.3,0.0,11.3,0.0,-0.0,-0.0
3953,3953.08,1313.59,1313.56,-0.02,7.8,-0.7,11.3,-2.8,-0.0,-0.0
3954,3954.04,1313.55,1313.56,0.01,12.7,0.4,11.3,1.0,-0.0,-0.0
3955,3955.09,1313.56,1313.56,0.00,12.3,0.0,11.3,0.9,-0.0,-0.0
3956,3956.05,1313.55,1313.56,0.01,11.7,0.4,11.3,0.0,-0.0,-0.0
3957,3957.10,1313.56,1313.56,0.00,13.2,0.0,11.3,1.9,-0.0,-0.0
3958,3958.05,1313.55,1313.56,0.01,14.5,0.4,11.3,2.8,-0.0,-0.0
3959,3959.09,1313.54,1313.56,0.02,14.0,0.7,11.3,1.9,-0.0,-0.0
3960,3960.04,1313.57,1313.56,-0.01,8.1,-0.4,11.3,-2.9,-0.0,-0.0
3961,3961.10,1313.59,1313.56,-0.02,8.7,-0.7,11.3,-1.9,-0.0,-0.0
3962,3962.06,1313.55,1313.56,0.01,13.6,0.4,11.3,1.9,-0.0,-0.0
3963,3963.10,1313.59,1313.56,-0.02,8.7,-0.7,11.3,-1.9,-0.0,-0.0
3964,3964.07,1313.59,1313.56,-0.02,8.7,-0.7,11.3,-1.9,-0.0,-0.0
3965,3965.11,1313.56,1313.56,0.00,9.4,0.0,11.3,-1.9,-0.0,-0.0
3966,3966.08,1313.57,1313.56,-0.01,9.1,-0.4,11.3,-1.9,-0.0,-0.0
3967,3967.05,1313.54,1313.56,0.02,13.0,0.7,11.3,0.9,-0.0,-0.0
3968,3968.07,1313.57,1313.56,-0.01,9.0,-0.4,11.3,-1.9,-0.0,-0.0
3969,3969.05,1313.55,1313.56,0.01,13.6,0.4,11.3,1.9,-0.0,-0.0
3970,3970.08,1313.56,1313.56,0.00,10.4,0.0,11.3,-0.9,-0.0,-0.0
3971,3971.04,1313.57,1313.56,-0.01,8.1,-0.4,11.3,-2.9,-0.0,-0.0
3972,3972.09,1313.57,1313.56,-0.01,11.0,-0.4,11.3,0.0,-0.0,-0.0
3973,3973.07,1313.56,1313.56,0.00,11.3,0.0,11.3,0.0,-0.0,-0.0
3974,3974.04,1313.54,1313.56,0.02,14.0,0.7,11.3,1.9,-0.0,-0.0
3975,3975.09,1313.56,1313.56,0.00,12.3,0.0,11.3,0.9,-0.0,-0.0
3976,3976.06,1313.55,1313.56,0.01,13.6,0.4,11.3,1.9,-0.0,-0.0
3977,3977.11,1313.57,1313.56,-0.01,9.1,-0.4,11.3,-1.9,-0.0,-0.0
3978,3978.07,1313.55,1313.56,0.01,11.7,0.4,11.3,0.0,-0.0,-0.0
3979,3979.10,1313.55,1313.56,0.01,13.6,0.4,11.3,1.9,-0.0,-0.0
3980,3980.08,1313.57,1313.56,-0.01,9.1,-0.4,11.3,-1.9,-0.0,-0.0
3981,3981.04,1313.56,1313.56,0.00,11.3,0.0,11.3,0.0,-0.0,-0.0
3982,3982.08,1313.57,1313.56,-0.01,8.1,-0.4,11.3,-2.8,-0.0,-0.0
3983,3983.05,1313.59,1313.56,-0.02,9.6,-0.7,11.3,-0.9,-0.0,-0.0
3984,3984.09,1313.56,1313.56,0.00,11.3,0.0,11.3,0.0,-0.0,-0.0
3985,3985.05,1313.57,1313.56,-0.01,10.0,-0.4,11.3,-0.9,-0.0,-0.0
3986,3986.10,1313.55,1313.56,0.01,14.5,0.4,11.3,2.8,-0.0,-0.0
3987,3987.08,1313.55,1313.56,0.01,13.5,0.4,11.3,1.9,-0.0,-0.0
3988,3988.06,1313.56,1313.56,0.00,7.6,0.0,11.3,-3.7,-0.0,-0.0
3989,3989.11,1313.57,1313.56,-0.01,10.0,-0.4,11.3,-1.0,-0.0,-0.0
3990,3990.08,1313.56,1313.56,0.00,9.4,0.0,11.3,-1.9,-0.0,-0.0
3991,3991.05,1313.59,1313.56,-0.02,8.7,-0.7,11.3,-1.9,-0.0,-0.0
3992,3992.10,1313.54,1313.56,0.02,14.9,0.7,11.3,2.8,-0.0,-0.0
3993,3993.06,1313.57,1313.56,-0.01,9.1,-0.4,11.3,-1.9,-0.0,-0.0
3994,3994.10,1313.56,1313.56,0.00,12.3,0.0,11.3,1.0,-0.0,-0.0
3995,3995.07,1313.57,1313.56,-0.01,10.0,-0.4,11.3,-0.9,-0.0,-0.0
3996,3996.12,1313.55,1313.56,0.01,12.6,0.4,11.3,0.9,-0.0,-0.0
3997,3997.09,1313.55,1313.56,0.01,12.6,0.4,11.3,0.9,-0.0,-0.0
3998,3998.05,1313.57,1313.56,-0.01,9.0,-0.4,11.3,-1.9,-0.0,-0.0
3999,3999.10,1313.57,1313.56,-0.01,10.0,-0.4,11.3,-1.0,-0.0,-0.0
