15:44:01.723,None,None,None,False
15:44:01.723,200,200,199.926,False
15:44:08.336,200,200,199.925,False
15:44:08.497,200,200,199.915,False
15:44:08.805,200,200,199.915,False
15:44:08.983,200,200,199.915,False
15:44:09.314,200,200,199.915,False
15:44:09.492,200,200,199.915,False
15:44:09.670,200,200,204.915,False
15:44:09.850,200,200,204.915,False
15:44:10.181,200,200,204.915,False
15:44:10.361,200,200,204.915,False
15:44:10.496,200,200,204.915,False
15:44:10.694,200,200,204.915,False
15:44:10.880,200,200,204.915,False
15:44:11.287,200,200,204.915,False
15:44:11.466,200,200,204.915,False
15:44:11.645,200,200,204.915,False
15:44:11.822,-0.05,200,204.915,False
15:44:12.000,5,200,204.915,False
15:44:12.078,5,200,204.915,False
15:44:12.257,5,200,204.915,False
15:44:12.436,5,200,204.915,False
15:44:12.621,0,200,204.915,False
15:44:12.661,0,200,204.915,False
15:44:12.822,0,200,204.915,False
15:44:13.152,0,200,204.915,False
15:44:13.331,0,200,204.915,False
15:44:13.509,0,200,204.915,False
15:44:13.687,0,200,204.915,False
15:44:13.866,0,200,204.915,False
15:44:14.044,0,200,204.915,False
15:44:14.223,0,200,204.915,False
15:44:14.404,0,200,204.915,False
15:44:14.582,0,200,204.915,False
15:44:14.759,0,-0.15,204.915,False
15:44:14.937,0,5,204.915,False
15:44:15.015,0,5,204.915,False
15:44:15.169,0,5,204.915,False
15:44:15.347,0,5,204.915,False
15:44:15.524,0,0,204.915,False
15:44:15.767,0,0,204.915,False
15:44:15.935,200,200,204.915,False
15:44:16.188,200,200,204.915,False
15:44:16.366,200,200,204.915,False
15:44:16.543,200,200,204.915,False
15:44:16.721,200,200,204.915,False
15:44:16.899,200,200,204.915,False
15:44:17.077,200,200,204.915,False
15:44:17.255,200,200,204.915,False
15:44:17.433,200,200,204.915,False
15:44:17.611,200,200,204.915,False
15:44:17.789,200,200,204.915,False
15:44:17.967,200,200,204.915,False
15:44:18.119,200,200,204.915,False
15:44:18.303,200,200,204.915,False
15:44:18.477,200,200,204.915,False
15:44:18.655,200,200,204.915,False
15:44:18.774,200,200,204.915,False
15:44:19.503,200,200,204.915,False
15:44:19.834,200,200,204.915,False
15:44:20.012,200,200,204.915,False
15:44:20.190,200,200,204.915,False
15:44:20.369,200,200,204.915,False
15:44:20.546,200,200,204.915,False
15:44:20.723,200,200,204.915,False
15:44:20.838,200,200,204.915,False
15:44:21.174,200,200,204.915,False
15:44:21.580,200,200,204.915,False
15:44:21.757,200,200,204.915,False
15:44:21.936,200,200,204.915,False
15:44:22.113,200,200,204.915,False
15:44:22.291,200,200,204.915,False
15:44:22.471,200,200,204.915,False
15:44:22.649,200,200,204.915,False
15:44:22.832,200,200,204.915,False
15:44:23.005,200,200,204.915,False
15:44:23.183,200,200,204.915,False
15:44:23.361,200,200,204.915,False
15:44:23.538,200,200,204.915,False
15:44:23.717,200,200,204.915,False
15:44:23.897,200,200,204.915,False
15:44:24.072,200,200,204.915,False
15:44:24.253,200,200,204.915,False
15:44:24.428,200,200,204.915,False
15:44:24.611,200,200,204.915,False
15:44:24.784,200,200,204.915,False
15:44:24.962,200,200,204.915,False
15:44:25.141,200,200,204.915,False
15:44:25.319,200,200,204.915,False
15:44:25.496,200,200,204.915,False
15:44:25.677,200,200,204.915,False
15:44:25.854,200,200,204.915,False
15:44:26.031,200,200,204.915,False
15:44:26.210,200,200,204.915,False
15:44:26.387,200,200,204.915,False
15:44:26.566,200,200,204.915,False
15:44:26.744,200,200,204.915,False
15:44:26.922,200,200,204.915,False
15:44:27.100,200,200,204.915,False
15:44:27.277,200,200,204.915,False
15:44:27.456,200,200,204.915,False
15:44:27.634,200,200,204.915,False
15:44:27.812,200,200,204.915,False
15:44:27.990,200,200,204.915,False
15:44:28.167,200,200,204.915,False
15:44:28.348,200,200,204.915,False
15:44:28.524,200,200,204.915,False
15:44:28.702,200,200,204.915,False
15:44:28.880,200,200,204.915,False
15:44:29.060,200,200,204.915,False
15:44:29.236,200,200,204.915,False
15:44:29.415,200,200,204.915,False
15:44:29.595,200,200,204.915,False
15:44:29.771,200,200,204.915,False
15:44:29.949,200,200,204.915,False
15:44:30.127,200,200,204.915,False
15:44:30.305,200,200,204.915,False
15:44:30.483,200,200,204.915,False
15:44:30.662,200,200,204.915,False
15:44:30.840,200,200,204.915,False
15:44:31.018,200,200,204.915,False
15:44:31.131,200,200,204.915,False
15:44:31.441,200,200,204.915,False
15:44:31.848,200,200,204.915,False
15:44:32.026,200,200,204.915,False
15:44:32.204,200,200,204.915,False
15:44:32.382,200,200,204.915,False
15:44:32.561,200,200,204.915,False
15:44:32.738,200,200,204.915,False
15:44:32.916,200,200,204.915,False
15:44:33.094,200,200,204.915,False
15:44:33.272,200,200,204.915,False
15:44:33.450,200,200,204.915,False
15:44:33.628,200,200,204.915,False
15:44:33.806,200,200,204.915,False
15:44:33.984,200,200,204.915,False
15:44:34.162,200,200,204.915,False
15:44:34.340,200,200,204.915,False
15:44:34.519,200,200,204.915,False
15:44:34.700,200,200,204.915,False
15:44:34.876,200,200,204.915,False
15:44:35.054,200,200,204.915,False
15:44:35.232,200,200,204.915,False
15:44:35.410,200,200,204.915,False
15:44:35.588,200,200,204.915,False
15:44:35.766,200,200,204.915,False
15:44:35.944,200,200,204.915,False
15:44:36.122,200,200,204.915,False
15:44:36.300,200,200,204.915,False
15:44:36.478,200,200,204.915,False
15:44:36.656,200,200,204.915,False
15:44:36.835,200,200,204.915,False
15:44:36.988,200,200,204.915,False
15:44:37.166,200,200,204.915,False
15:44:37.344,200,200,204.915,False
15:44:37.522,200,200,204.915,False
15:44:37.700,200,200,204.915,False
15:44:37.878,200,200,204.915,False
15:44:38.056,200,200,204.915,False
15:44:38.234,200,200,204.915,False
15:44:38.413,200,200,204.915,False
15:44:38.591,200,200,204.915,False
15:44:38.744,200,200,204.915,False
15:44:38.922,200,200,204.915,False
15:44:39.100,200,200,204.915,False
15:44:39.278,200,200,204.915,False
15:44:39.456,200,200,204.915,False
15:44:39.634,200,200,204.915,False
15:44:39.813,200,200,204.915,False
15:44:39.991,200,200,204.915,False
15:44:40.168,200,200,204.915,False
15:44:40.346,200,200,204.915,False
15:44:40.524,200,200,204.915,False
15:44:40.702,200,200,204.915,False
15:44:40.880,200,200,204.915,False
15:44:41.058,200,200,204.915,False
15:44:41.235,200,200,204.915,False
15:44:41.392,200,200,204.915,False
15:44:41.585,200,200,204.915,False
15:44:41.769,200,200,204.915,False
15:44:42.176,200,200,204.915,False
15:44:42.354,200,200,204.915,False
15:44:42.533,200,200,204.915,False
15:44:42.711,200,200,204.915,False
15:44:42.889,200,200,204.915,False
15:44:43.067,200,200,204.915,False
15:44:43.246,200,200,204.915,False
15:44:43.423,200,200,204.915,False
15:44:43.600,200,200,204.915,False
15:44:43.779,200,200,204.915,False
15:44:43.932,200,200,204.915,False
15:44:44.109,200,200,204.915,False
15:44:44.288,200,200,204.915,False
15:44:44.466,200,200,204.915,False
15:44:44.644,200,200,204.915,False
15:44:44.822,200,200,204.915,False
15:44:45.000,200,200,204.915,False
15:44:45.180,200,200,204.915,False
15:44:45.356,200,200,204.915,False
15:44:45.534,200,200,204.915,False
15:44:45.712,200,200,204.915,False
15:44:45.890,200,200,204.915,False
15:44:46.068,200,200,204.915,False
15:44:46.246,200,200,204.915,False
15:44:46.426,200,200,204.915,False
15:44:46.606,200,200,204.915,False
15:44:46.783,200,200,204.915,False
15:44:46.939,200,200,-0.03,False
15:44:46.975,200,200,-0.03,True
15:44:47.147,200,200,-0.03,True
15:44:47.472,200,200,-0.03,True
15:44:47.646,200,200,-0.03,True
15:44:47.754,200,200,-0.03,True
15:44:48.462,200,200,-0.03,True
15:44:48.739,200,200,-0.025,True
15:44:48.934,200,200,-0.025,True
15:44:49.265,200,200,-0.025,True
15:44:49.443,200,200,-0.025,True
15:44:49.622,200,200,-0.025,True
15:44:49.799,200,200,-0.025,True
15:44:49.954,200,200,4.967,True
15:44:50.368,398,16,20,True
15:44:50.544,398,16,20,True
15:44:50.722,398,16,20,True
15:44:50.901,398,16,20,True
15:44:51.078,398,16,20,True
15:44:51.256,398,16,20,True
15:44:51.435,398,16,20,True
15:44:51.613,398,16,20,True
15:44:51.725,398,16,20,True
15:44:52.060,398,16,20,True
15:44:52.467,398,16,20,True
15:44:52.645,398,16,20,True
15:44:52.824,398,16,20,True
15:44:53.151,398,16,20,True
15:44:53.946,398,16,20,True
15:44:54.276,398,16,20,True
15:44:54.455,398,16,20,True
15:44:54.634,398,16,20,True
15:44:54.812,398,16,20,True
15:44:54.989,398,16,20,True
15:44:55.168,398,16,20,True
15:44:55.346,398,16,20,True
15:44:55.524,398,16,20,True
15:44:55.703,398,16,20,True
15:44:55.880,398,16,20,True
15:44:56.058,398,16,20,True
15:44:56.236,398,16,20,True
15:44:56.416,398,16,20,True
15:44:56.552,397.994,15.994,0.514,True
15:44:56.748,397.994,15.994,0.514,True
15:44:57.079,397.994,15.994,0.514,True
15:44:57.254,397.994,15.994,0.514,True
15:44:58.051,397.994,15.994,0.514,True
15:44:58.329,397.994,15.994,0.512,True
15:44:58.523,397.994,15.994,0.512,True
15:44:58.854,397.994,15.994,0.512,True
15:44:59.032,397.994,15.994,0.512,True
15:44:59.210,397.994,15.994,0.512,True
15:44:59.388,397.994,15.994,0.512,True
15:44:59.566,397.994,15.994,0.512,True
15:44:59.744,397.994,15.994,0.512,True
15:44:59.922,397.994,15.994,0.512,True
15:45:00.099,397.994,15.994,0.512,True
15:45:00.278,397.994,15.994,0.512,True
15:45:00.455,397.994,15.994,19.97,True
15:45:00.813,201,380,19.97,True
15:45:00.990,201,380,19.97,True
15:45:01.168,201,380,19.97,True
15:45:01.346,201,380,19.97,True
15:45:01.524,201,380,19.97,True
15:45:01.702,201,380,19.97,True
15:45:01.880,201,380,19.97,True
15:45:01.993,201,380,19.97,True
15:45:02.185,201,380,19.97,True
15:45:03.101,201,380,19.97,True
15:45:03.435,201,380,19.97,True
15:45:03.612,201,380,19.97,True
15:45:03.790,201,380,19.97,True
15:45:03.968,201,380,19.97,True
15:45:04.146,201,380,19.97,True
15:45:04.324,201,380,19.97,True
15:45:04.502,201,380,19.97,True
15:45:04.680,201,380,19.97,True
15:45:04.858,201,380,19.97,True
15:45:05.036,201,380,19.97,True
15:45:05.214,201,380,19.97,True
15:45:05.392,201,380,19.97,True
15:45:05.571,201,380,19.97,True
15:45:05.748,201.006,379.994,0.0288,True
15:45:06.041,201.006,379.994,0.0288,True
15:45:06.219,201.006,379.994,0.0288,True
15:45:06.399,201.006,379.994,0.0288,True
15:45:06.546,201.006,379.994,0.0288,True
15:45:07.333,201.006,379.994,0.0288,True
15:45:07.613,201.006,379.994,0.0338,True
15:45:07.807,201.006,379.994,0.0338,True
15:45:08.140,201.006,379.994,0.0338,True
15:45:08.316,201.006,379.994,0.0338,True
15:45:08.494,201.006,379.994,0.0338,True
15:45:08.672,201.006,379.994,0.0338,True
15:45:08.850,201.006,379.994,0.0338,True
15:45:09.028,201.006,379.994,0.0338,True
15:45:09.206,201.006,379.994,0.0338,True
15:45:09.384,201.006,379.994,0.0338,True
15:45:09.562,201.006,379.994,0.0338,True
15:45:09.740,201.006,379.994,19.97,True
15:45:10.095,2,16,19.97,True
15:45:10.274,2,16,19.97,True
15:45:10.452,2,16,19.97,True
15:45:10.631,2,16,19.97,True
15:45:10.809,2,16,19.97,True
15:45:10.987,2,16,19.97,True
15:45:11.166,2,16,19.97,True
15:45:11.344,2,16,19.97,True
15:45:11.522,2,16,19.97,True
15:45:12.490,2,16,19.97,True
15:45:12.706,2,16,19.97,True
15:45:13.113,2,16,19.97,True
15:45:13.290,2,16,19.97,True
15:45:13.467,2,16,19.97,True
15:45:13.647,2,16,19.97,True
15:45:13.823,2,16,19.97,True
15:45:14.001,2,16,19.97,True
15:45:14.180,2,16,19.97,True
15:45:14.358,2,16,19.97,True
15:45:14.536,2,16,19.97,True
15:45:14.715,2,16,19.97,True
15:45:14.893,2,16,19.97,True
15:45:15.032,2.006,16.019,0.595,True
15:45:15.235,2.006,16.019,0.595,True
15:45:15.567,2.006,16.019,0.595,True
15:45:15.738,2.006,16.019,0.595,True
15:45:15.849,2.006,16.019,0.595,True
15:45:16.552,2.006,16.019,0.595,True
15:45:16.834,2.006,16.019,0.594,True
15:45:17.028,2.006,16.019,0.594,True
15:45:17.359,2.006,16.019,0.594,True
15:45:17.535,2.006,16.019,0.594,True
15:45:17.714,2.006,16.019,0.594,True
15:45:17.893,2.006,16.019,0.594,True
15:45:18.070,2.006,16.019,0.594,True
15:45:18.248,2.006,16.019,0.594,True
15:45:18.427,2.006,16.019,0.594,True
15:45:18.605,2.006,16.019,0.594,True
15:45:18.782,2.006,16.019,0.594,True
15:45:18.940,2.006,16.019,19.97,True
15:45:19.018,2.006,16.019,19.97,True
15:45:19.830,398,16,19.97,True
15:45:20.008,398,16,19.97,True
15:45:20.185,398,16,19.97,True
15:45:20.364,398,16,19.97,True
15:45:20.541,398,16,19.97,True
15:45:20.720,398,16,19.97,True
15:45:20.898,398,16,19.97,True
15:45:21.075,398,16,19.97,True
15:45:21.255,398,16,19.97,True
15:45:22.103,398,16,19.97,True
15:45:22.432,398,16,19.97,True
15:45:22.611,398,16,19.97,True
15:45:22.812,398,16,19.97,True
15:45:22.996,398,16,19.97,True
15:45:23.403,398,16,19.97,True
15:45:23.581,398,16,19.97,True
15:45:23.759,398,16,19.97,True
15:45:23.937,398,16,19.97,True
15:45:24.115,398,16,19.97,True
15:45:24.293,398,16,19.97,True
15:45:24.471,398,16,19.97,True
15:45:24.649,398,16,19.97,True
15:45:24.802,397.994,15.994,-0.025,True
15:45:25.000,397.994,15.994,-0.025,True
15:45:25.331,397.994,15.994,-0.025,True
15:45:25.510,397.994,15.994,-0.025,True
15:45:26.305,397.994,15.994,-0.025,True
15:45:26.585,397.994,15.994,-0.0275,True
15:45:26.782,397.994,15.994,-0.0275,True
15:45:27.115,397.994,15.994,-0.0275,True
15:45:27.292,397.994,15.994,-0.0275,True
15:45:27.469,397.994,15.994,-0.0275,True
15:45:27.647,397.994,15.994,-0.0275,True
15:45:27.825,397.994,15.994,-0.0275,True
15:45:28.003,397.994,15.994,-0.0275,True
15:45:28.181,397.994,15.994,-0.0275,True
15:45:28.359,397.994,15.994,-0.0275,True
15:45:28.537,397.994,15.994,-0.0275,True
15:45:28.715,397.994,15.994,19.97,True
15:45:29.046,201,380,19.97,True
15:45:29.224,201,380,19.97,True
15:45:29.402,201,380,19.97,True
15:45:29.580,201,380,19.97,True
15:45:29.758,201,380,19.97,True
15:45:29.936,201,380,19.97,True
15:45:30.114,201,380,19.97,True
15:45:30.292,201,380,19.97,True
15:45:30.470,201,380,19.97,True
15:45:31.444,201,380,19.97,True
15:45:31.775,201,380,19.97,True
15:45:31.953,201,380,19.97,True
15:45:32.131,201,380,19.97,True
15:45:32.310,201,380,19.97,True
15:45:32.489,201,380,19.97,True
15:45:32.665,201,380,19.97,True
15:45:32.843,201,380,19.97,True
15:45:32.959,201,380,19.97,True
15:45:33.289,201,380,19.97,True
15:45:33.696,201,380,19.97,True
15:45:33.874,201,380,19.97,True
15:45:34.036,201.006,379.994,-0.0338,True
15:45:34.420,201.006,379.994,-0.0338,True
15:45:34.598,201.006,379.994,-0.0338,True
15:45:34.755,201.006,379.994,-0.0338,True
15:45:34.879,201.006,379.994,-0.0338,True
15:45:35.609,201.006,379.994,-0.0338,True
15:45:35.890,201.006,379.994,-0.0375,True
15:45:36.084,201.006,379.994,-0.0375,True
15:45:36.415,201.006,379.994,-0.0375,True
15:45:36.569,201.006,379.994,-0.0375,True
15:45:36.746,201.006,379.994,-0.0375,True
15:45:36.924,201.006,379.994,-0.0375,True
15:45:37.102,201.006,379.994,-0.0375,True
15:45:37.280,201.006,379.994,-0.0375,True
15:45:37.458,201.006,379.994,-0.0375,True
15:45:37.639,201.006,379.994,-0.0375,True
15:45:37.819,201.006,379.994,-0.0375,True
15:45:37.992,201.006,379.994,19.97,True
15:45:38.348,2,16,19.97,True
15:45:38.527,2,16,19.97,True
15:45:38.706,2,16,19.97,True
15:45:38.883,2,16,19.97,True
15:45:39.061,2,16,19.97,True
15:45:39.239,2,16,19.97,True
15:45:39.417,2,16,19.97,True
15:45:39.596,2,16,19.97,True
15:45:39.772,2,16,19.97,True
15:45:40.743,2,16,19.97,True
15:45:41.074,2,16,19.97,True
15:45:41.252,2,16,19.97,True
15:45:41.429,2,16,19.97,True
15:45:41.608,2,16,19.97,True
15:45:41.786,2,16,19.97,True
15:45:41.965,2,16,19.97,True
15:45:42.142,2,16,19.97,True
15:45:42.321,2,16,19.97,True
15:45:42.499,2,16,19.97,True
15:45:42.677,2,16,19.97,True
15:45:42.855,2,16,19.97,True
15:45:43.033,2,16,19.97,True
15:45:43.213,2,16,19.97,True
15:45:43.380,2,16.013,-0.025,True
15:45:43.571,2,16.013,-0.025,True
15:45:43.978,2,16.013,-0.025,True
15:45:44.110,2,16.013,-0.025,True
15:45:44.899,2,16.013,-0.025,True
15:45:45.183,2,16.013,-0.0325,True
15:45:45.380,2,16.013,-0.0325,True
15:45:45.711,2,16.013,-0.0325,True
15:45:45.889,2,16.013,-0.0325,True
15:45:46.066,2,16.013,-0.0325,True
15:45:46.245,2,16.013,-0.0325,True
15:45:46.423,2,16.013,-0.0325,True
15:45:46.601,2,16.013,-0.0325,True
15:45:46.779,2,16.013,-0.0325,True
15:45:46.958,2,16.013,-0.0325,True
15:45:47.136,2,16.013,-0.0325,True
15:45:47.314,2,16.013,19.97,True
15:45:47.394,2,16.013,19.97,True
15:45:48.259,2,16.013,5,True
15:45:48.420,200,200,5,True
15:45:48.598,200,200,5,True
15:45:48.775,200,200,5,True
15:45:48.954,200,200,5,True
15:45:49.132,200,200,5,True
15:45:49.310,200,200,5,True
15:45:49.488,200,200,5,True
15:45:49.665,200,200,5,True
15:45:49.844,200,200,5,True
15:45:50.022,200,200,5,True
15:45:50.200,200,200,5,True
15:45:50.378,200,200,5,True
15:45:50.556,200,200,5,True
15:45:50.735,200,200,5,True
15:45:50.913,200,200,5,True
15:45:52.685,200,200,5,True
15:45:53.016,200,200,5,True
15:45:53.194,200,200,5,True
15:45:53.355,200,200,-0.03,True
15:45:53.413,200,200,-0.03,True
15:45:53.609,200,200,-0.03,True
15:45:53.823,200,200,-0.03,True
15:45:54.179,200,200,-0.03,True
15:45:54.911,200,200,-0.03,True
15:45:55.191,200,200,-0.03,True
15:45:55.386,200,200,-0.03,True
15:45:55.717,200,200,-0.03,True
15:45:55.895,200,200,-0.03,True
15:45:56.073,200,200,-0.03,True
15:45:56.251,200,200,-0.03,True
15:45:56.406,200,200,4.97,True
15:46:04.523,200,200,4.97,True
15:46:04.701,200,200,5,True
15:46:04.879,200,200,5,True
15:46:04.958,200,200,5,True
15:46:05.135,200,200,5,True
15:46:05.313,200,200,5,True
15:46:05.492,200,200,5,True
15:46:05.670,200,200,5,True
15:46:05.847,200,200,5,True
15:46:06.026,200,200,5,True
15:46:06.167,200,200,5,True
15:46:06.982,200,200,5,True
15:46:07.159,200,200,5,True
15:46:07.337,200,200,5,True
15:46:07.510,10.006,15.994,0.27,True
15:46:07.900,10.006,15.994,0.27,True
15:46:08.080,10.006,15.994,0.27,True
15:46:08.242,10.006,15.994,0.27,True
15:46:08.353,10.006,15.994,0.27,True
15:46:09.055,10.006,15.994,0.27,True
15:46:09.277,10.006,15.994,0.27,True
15:46:09.457,10.006,15.994,0.27,True
15:46:09.712,10.006,15.994,0.27,True
15:46:09.888,10.006,15.994,0.27,True
15:46:10.068,10.006,15.994,0.27,True
15:46:10.245,10.006,15.994,0.27,True
15:46:10.424,10.006,15.994,0.27,True
15:46:10.602,10.006,15.994,0.27,True
15:46:10.761,10.006,15.994,0.27,True
15:46:11.561,10.006,15.994,0.27,True
15:46:11.816,10.006,15.994,0.27,True
15:46:11.993,10.006,15.994,0.27,True
15:46:12.150,73.312,16,0.206,True
15:46:12.541,73.312,16,0.206,True
15:46:12.717,73.312,16,0.206,True
15:46:12.882,73.312,16,0.206,True
15:46:12.992,73.312,16,0.206,True
15:46:13.696,73.312,16,0.206,True
15:46:13.916,73.312,16,0.222,True
15:46:14.030,73.312,16,0.222,True
15:46:14.235,73.312,16,0.222,True
15:46:14.428,73.312,16,0.222,True
15:46:14.606,73.312,16,0.222,True
15:46:14.786,73.312,16,0.222,True
15:46:14.963,73.312,16,0.222,True
15:46:15.141,73.312,16,0.222,True
15:46:15.319,73.312,16,0.222,True
15:46:15.462,73.312,16,0.222,True
15:46:16.193,73.312,16,0.222,True
15:46:16.448,73.312,16,0.222,True
15:46:16.626,73.312,16,0.222,True
15:46:16.792,136.65,16,0.135,True
15:46:16.925,136.65,16,0.135,True
15:46:17.180,136.65,16,0.135,True
15:46:17.358,136.65,16,0.135,True
15:46:17.524,136.65,16,0.135,True
15:46:17.636,136.65,16,0.135,True
15:46:18.343,136.65,16,0.135,True
15:46:18.567,136.65,16,0.12,True
15:46:18.749,136.65,16,0.12,True
15:46:19.003,136.65,16,0.12,True
15:46:19.180,136.65,16,0.12,True
15:46:19.357,136.65,16,0.12,True
15:46:19.536,136.65,16,0.12,True
15:46:19.713,136.65,16,0.12,True
15:46:19.891,136.65,16,0.12,True
15:46:20.066,136.65,16,0.12,True
15:46:20.860,136.65,16,0.12,True
15:46:21.115,136.65,16,0.12,True
15:46:21.293,136.65,16,0.12,True
15:46:21.464,199.975,16,0.115,True
15:46:21.598,199.975,16,0.115,True
15:46:21.853,199.975,16,0.115,True
15:46:22.031,199.975,16,0.115,True
15:46:22.196,199.975,16,0.115,True
15:46:22.310,199.975,16,0.115,True
15:46:23.013,199.975,16,0.115,True
15:46:23.238,199.975,16,0.105,True
15:46:23.416,199.975,16,0.105,True
15:46:23.671,199.975,16,0.105,True
15:46:23.849,199.975,16,0.105,True
15:46:24.028,199.975,16,0.105,True
15:46:24.208,199.975,16,0.105,True
15:46:24.319,199.975,16,0.105,True
15:46:24.511,199.975,16,0.105,True
15:46:24.697,199.975,16,0.105,True
15:46:24.967,199.975,16,0.105,True
15:46:25.476,199.975,16,0.105,True
15:46:25.731,199.975,16,0.105,True
15:46:25.909,199.975,16,0.105,True
15:46:26.087,263.312,16,0.108,True
15:46:26.380,263.312,16,0.108,True
15:46:26.558,263.312,16,0.108,True
15:46:26.736,263.312,16,0.108,True
15:46:26.883,263.312,16,0.108,True
15:46:27.672,263.312,16,0.108,True
15:46:27.898,263.312,16,0.109,True
15:46:28.074,263.312,16,0.109,True
15:46:28.329,263.312,16,0.109,True
15:46:28.507,263.312,16,0.109,True
15:46:28.684,263.312,16,0.109,True
15:46:28.863,263.312,16,0.109,True
15:46:29.016,263.312,16,0.109,True
15:46:29.195,263.312,16,0.109,True
15:46:29.368,263.312,16,0.109,True
15:46:29.480,263.312,16,0.109,True
15:46:30.182,263.312,16,0.109,True
15:46:30.437,263.312,16,0.109,True
15:46:30.615,263.312,16,0.109,True
15:46:30.754,326.638,16,0.135,True
15:46:31.036,326.638,16,0.135,True
15:46:31.214,326.638,16,0.135,True
15:46:31.392,326.638,16,0.135,True
15:46:31.541,326.638,16,0.135,True
15:46:32.329,326.638,16,0.135,True
15:46:32.552,326.638,16,0.138,True
15:46:32.732,326.638,16,0.138,True
15:46:32.986,326.638,16,0.138,True
15:46:33.164,326.638,16,0.138,True
15:46:33.341,326.638,16,0.138,True
15:46:33.520,326.638,16,0.138,True
15:46:33.696,326.638,16,0.138,True
15:46:33.876,326.638,16,0.138,True
15:46:34.048,326.638,16,0.138,True
15:46:34.813,326.638,16,0.138,True
15:46:35.028,326.638,16,0.138,True
15:46:35.359,389.962,16,0.271,True
15:46:35.643,389.962,16,0.271,True
15:46:35.820,389.962,16,0.271,True
15:46:35.998,389.962,16,0.271,True
15:46:36.149,389.962,16,0.271,True
15:46:36.937,389.962,16,0.271,True
15:46:37.157,389.962,16,0.275,True
15:46:37.312,389.962,16,0.275,True
15:46:37.567,389.962,16,0.275,True
15:46:37.744,389.962,16,0.275,True
15:46:37.922,389.962,16,0.275,True
15:46:38.101,389.962,16,0.275,True
15:46:38.279,389.962,16,0.275,True
15:46:38.457,389.962,16,0.275,True
15:46:38.630,389.962,16,0.275,True
15:46:39.428,389.962,16,0.275,True
15:46:39.685,389.962,16,0.275,True
15:46:39.861,389.962,16,0.275,True
15:46:40.030,389.969,77.319,0.105,True
15:46:40.419,389.969,77.319,0.105,True
15:46:40.597,389.969,77.319,0.105,True
15:46:40.763,389.969,77.319,0.105,True
15:46:40.871,389.969,77.319,0.105,True
15:46:41.580,389.969,77.319,0.105,True
15:46:41.802,389.969,77.319,0.102,True
15:46:41.959,389.969,77.319,0.102,True
15:46:42.214,389.969,77.319,0.102,True
15:46:42.392,389.969,77.319,0.102,True
15:46:42.570,389.969,77.319,0.102,True
15:46:42.748,389.969,77.319,0.102,True
15:46:42.928,389.969,77.319,0.102,True
15:46:43.106,389.969,77.319,0.102,True
15:46:43.276,389.969,77.319,0.102,True
15:46:43.386,389.969,77.319,0.102,True
15:46:44.089,389.969,77.319,0.102,True
15:46:44.345,389.969,77.319,0.102,True
15:46:44.523,389.969,77.319,0.102,True
15:46:44.682,326.644,77.331,-0.015,True
15:46:44.920,326.644,77.331,-0.015,True
15:46:45.115,326.644,77.331,-0.015,True
15:46:45.298,326.644,77.331,-0.015,True
15:46:45.550,326.644,77.331,-0.015,True
15:46:46.255,326.644,77.331,-0.015,True
15:46:46.477,326.644,77.331,-0.0275,True
15:46:46.656,326.644,77.331,-0.0275,True
15:46:46.910,326.644,77.331,-0.0275,True
15:46:47.089,326.644,77.331,-0.0275,True
15:46:47.267,326.644,77.331,-0.0275,True
15:46:47.445,326.644,77.331,-0.0275,True
15:46:47.623,326.644,77.331,-0.0275,True
15:46:47.801,326.644,77.331,-0.0275,True
15:46:47.963,326.644,77.331,-0.0275,True
15:46:48.073,326.644,77.331,-0.0275,True
15:46:48.776,326.644,77.331,-0.0275,True
15:46:49.031,326.644,77.331,-0.0275,True
15:46:49.209,326.644,77.331,-0.0275,True
15:46:49.369,263.306,77.331,-0.015,True
15:46:49.649,263.306,77.331,-0.015,True
15:46:49.827,263.306,77.331,-0.015,True
15:46:50.007,263.306,77.331,-0.015,True
15:46:50.153,263.306,77.331,-0.015,True
15:46:50.943,263.306,77.331,-0.015,True
15:46:51.166,263.306,77.331,-0.03,True
15:46:51.346,263.306,77.331,-0.03,True
15:46:51.601,263.306,77.331,-0.03,True
15:46:51.779,263.306,77.331,-0.03,True
15:46:51.957,263.306,77.331,-0.03,True
15:46:52.135,263.306,77.331,-0.03,True
15:46:52.313,263.306,77.331,-0.03,True
15:46:52.491,263.306,77.331,-0.03,True
15:46:52.651,263.306,77.331,-0.03,True
15:46:52.763,263.306,77.331,-0.03,True
15:46:53.465,263.306,77.331,-0.03,True
15:46:53.721,263.306,77.331,-0.03,True
15:46:53.899,263.306,77.331,-0.03,True
15:46:54.059,199.981,77.331,-0.0125,True
15:46:54.341,199.981,77.331,-0.0125,True
15:46:54.519,199.981,77.331,-0.0125,True
15:46:54.672,199.981,77.331,-0.0125,True
15:46:54.844,199.981,77.331,-0.0125,True
15:46:55.559,199.981,77.331,-0.0125,True
15:46:55.847,199.981,77.331,-0.03,True
15:46:56.025,199.981,77.331,-0.03,True
15:46:56.280,199.981,77.331,-0.03,True
15:46:56.458,199.981,77.331,-0.03,True
15:46:56.636,199.981,77.331,-0.03,True
15:46:56.814,199.981,77.331,-0.03,True
15:46:56.992,199.981,77.331,-0.03,True
15:46:57.170,199.981,77.331,-0.03,True
15:46:57.335,199.981,77.331,-0.03,True
15:46:58.130,199.981,77.331,-0.03,True
15:46:58.384,199.981,77.331,-0.03,True
15:46:58.564,199.981,77.331,-0.03,True
15:46:58.720,136.65,77.325,-0.0262,True
15:46:59.003,136.65,77.325,-0.0262,True
15:46:59.156,136.65,77.325,-0.0262,True
15:46:59.334,136.65,77.325,-0.0262,True
15:46:59.505,136.65,77.325,-0.0262,True
15:47:00.299,136.65,77.325,-0.0262,True
15:47:00.523,136.65,77.325,-0.0225,True
15:47:00.700,136.65,77.325,-0.0225,True
15:47:00.958,136.65,77.325,-0.0225,True
15:47:01.133,136.65,77.325,-0.0225,True
15:47:01.312,136.65,77.325,-0.0225,True
15:47:01.464,136.65,77.325,-0.0225,True
15:47:01.643,136.65,77.325,-0.0225,True
15:47:01.820,136.65,77.325,-0.0225,True
15:47:01.998,136.65,77.325,-0.0225,True
15:47:02.110,136.65,77.325,-0.0225,True
15:47:02.825,136.65,77.325,-0.0225,True
15:47:03.083,136.65,77.325,-0.0225,True
15:47:03.257,136.65,77.325,-0.0225,True
15:47:03.435,73.325,77.325,0.055,True
15:47:03.592,73.325,77.325,0.055,True
15:47:03.847,73.325,77.325,0.055,True
15:47:04.024,73.325,77.325,0.055,True
15:47:04.196,73.325,77.325,0.055,True
15:47:04.993,73.325,77.325,0.055,True
15:47:05.214,73.325,77.325,0.0475,True
15:47:05.394,73.325,77.325,0.0475,True
15:47:05.667,73.325,77.325,0.0475,True
15:47:05.881,73.325,77.325,0.0475,True
15:47:06.212,73.325,77.325,0.0475,True
15:47:06.390,73.325,77.325,0.0475,True
15:47:06.568,73.325,77.325,0.0475,True
15:47:06.719,73.325,77.325,0.0475,True
15:47:07.510,73.325,77.325,0.0475,True
15:47:07.765,73.325,77.325,0.0475,True
15:47:07.943,73.325,77.325,0.0475,True
15:47:08.115,10,77.325,0.105,True
15:47:08.249,10,77.325,0.105,True
15:47:08.504,10,77.325,0.105,True
15:47:08.682,10,77.325,0.105,True
15:47:08.847,10,77.325,0.105,True
15:47:08.959,10,77.325,0.105,True
15:47:09.662,10,77.325,0.105,True
15:47:09.884,10,77.325,0.115,True
15:47:10.063,10,77.325,0.115,True
15:47:10.318,10,77.325,0.115,True
15:47:10.496,10,77.325,0.115,True
15:47:10.674,10,77.325,0.115,True
15:47:10.852,10,77.325,0.115,True
15:47:11.031,10,77.325,0.115,True
15:47:11.207,10,77.325,0.115,True
15:47:11.373,10,77.325,0.115,True
15:47:12.165,10,77.325,0.115,True
15:47:12.420,10,77.325,0.115,True
15:47:12.598,10,77.325,0.115,True
15:47:12.755,9.994,138.644,0.00125,True
15:47:13.039,9.994,138.644,0.00125,True
15:47:13.217,9.994,138.644,0.00125,True
15:47:13.394,9.994,138.644,0.00125,True
15:47:13.543,9.994,138.644,0.00125,True
15:47:14.329,9.994,138.644,0.00125,True
15:47:14.551,9.994,138.644,0.00625,True
15:47:14.730,9.994,138.644,0.00625,True
15:47:14.986,9.994,138.644,0.00625,True
15:47:15.164,9.994,138.644,0.00625,True
15:47:15.342,9.994,138.644,0.00625,True
15:47:15.520,9.994,138.644,0.00625,True
15:47:15.698,9.994,138.644,0.00625,True
15:47:15.810,9.994,138.644,0.00625,True
15:47:16.005,9.994,138.644,0.00625,True
15:47:16.182,9.994,138.644,0.00625,True
15:47:16.772,9.994,138.644,0.00625,True
15:47:17.025,9.994,138.644,0.00625,True
15:47:17.202,9.994,138.644,0.00625,True
15:47:17.380,73.325,138.663,-0.00375,True
15:47:17.665,73.325,138.663,-0.00375,True
15:47:17.844,73.325,138.663,-0.00375,True
15:47:18.021,73.325,138.663,-0.00375,True
15:47:18.167,73.325,138.663,-0.00375,True
15:47:18.958,73.325,138.663,-0.00375,True
15:47:19.180,73.325,138.663,-0.0025,True
15:47:19.359,73.325,138.663,-0.0025,True
15:47:19.614,73.325,138.663,-0.0025,True
15:47:19.792,73.325,138.663,-0.0025,True
15:47:19.971,73.325,138.663,-0.0025,True
15:47:20.148,73.325,138.663,-0.0025,True
15:47:20.326,73.325,138.663,-0.0025,True
15:47:20.503,73.325,138.663,-0.0025,True
15:47:20.662,73.325,138.663,-0.0025,True
15:47:20.772,73.325,138.663,-0.0025,True
15:47:21.475,73.325,138.663,-0.0025,True
15:47:21.730,73.325,138.663,-0.0025,True
15:47:21.908,73.325,138.663,-0.0025,True
15:47:22.077,136.656,138.656,-0.0838,True
15:47:22.360,136.656,138.656,-0.0838,True
15:47:22.512,136.656,138.656,-0.0838,True
15:47:22.690,136.656,138.656,-0.0838,True
15:47:22.861,136.656,138.656,-0.0838,True
15:47:23.654,136.656,138.656,-0.0838,True
15:47:23.878,136.656,138.656,-0.08,True
15:47:24.058,136.656,138.656,-0.08,True
15:47:24.312,136.656,138.656,-0.08,True
15:47:24.489,136.656,138.656,-0.08,True
15:47:24.667,136.656,138.656,-0.08,True
15:47:24.844,136.656,138.656,-0.08,True
15:47:25.023,136.656,138.656,-0.08,True
15:47:25.201,136.656,138.656,-0.08,True
15:47:25.368,136.656,138.656,-0.08,True
15:47:25.479,136.656,138.656,-0.08,True
15:47:26.143,136.656,138.656,-0.08,True
15:47:26.338,136.656,138.656,-0.08,True
15:47:26.521,136.656,138.656,-0.08,True
15:47:26.816,199.981,138.656,-0.08,True
15:47:26.995,199.981,138.656,-0.08,True
15:47:27.250,199.981,138.656,-0.08,True
15:47:27.429,199.981,138.656,-0.08,True
15:47:27.573,199.981,138.656,-0.08,True
15:47:28.361,199.981,138.656,-0.08,True
15:47:28.583,199.981,138.656,-0.0737,True
15:47:28.740,199.981,138.656,-0.0737,True
15:47:28.994,199.981,138.656,-0.0737,True
15:47:29.173,199.981,138.656,-0.0737,True
15:47:29.350,199.981,138.656,-0.0737,True
15:47:29.530,199.981,138.656,-0.0737,True
15:47:29.707,199.981,138.656,-0.0737,True
15:47:29.885,199.981,138.656,-0.0737,True
15:47:30.062,199.981,138.656,-0.0737,True
15:47:30.172,199.981,138.656,-0.0737,True
15:47:30.895,199.981,138.656,-0.0737,True
15:47:31.151,199.981,138.656,-0.0737,True
15:47:31.330,199.981,138.656,-0.0737,True
15:47:31.497,263.306,138.656,-0.106,True
15:47:31.777,263.306,138.656,-0.106,True
15:47:31.956,263.306,138.656,-0.106,True
15:47:32.133,263.306,138.656,-0.106,True
15:47:32.282,263.306,138.656,-0.106,True
15:47:33.072,263.306,138.656,-0.106,True
15:47:33.290,263.306,138.656,-0.102,True
15:47:33.445,263.306,138.656,-0.102,True
15:47:33.700,263.306,138.656,-0.102,True
15:47:33.877,263.306,138.656,-0.102,True
15:47:34.055,263.306,138.656,-0.102,True
15:47:34.236,263.306,138.656,-0.102,True
15:47:34.411,263.306,138.656,-0.102,True
15:47:34.590,263.306,138.656,-0.102,True
15:47:34.767,263.306,138.656,-0.102,True
15:47:34.878,263.306,138.656,-0.102,True
15:47:35.601,263.306,138.656,-0.102,True
15:47:35.857,263.306,138.656,-0.102,True
15:47:36.034,263.306,138.656,-0.102,True
15:47:36.213,326.631,138.656,-0.174,True
15:47:36.458,326.631,138.656,-0.174,True
15:47:36.652,326.631,138.656,-0.174,True
15:47:36.834,326.631,138.656,-0.174,True
15:47:37.085,326.631,138.656,-0.174,True
15:47:37.787,326.631,138.656,-0.174,True
15:47:38.010,326.631,138.656,-0.172,True
15:47:38.143,326.631,138.656,-0.172,True
15:47:38.373,326.631,138.656,-0.172,True
15:47:38.551,326.631,138.656,-0.172,True
15:47:38.729,326.631,138.656,-0.172,True
15:47:38.907,326.631,138.656,-0.172,True
15:47:39.087,326.631,138.656,-0.172,True
15:47:39.265,326.631,138.656,-0.172,True
15:47:39.445,326.631,138.656,-0.172,True
15:47:39.596,326.631,138.656,-0.172,True
15:47:40.329,326.631,138.656,-0.172,True
15:47:40.584,326.631,138.656,-0.172,True
15:47:40.762,326.631,138.656,-0.172,True
15:47:40.920,389.962,138.65,0.005,True
15:47:41.207,389.962,138.65,0.005,True
15:47:41.385,389.962,138.65,0.005,True
15:47:41.563,389.962,138.65,0.005,True
15:47:41.708,389.962,138.65,0.005,True
15:47:42.497,389.962,138.65,0.005,True
15:47:42.720,389.962,138.65,0.005,True
15:47:42.875,389.962,138.65,0.005,True
15:47:43.130,389.962,138.65,0.005,True
15:47:43.308,389.962,138.65,0.005,True
15:47:43.486,389.962,138.65,0.005,True
15:47:43.664,389.962,138.65,0.005,True
15:47:43.842,389.962,138.65,0.005,True
15:47:44.020,389.962,138.65,0.005,True
15:47:44.193,389.962,138.65,0.005,True
15:47:44.304,389.962,138.65,0.005,True
15:47:45.008,389.962,138.65,0.005,True
15:47:45.263,389.962,138.65,0.005,True
15:47:45.441,389.962,138.65,0.005,True
15:47:45.595,389.962,199.975,0.035,True
15:47:45.876,389.962,199.975,0.035,True
15:47:46.054,389.962,199.975,0.035,True
15:47:46.232,389.962,199.975,0.035,True
15:47:46.382,389.962,199.975,0.035,True
15:47:47.142,389.962,199.975,0.035,True
15:47:47.420,389.962,199.975,0.0388,True
15:47:47.591,389.962,199.975,0.0388,True
15:47:47.846,389.962,199.975,0.0388,True
15:47:48.023,389.962,199.975,0.0388,True
15:47:48.177,389.962,199.975,0.0388,True
15:47:48.355,389.962,199.975,0.0388,True
15:47:48.533,389.962,199.975,0.0388,True
15:47:48.711,389.962,199.975,0.0388,True
15:47:48.843,389.962,199.975,0.0388,True
15:47:48.954,389.962,199.975,0.0388,True
15:47:49.658,389.962,199.975,0.0388,True
15:47:49.911,389.962,199.975,0.0388,True
15:47:50.064,389.962,199.975,0.0388,True
15:47:50.242,326.638,199.988,-0.0475,True
15:47:50.535,326.638,199.988,-0.0475,True
15:47:50.689,326.638,199.988,-0.0475,True
15:47:50.867,326.638,199.988,-0.0475,True
15:47:51.038,326.638,199.988,-0.0475,True
15:47:51.835,326.638,199.988,-0.0475,True
15:47:52.060,326.638,199.988,-0.0587,True
15:47:52.238,326.638,199.988,-0.0587,True
15:47:52.493,326.638,199.988,-0.0587,True
15:47:52.671,326.638,199.988,-0.0587,True
15:47:52.824,326.638,199.988,-0.0587,True
15:47:53.002,326.638,199.988,-0.0587,True
15:47:53.180,326.638,199.988,-0.0587,True
15:47:53.358,326.638,199.988,-0.0587,True
15:47:53.537,326.638,199.988,-0.0587,True
15:47:53.646,326.638,199.988,-0.0587,True
15:47:54.367,326.638,199.988,-0.0587,True
15:47:54.620,326.638,199.988,-0.0587,True
15:47:54.797,326.638,199.988,-0.0587,True
15:47:54.957,263.306,199.981,-0.015,True
15:47:55.239,263.306,199.981,-0.015,True
15:47:55.417,263.306,199.981,-0.015,True
15:47:55.595,263.306,199.981,-0.015,True
15:47:55.742,263.306,199.981,-0.015,True
15:47:56.538,263.306,199.981,-0.015,True
15:47:56.764,263.306,199.981,-0.0338,True
15:47:56.899,263.306,199.981,-0.0338,True
15:47:57.088,263.306,199.981,-0.0338,True
15:47:57.426,263.306,199.981,-0.0338,True
15:47:57.757,263.306,199.981,-0.0338,True
15:47:57.935,263.306,199.981,-0.0338,True
15:47:58.114,263.306,199.981,-0.0338,True
15:47:58.282,263.306,199.981,-0.0338,True
15:47:59.079,263.306,199.981,-0.0338,True
15:47:59.335,263.306,199.981,-0.0338,True
15:47:59.512,263.306,199.981,-0.0338,True
15:47:59.670,199.981,199.981,-0.0362,True
15:47:59.952,199.981,199.981,-0.0362,True
15:48:00.131,199.981,199.981,-0.0362,True
15:48:00.308,199.981,199.981,-0.0362,True
15:48:00.456,199.981,199.981,-0.0362,True
15:48:01.247,199.981,199.981,-0.0362,True
15:48:01.470,199.981,199.981,-0.0275,True
15:48:01.649,199.981,199.981,-0.0275,True
15:48:01.904,199.981,199.981,-0.0275,True
15:48:02.082,199.981,199.981,-0.0275,True
15:48:02.259,199.981,199.981,-0.0275,True
15:48:02.440,199.981,199.981,-0.0275,True
15:48:02.616,199.981,199.981,-0.0275,True
15:48:02.793,199.981,199.981,-0.0275,True
15:48:02.958,199.981,199.981,-0.0275,True
15:48:03.068,199.981,199.981,-0.0275,True
15:48:03.772,199.981,199.981,-0.0275,True
15:48:04.027,199.981,199.981,-0.0275,True
15:48:04.204,199.981,199.981,-0.0275,True
15:48:04.365,136.656,199.981,-0.02,True
15:48:04.648,136.656,199.981,-0.02,True
15:48:04.826,136.656,199.981,-0.02,True
15:48:05.004,136.656,199.981,-0.02,True
15:48:05.152,136.656,199.981,-0.02,True
15:48:05.944,136.656,199.981,-0.02,True
15:48:06.167,136.656,199.981,-0.0325,True
15:48:06.346,136.656,199.981,-0.0325,True
15:48:06.604,136.656,199.981,-0.0325,True
15:48:06.782,136.656,199.981,-0.0325,True
15:48:06.960,136.656,199.981,-0.0325,True
15:48:07.139,136.656,199.981,-0.0325,True
15:48:07.323,136.656,199.981,-0.0325,True
15:48:07.519,136.656,199.981,-0.0325,True
15:48:07.709,136.656,199.981,-0.0325,True
15:48:08.450,136.656,199.981,-0.0325,True
15:48:08.705,136.656,199.981,-0.0325,True
15:48:08.883,136.656,199.981,-0.0325,True
15:48:09.060,73.331,199.981,0.0075,True
15:48:09.342,73.331,199.981,0.0075,True
15:48:09.520,73.331,199.981,0.0075,True
15:48:09.698,73.331,199.981,0.0075,True
15:48:09.844,73.331,199.981,0.0075,True
15:48:10.633,73.331,199.981,0.0075,True
15:48:10.854,73.331,199.981,0.0188,True
15:48:11.033,73.331,199.981,0.0188,True
15:48:11.289,73.331,199.981,0.0188,True
15:48:11.467,73.331,199.981,0.0188,True
15:48:11.645,73.331,199.981,0.0188,True
15:48:11.823,73.331,199.981,0.0188,True
15:48:12.001,73.331,199.981,0.0188,True
15:48:12.179,73.331,199.981,0.0188,True
15:48:12.336,73.331,199.981,0.0188,True
15:48:12.450,73.331,199.981,0.0188,True
15:48:13.150,73.331,199.981,0.0188,True
15:48:13.405,73.331,199.981,0.0188,True
15:48:13.583,73.331,199.981,0.0188,True
15:48:13.738,10,199.988,0.0075,True
15:48:14.020,10,199.988,0.0075,True
15:48:14.198,10,199.988,0.0075,True
15:48:14.376,10,199.988,0.0075,True
15:48:14.524,10,199.988,0.0075,True
15:48:15.314,10,199.988,0.0075,True
15:48:15.535,10,199.988,0.005,True
15:48:15.714,10,199.988,0.005,True
15:48:15.968,10,199.988,0.005,True
15:48:16.146,10,199.988,0.005,True
15:48:16.324,10,199.988,0.005,True
15:48:16.502,10,199.988,0.005,True
15:48:16.680,10,199.988,0.005,True
15:48:16.858,10,199.988,0.005,True
15:48:17.005,10,199.988,0.005,True
15:48:17.117,10,199.988,0.005,True
15:48:17.846,10,199.988,0.005,True
15:48:18.060,10,199.988,0.005,True
15:48:18.390,9.994,261.306,0.15,True
15:48:18.677,9.994,261.306,0.15,True
15:48:18.854,9.994,261.306,0.15,True
15:48:19.031,9.994,261.306,0.15,True
15:48:19.178,9.994,261.306,0.15,True
15:48:19.972,9.994,261.306,0.15,True
15:48:20.195,9.994,261.306,0.153,True
15:48:20.373,9.994,261.306,0.153,True
15:48:20.628,9.994,261.306,0.153,True
15:48:20.806,9.994,261.306,0.153,True
15:48:20.985,9.994,261.306,0.153,True
15:48:21.162,9.994,261.306,0.153,True
15:48:21.340,9.994,261.306,0.153,True
15:48:21.519,9.994,261.306,0.153,True
15:48:21.690,9.994,261.306,0.153,True
15:48:22.483,9.994,261.306,0.153,True
15:48:22.740,9.994,261.306,0.153,True
15:48:22.914,9.994,261.306,0.153,True
15:48:23.088,73.319,261.319,0.108,True
15:48:23.247,73.319,261.319,0.108,True
15:48:23.501,73.319,261.319,0.108,True
15:48:23.679,73.319,261.319,0.108,True
15:48:23.820,73.319,261.319,0.108,True
15:48:23.932,73.319,261.319,0.108,True
15:48:24.636,73.319,261.319,0.108,True
15:48:24.862,73.319,261.319,0.095,True
15:48:25.040,73.319,261.319,0.095,True
15:48:25.296,73.319,261.319,0.095,True
15:48:25.473,73.319,261.319,0.095,True
15:48:25.651,73.319,261.319,0.095,True
15:48:25.829,73.319,261.319,0.095,True
15:48:26.007,73.319,261.319,0.095,True
15:48:26.186,73.319,261.319,0.095,True
15:48:26.364,73.319,261.319,0.095,True
15:48:27.162,73.319,261.319,0.095,True
15:48:27.418,73.319,261.319,0.095,True
15:48:27.597,73.319,261.319,0.095,True
15:48:27.770,136.656,261.306,0.07,True
15:48:27.905,136.656,261.306,0.07,True
15:48:28.126,136.656,261.306,0.07,True
15:48:28.340,136.656,261.306,0.07,True
15:48:28.606,136.656,261.306,0.07,True
15:48:29.318,136.656,261.306,0.07,True
15:48:29.542,136.656,261.306,0.0575,True
15:48:29.721,136.656,261.306,0.0575,True
15:48:29.976,136.656,261.306,0.0575,True
15:48:30.154,136.656,261.306,0.0575,True
15:48:30.332,136.656,261.306,0.0575,True
15:48:30.509,136.656,261.306,0.0575,True
15:48:30.688,136.656,261.306,0.0575,True
15:48:30.867,136.656,261.306,0.0575,True
15:48:31.019,136.656,261.306,0.0575,True
15:48:31.833,136.656,261.306,0.0575,True
15:48:32.088,136.656,261.306,0.0575,True
15:48:32.266,136.656,261.306,0.0575,True
15:48:32.419,199.981,261.306,0.0625,True
15:48:32.705,199.981,261.306,0.0625,True
15:48:32.882,199.981,261.306,0.0625,True
15:48:33.060,199.981,261.306,0.0625,True
15:48:33.206,199.981,261.306,0.0625,True
15:48:33.994,199.981,261.306,0.0625,True
15:48:34.214,199.981,261.306,0.0737,True
15:48:34.393,199.981,261.306,0.0737,True
15:48:34.651,199.981,261.306,0.0737,True
15:48:34.829,199.981,261.306,0.0737,True
15:48:35.007,199.981,261.306,0.0737,True
15:48:35.185,199.981,261.306,0.0737,True
15:48:35.364,199.981,261.306,0.0737,True
15:48:35.542,199.981,261.306,0.0737,True
15:48:35.718,199.981,261.306,0.0737,True
15:48:36.517,199.981,261.306,0.0737,True
15:48:36.771,199.981,261.306,0.0737,True
15:48:36.949,199.981,261.306,0.0737,True
15:48:37.102,263.3,261.3,0.0375,True
15:48:37.387,263.3,261.3,0.0375,True
15:48:37.565,263.3,261.3,0.0375,True
15:48:37.743,263.3,261.3,0.0375,True
15:48:37.892,263.3,261.3,0.0375,True
15:48:38.647,263.3,261.3,0.0375,True
15:48:38.945,263.3,261.3,0.0425,True
15:48:39.143,263.3,261.3,0.0425,True
15:48:39.400,263.3,261.3,0.0425,True
15:48:39.578,263.3,261.3,0.0425,True
15:48:39.756,263.3,261.3,0.0425,True
15:48:39.934,263.3,261.3,0.0425,True
15:48:40.112,263.3,261.3,0.0425,True
15:48:40.290,263.3,261.3,0.0425,True
15:48:40.428,263.3,261.3,0.0425,True
15:48:41.217,263.3,261.3,0.0425,True
15:48:41.395,263.3,261.3,0.0425,True
15:48:41.573,263.3,261.3,0.0425,True
15:48:41.751,263.3,261.3,0.0425,True
15:48:41.863,326.638,261.312,0.0137,True
15:48:42.034,326.638,261.312,0.0137,True
15:48:42.289,326.638,261.312,0.0137,True
15:48:42.467,326.638,261.312,0.0137,True
15:48:42.619,326.638,261.312,0.0137,True
15:48:43.330,326.638,261.312,0.0137,True
15:48:43.576,326.638,261.312,0.0025,True
15:48:43.733,326.638,261.312,0.0025,True
15:48:43.988,326.638,261.312,0.0025,True
15:48:44.166,326.638,261.312,0.0025,True
15:48:44.344,326.638,261.312,0.0025,True
15:48:44.522,326.638,261.312,0.0025,True
15:48:44.700,326.638,261.312,0.0025,True
15:48:44.877,326.638,261.312,0.0025,True
15:48:45.055,326.638,261.312,0.0025,True
15:48:45.167,326.638,261.312,0.0025,True
15:48:45.880,326.638,261.312,0.0025,True
15:48:46.135,326.638,261.312,0.0025,True
15:48:46.288,326.638,261.312,0.0025,True
15:48:46.453,389.963,261.312,0.119,True
15:48:46.734,389.963,261.312,0.119,True
15:48:46.912,389.963,261.312,0.119,True
15:48:47.090,389.963,261.312,0.119,True
15:48:47.239,389.963,261.312,0.119,True
15:48:48.027,389.963,261.312,0.119,True
15:48:48.249,389.963,261.312,0.132,True
15:48:48.427,389.963,261.312,0.132,True
15:48:48.615,389.963,261.312,0.132,True
15:48:48.952,389.963,261.312,0.132,True
15:48:49.283,389.963,261.312,0.132,True
15:48:49.460,389.963,261.312,0.132,True
15:48:49.638,389.963,261.312,0.132,True
15:48:49.789,389.963,261.312,0.132,True
15:48:50.525,389.963,261.312,0.132,True
15:48:50.778,389.963,261.312,0.132,True
15:48:50.958,389.963,261.312,0.132,True
15:48:51.105,389.969,322.631,0.284,True
15:48:51.284,389.969,322.631,0.284,True
15:48:51.541,389.969,322.631,0.284,True
15:48:51.718,389.969,322.631,0.284,True
15:48:51.864,389.969,322.631,0.284,True
15:48:52.654,389.969,322.631,0.284,True
15:48:52.878,389.969,322.631,0.281,True
15:48:53.057,389.969,322.631,0.281,True
15:48:53.314,389.969,322.631,0.281,True
15:48:53.489,389.969,322.631,0.281,True
15:48:53.668,389.969,322.631,0.281,True
15:48:53.845,389.969,322.631,0.281,True
15:48:54.024,389.969,322.631,0.281,True
15:48:54.202,389.969,322.631,0.281,True
15:48:54.362,389.969,322.631,0.281,True
15:48:55.160,389.969,322.631,0.281,True
15:48:55.415,389.969,322.631,0.281,True
15:48:55.594,389.969,322.631,0.281,True
15:48:55.761,326.644,322.644,0.114,True
15:48:56.150,326.644,322.644,0.114,True
15:48:56.327,326.644,322.644,0.114,True
15:48:56.493,326.644,322.644,0.114,True
15:48:56.605,326.644,322.644,0.114,True
15:48:57.310,326.644,322.644,0.114,True
15:48:57.532,326.644,322.644,0.117,True
15:48:57.708,326.644,322.644,0.117,True
15:48:57.963,326.644,322.644,0.117,True
15:48:58.141,326.644,322.644,0.117,True
15:48:58.320,326.644,322.644,0.117,True
15:48:58.498,326.644,322.644,0.117,True
15:48:58.675,326.644,322.644,0.117,True
15:48:58.854,326.644,322.644,0.117,True
15:48:59.035,326.644,322.644,0.117,True
15:48:59.786,326.644,322.644,0.117,True
15:49:00.039,326.644,322.644,0.117,True
15:49:00.219,326.644,322.644,0.117,True
15:49:00.386,263.312,322.638,0.144,True
15:49:00.775,263.312,322.638,0.144,True
15:49:00.955,263.312,322.638,0.144,True
15:49:01.118,263.312,322.638,0.144,True
15:49:01.230,263.312,322.638,0.144,True
15:49:01.938,263.312,322.638,0.144,True
15:49:02.158,263.312,322.638,0.146,True
15:49:02.336,263.312,322.638,0.146,True
15:49:02.591,263.312,322.638,0.146,True
15:49:02.769,263.312,322.638,0.146,True
15:49:02.947,263.312,322.638,0.146,True
15:49:03.125,263.312,322.638,0.146,True
15:49:03.303,263.312,322.638,0.146,True
15:49:03.457,263.312,322.638,0.146,True
15:49:03.625,263.312,322.638,0.146,True
15:49:03.738,263.312,322.638,0.146,True
15:49:04.440,263.312,322.638,0.146,True
15:49:04.695,263.312,322.638,0.146,True
15:49:04.873,263.312,322.638,0.146,True
15:49:05.033,199.981,322.631,0.205,True
15:49:05.169,199.981,322.631,0.205,True
15:49:05.422,199.981,322.631,0.205,True
15:49:05.602,199.981,322.631,0.205,True
15:49:05.764,199.981,322.631,0.205,True
15:49:05.876,199.981,322.631,0.205,True
15:49:06.579,199.981,322.631,0.205,True
15:49:06.807,199.981,322.631,0.19,True
15:49:06.982,199.981,322.631,0.19,True
15:49:07.238,199.981,322.631,0.19,True
15:49:07.417,199.981,322.631,0.19,True
15:49:07.594,199.981,322.631,0.19,True
15:49:07.771,199.981,322.631,0.19,True
15:49:07.950,199.981,322.631,0.19,True
15:49:08.130,199.981,322.631,0.19,True
15:49:08.295,199.981,322.631,0.19,True
15:49:09.094,199.981,322.631,0.19,True
15:49:09.311,199.981,322.631,0.19,True
15:49:09.524,199.981,322.631,0.19,True
15:49:09.765,136.65,322.638,0.189,True
15:49:09.938,136.65,322.638,0.189,True
15:49:10.115,136.65,322.638,0.189,True
15:49:10.267,136.65,322.638,0.189,True
15:49:10.411,136.65,322.638,0.189,True
15:49:10.521,136.65,322.638,0.189,True
15:49:11.224,136.65,322.638,0.189,True
15:49:11.450,136.65,322.638,0.189,True
15:49:11.629,136.65,322.638,0.189,True
15:49:11.884,136.65,322.638,0.189,True
15:49:12.062,136.65,322.638,0.189,True
15:49:12.240,136.65,322.638,0.189,True
15:49:12.418,136.65,322.638,0.189,True
15:49:12.597,136.65,322.638,0.189,True
15:49:12.774,136.65,322.638,0.189,True
15:49:12.942,136.65,322.638,0.189,True
15:49:13.735,136.65,322.638,0.189,True
15:49:13.991,136.65,322.638,0.189,True
15:49:14.168,136.65,322.638,0.189,True
15:49:14.320,73.325,322.638,0.259,True
15:49:14.498,73.325,322.638,0.259,True
15:49:14.754,73.325,322.638,0.259,True
15:49:14.932,73.325,322.638,0.259,True
15:49:15.078,73.325,322.638,0.259,True
15:49:15.867,73.325,322.638,0.259,True
15:49:16.089,73.325,322.638,0.269,True
15:49:16.267,73.325,322.638,0.269,True
15:49:16.522,73.325,322.638,0.269,True
15:49:16.700,73.325,322.638,0.269,True
15:49:16.879,73.325,322.638,0.269,True
15:49:17.056,73.325,322.638,0.269,True
15:49:17.234,73.325,322.638,0.269,True
15:49:17.412,73.325,322.638,0.269,True
15:49:17.572,73.325,322.638,0.269,True
15:49:18.366,73.325,322.638,0.269,True
15:49:18.620,73.325,322.638,0.269,True
15:49:18.801,73.325,322.638,0.269,True
15:49:18.933,10,322.638,0.385,True
15:49:19.112,10,322.638,0.385,True
15:49:19.368,10,322.638,0.385,True
15:49:19.481,10,322.638,0.385,True
15:49:19.807,10,322.638,0.385,True
15:49:20.395,10,322.638,0.385,True
15:49:20.640,10,322.638,0.382,True
15:49:20.773,10,322.638,0.382,True
15:49:21.029,10,322.638,0.382,True
15:49:21.209,10,322.638,0.382,True
15:49:21.385,10,322.638,0.382,True
15:49:21.563,10,322.638,0.382,True
15:49:21.739,10,322.638,0.382,True
15:49:21.919,10,322.638,0.382,True
15:49:22.076,10,322.638,0.382,True
15:49:22.187,10,322.638,0.382,True
15:49:22.891,10,322.638,0.382,True
15:49:23.146,10,322.638,0.382,True
15:49:23.324,10,322.638,0.382,True
15:49:23.465,9.994,383.956,0.554,True
15:49:23.643,9.994,383.956,0.554,True
15:49:23.898,9.994,383.956,0.554,True
15:49:24.075,9.994,383.956,0.554,True
15:49:24.225,9.994,383.956,0.554,True
15:49:25.014,9.994,383.956,0.554,True
15:49:25.180,9.994,383.956,0.555,True
15:49:25.461,9.994,383.956,0.555,True
15:49:25.638,9.994,383.956,0.555,True
15:49:25.819,9.994,383.956,0.555,True
15:49:25.995,9.994,383.956,0.555,True
15:49:26.172,9.994,383.956,0.555,True
15:49:26.351,9.994,383.956,0.555,True
15:49:26.529,9.994,383.956,0.555,True
15:49:26.660,9.994,383.956,0.555,True
15:49:27.452,9.994,383.956,0.555,True
15:49:27.710,9.994,383.956,0.555,True
15:49:27.888,9.994,383.956,0.555,True
15:49:28.027,73.319,383.969,0.519,True
15:49:28.206,73.319,383.969,0.519,True
15:49:28.461,73.319,383.969,0.519,True
15:49:28.639,73.319,383.969,0.519,True
15:49:28.787,73.319,383.969,0.519,True
15:49:29.575,73.319,383.969,0.519,True
15:49:29.745,73.319,383.969,0.516,True
15:49:29.951,73.319,383.969,0.516,True
15:49:30.166,73.319,383.969,0.516,True
15:49:30.497,73.319,383.969,0.516,True
15:49:30.675,73.319,383.969,0.516,True
15:49:30.852,73.319,383.969,0.516,True
15:49:31.031,73.319,383.969,0.516,True
15:49:31.174,73.319,383.969,0.516,True
15:49:31.964,73.319,383.969,0.516,True
15:49:32.219,73.319,383.969,0.516,True
15:49:32.397,73.319,383.969,0.516,True
15:49:32.530,136.65,383.962,0.382,True
15:49:32.710,136.65,383.962,0.382,True
15:49:32.965,136.65,383.962,0.382,True
15:49:33.143,136.65,383.962,0.382,True
15:49:33.288,136.65,383.962,0.382,True
15:49:34.077,136.65,383.962,0.382,True
15:49:34.299,136.65,383.962,0.381,True
15:49:34.477,136.65,383.962,0.381,True
15:49:34.736,136.65,383.962,0.381,True
15:49:34.914,136.65,383.962,0.381,True
15:49:35.092,136.65,383.962,0.381,True
15:49:35.270,136.65,383.962,0.381,True
15:49:35.448,136.65,383.962,0.381,True
15:49:35.627,136.65,383.962,0.381,True
15:49:35.770,136.65,383.962,0.381,True
15:49:36.559,136.65,383.962,0.381,True
15:49:36.814,136.65,383.962,0.381,True
15:49:36.995,136.65,383.962,0.381,True
15:49:37.136,199.981,383.969,0.312,True
15:49:37.314,199.981,383.969,0.312,True
15:49:37.569,199.981,383.969,0.312,True
15:49:37.747,199.981,383.969,0.312,True
15:49:37.893,199.981,383.969,0.312,True
15:49:38.682,199.981,383.969,0.312,True
15:49:38.908,199.981,383.969,0.299,True
15:49:39.088,199.981,383.969,0.299,True
15:49:39.343,199.981,383.969,0.299,True
15:49:39.522,199.981,383.969,0.299,True
15:49:39.699,199.981,383.969,0.299,True
15:49:39.877,199.981,383.969,0.299,True
15:49:40.056,199.981,383.969,0.299,True
15:49:40.252,199.981,383.969,0.299,True
15:49:40.416,199.981,383.969,0.299,True
15:49:41.158,199.981,383.969,0.299,True
15:49:41.413,199.981,383.969,0.299,True
15:49:41.591,199.981,383.969,0.299,True
15:49:41.763,263.312,383.963,0.275,True
15:49:41.870,263.312,383.963,0.275,True
15:49:42.124,263.312,383.963,0.275,True
15:49:42.302,263.312,383.963,0.275,True
15:49:42.481,263.312,383.963,0.275,True
15:49:42.593,263.312,383.963,0.275,True
15:49:43.315,263.312,383.963,0.275,True
15:49:43.538,263.312,383.963,0.279,True
15:49:43.715,263.312,383.963,0.279,True
15:49:43.970,263.312,383.963,0.279,True
15:49:44.147,263.312,383.963,0.279,True
15:49:44.327,263.312,383.963,0.279,True
15:49:44.504,263.312,383.963,0.279,True
15:49:44.682,263.312,383.963,0.279,True
15:49:44.860,263.312,383.963,0.279,True
15:49:45.018,263.312,383.963,0.279,True
15:49:45.811,263.312,383.963,0.279,True
15:49:46.067,263.312,383.963,0.279,True
15:49:46.244,263.312,383.963,0.279,True
15:49:46.391,326.637,383.962,0.294,True
15:49:46.572,326.637,383.962,0.294,True
15:49:46.826,326.637,383.962,0.294,True
15:49:47.004,326.637,383.962,0.294,True
15:49:47.150,326.637,383.962,0.294,True
15:49:47.940,326.637,383.962,0.294,True
15:49:48.161,326.637,383.962,0.298,True
15:49:48.340,326.637,383.962,0.298,True
15:49:48.594,326.637,383.962,0.298,True
15:49:48.772,326.637,383.962,0.298,True
15:49:48.950,326.637,383.962,0.298,True
15:49:49.129,326.637,383.962,0.298,True
15:49:49.306,326.637,383.962,0.298,True
15:49:49.486,326.637,383.962,0.298,True
15:49:49.643,326.637,383.962,0.298,True
15:49:50.416,326.637,383.962,0.298,True
15:49:50.680,326.637,383.962,0.298,True
15:49:51.011,389.962,383.962,0.35,True
15:49:51.400,389.962,383.962,0.35,True
15:49:51.578,389.962,383.962,0.35,True
15:49:51.743,389.962,383.962,0.35,True
15:49:51.853,389.962,383.962,0.35,True
15:49:52.560,389.962,383.962,0.35,True
15:49:52.778,389.962,383.962,0.363,True
15:49:52.933,389.962,383.962,0.363,True
15:49:53.188,389.962,383.962,0.363,True
15:49:53.366,389.962,383.962,0.363,True
15:49:53.543,389.962,383.962,0.363,True
15:49:53.722,389.962,383.962,0.363,True
15:49:53.862,389.962,383.962,0.363,True
15:49:53.995,389.962,383.962,4.97,True
15:49:54.150,389.962,383.962,4.97,True
15:50:02.660,389.962,383.962,200,True
15:50:02.838,389.962,383.962,200,True
15:50:03.016,389.962,383.962,200,True
15:50:03.194,389.962,383.962,200,True
15:50:03.378,389.962,383.962,200,True
15:50:03.552,389.962,383.962,200,True
15:50:03.732,389.962,383.962,200,True
15:50:03.884,389.962,383.962,200,True
15:50:04.066,389.962,383.962,200,True
15:50:04.243,389.962,383.962,200,True
15:50:04.420,389.962,383.962,200,True
15:50:04.603,389.962,383.962,200,True
15:50:04.779,389.962,383.962,200,True
15:50:04.961,389.962,383.962,200,True
15:50:05.136,389.962,383.962,200,True
15:50:05.315,389.962,383.962,200,True
15:50:05.493,389.962,383.962,200,True
15:50:05.671,389.962,383.962,200,True
15:50:05.849,389.962,383.962,200,True
15:50:06.028,389.962,383.962,200,True
15:50:06.208,389.962,383.962,200,True
15:50:06.387,389.962,383.962,200,True
15:50:06.563,389.962,383.962,200,True
15:50:06.741,389.962,383.962,200,True
15:50:06.919,389.962,383.962,200,True
15:50:07.097,389.962,383.962,200,True
15:50:07.279,389.962,383.962,200,True
15:50:07.459,389.962,383.962,200,True
15:50:07.636,389.962,383.962,200,True
15:50:07.815,389.962,383.962,200,True
15:50:07.992,389.962,383.962,200,True
15:50:08.170,389.962,383.962,200,True
15:50:08.349,389.962,383.962,200,True
15:50:08.527,389.962,383.962,200,True
15:50:08.707,389.962,383.962,200,True
15:50:08.883,389.962,383.962,200,True
15:50:09.061,389.962,383.962,200,True
15:50:09.239,389.962,383.962,200,True
15:50:09.417,389.962,383.962,200,True
15:50:09.596,389.962,383.962,200,True
15:50:09.773,389.962,383.962,200,True
15:50:09.951,389.962,383.962,200,True
15:50:10.130,389.962,383.962,200,True
15:50:10.307,389.962,383.962,200,True
15:50:10.485,389.962,383.962,200,True
15:50:10.663,389.962,383.962,200,True
15:50:10.842,389.962,383.962,200,True
15:50:10.955,389.962,383.962,200,True
15:50:11.287,389.962,383.962,200,True
15:50:11.695,389.962,383.962,200,True
15:50:11.873,389.962,383.962,200,True
15:50:12.051,389.962,383.962,200,True
15:50:12.243,389.962,383.962,200,True
15:50:12.406,389.962,383.962,200,True
15:50:12.586,389.962,383.962,200,True
15:50:12.763,389.962,383.962,200,True
15:50:12.939,389.962,383.962,200,True
15:50:13.119,389.962,383.962,200,True
15:50:13.297,389.962,383.962,200,True
15:50:13.475,389.962,383.962,200,True
15:50:13.653,389.962,383.962,200,True
15:50:13.831,389.962,383.962,200,True
15:50:14.009,389.962,383.962,200,True
15:50:14.188,389.962,383.962,200,True
15:50:14.365,389.962,383.962,200,True
15:50:14.543,389.962,383.962,200,True
15:50:14.696,389.962,383.962,200,True
15:50:14.874,389.962,383.962,200,True
15:50:15.054,389.962,383.962,200,True
15:50:17.452,389.962,383.962,200,False
15:50:30.933,389.962,383.962,200.386,False
15:50:30.978,389.962,383.962,200.386,False
15:50:31.527,389.962,383.962,200.386,False
15:50:31.718,389.962,383.962,200.386,False
15:50:31.902,389.962,383.962,200.386,False
15:50:32.312,389.962,383.962,205.385,False
15:50:32.514,389.962,383.962,205.385,False
15:50:32.845,389.962,383.962,205.385,False
15:50:33.023,389.962,383.962,205.385,False
15:50:33.201,389.962,383.962,205.385,False
15:50:33.379,389.962,383.962,205.385,False
15:50:33.557,389.962,383.962,205.385,False
15:50:33.736,389.962,383.962,205.385,False
15:50:33.913,389.962,383.962,205.385,False
15:50:34.093,389.962,383.962,205.385,False
15:50:34.271,389.962,383.962,205.385,False
15:50:34.449,389.962,383.962,205.385,False
15:50:34.625,389.962,383.962,205.385,False
15:50:34.804,389.962,383.962,205.385,False
15:50:34.982,389.962,383.962,205.385,False
15:50:35.160,389.962,383.962,205.385,False
15:50:35.339,389.962,383.962,205.385,False
15:50:35.518,389.962,383.962,205.385,False
15:50:35.696,389.962,383.962,205.385,False
15:50:35.876,389.962,383.962,205.385,False
15:50:36.052,389.962,383.962,205.385,False
15:50:36.231,389.962,383.962,205.385,False
15:50:36.410,5,383.969,205.385,False
15:50:36.487,5,383.969,205.385,False
15:50:36.642,5,383.969,205.385,False
15:50:36.820,5,383.969,205.385,False
15:50:36.997,5,383.969,205.385,False
15:50:37.110,0,383.975,205.385,False
15:50:37.141,0,383.975,205.385,False
15:50:37.302,0,383.975,205.385,False
15:50:37.633,0,383.975,205.385,False
15:50:37.811,0,383.975,205.385,False
15:50:37.989,0,383.975,205.385,False
15:50:38.167,0,383.975,205.385,False
15:50:38.345,0,383.975,205.385,False
15:50:38.523,0,383.975,205.385,False
15:50:38.701,0,383.975,205.385,False
15:50:38.879,0,383.975,205.385,False
15:50:39.056,0,383.975,205.385,False
15:50:39.235,0,383.975,205.385,False
15:50:39.389,0,383.975,205.385,False
15:50:39.565,0,383.975,205.385,False
15:50:39.744,0,383.975,205.385,False
15:50:39.923,0,383.975,205.385,False
15:50:40.101,0,383.975,205.385,False
15:50:40.279,0,383.975,205.385,False
15:50:40.457,0,383.975,205.385,False
15:50:40.637,0,383.975,205.385,False
15:50:40.815,0,383.975,205.385,False
15:50:40.992,0,383.975,205.385,False
15:50:41.170,0,5,205.385,False
15:50:41.248,0,5,205.385,False
15:50:41.428,0,5,205.385,False
15:50:41.606,0,5,205.385,False
15:50:41.785,0,0.0375,205.385,False
15:50:41.996,0,0,205.385,False
15:50:42.072,200,200,205.385,False
15:50:42.244,200,200,205.385,False
15:50:42.730,200,200,205.385,False
15:50:42.908,200,200,205.385,False
15:50:43.086,200,200,205.385,False
15:50:43.264,200,200,205.385,False
15:50:43.442,200,200,205.385,False
15:50:43.620,200,200,205.385,False
15:50:43.798,200,200,205.385,False
15:50:43.976,200,200,205.385,False
15:50:44.157,200,200,205.385,False
15:50:44.332,200,200,205.385,False
15:50:44.510,200,200,205.385,False
15:50:44.688,200,200,205.385,False
15:50:44.866,200,200,205.385,False
15:50:45.021,200,200,205.385,False
15:50:45.889,200,200,205.385,False
15:50:46.040,200,200,205.385,False
15:50:46.218,200,200,205.385,False
15:50:46.396,200,200,205.385,False
15:50:46.573,200,200,205.385,False
15:50:46.751,200,200,205.385,False
15:50:46.930,200,200,205.385,False
15:50:47.107,200,200,205.385,False
15:50:47.285,200,200,205.385,False
15:50:47.464,200,200,205.385,False
15:50:47.642,200,200,205.385,False
15:50:47.819,200,200,205.385,False
15:50:47.997,200,200,205.385,False
15:50:48.176,200,200,205.385,False
15:50:48.355,200,200,205.385,False
15:50:48.533,200,200,205.385,False
15:50:48.711,200,200,205.385,False
15:50:48.889,200,200,205.385,False
15:50:49.067,200,200,205.385,False
15:50:49.244,200,200,205.385,False
15:50:49.423,200,200,205.385,False
15:50:49.601,200,200,205.385,False
15:50:49.778,200,200,205.385,False
15:50:49.957,200,200,205.385,False
15:50:50.135,200,200,205.385,False
15:50:50.313,200,200,205.385,False
15:50:50.491,200,200,205.385,False
15:50:50.669,200,200,205.385,False
15:50:50.847,200,200,205.385,False
15:50:51.028,200,200,205.385,False
15:50:51.204,200,200,205.385,False
15:50:51.382,200,200,205.385,False
15:50:51.560,200,200,205.385,False
15:50:51.739,200,200,205.385,False
15:50:51.917,200,200,205.385,False
15:50:52.097,200,200,205.385,False
15:50:52.231,200,200,205.385,False
15:50:52.521,200,200,205.385,False
15:50:52.928,200,200,205.385,False
15:50:53.106,200,200,205.385,False
15:50:53.284,200,200,205.385,False
15:50:53.462,200,200,205.385,False
15:50:53.640,200,200,205.385,False
15:50:53.818,200,200,205.385,False
15:50:53.996,200,200,205.385,False
15:50:54.173,200,200,205.385,False
15:50:54.352,200,200,205.385,False
15:50:54.530,200,200,205.385,False
15:50:54.708,200,200,205.385,False
15:50:54.886,200,200,205.385,False
15:50:55.064,200,200,205.385,False
15:50:55.242,200,200,205.385,False
15:50:55.420,200,200,205.385,False
15:50:55.598,200,200,205.385,False
15:50:55.776,200,200,205.385,False
15:50:55.955,200,200,205.385,False
15:50:56.134,200,200,205.385,False
15:50:56.311,200,200,205.385,False
15:50:56.489,200,200,205.385,False
15:50:56.667,200,200,205.385,False
15:50:56.847,200,200,205.385,False
15:50:57.023,200,200,205.385,False
15:50:57.201,200,200,205.385,False
15:50:57.379,200,200,205.385,False
15:50:57.557,200,200,205.385,False
15:50:57.735,200,200,205.385,False
15:50:57.913,200,200,205.385,False
15:50:58.091,200,200,205.385,False
15:50:58.268,200,200,205.385,False
15:50:58.447,200,200,205.385,False
15:50:58.625,200,200,205.385,False
15:50:58.803,200,200,205.385,False
15:50:58.981,200,200,205.385,False
15:50:59.159,200,200,205.385,False
15:50:59.337,200,200,205.385,False
15:50:59.515,200,200,205.385,False
15:50:59.693,200,200,205.385,False
15:50:59.872,200,200,205.385,False
15:51:00.050,200,200,205.385,False
15:51:00.228,200,200,205.385,False
15:51:00.406,200,200,205.385,False
15:51:00.584,200,200,205.385,False
15:51:00.764,200,200,205.385,False
15:51:00.940,200,200,205.385,False
15:51:01.118,200,200,205.385,False
15:51:01.298,200,200,205.385,False
15:51:01.475,200,200,205.385,False
15:51:01.653,200,200,205.385,False
15:51:01.831,200,200,205.385,False
15:51:02.008,200,200,205.385,False
15:51:02.187,200,200,205.385,False
15:51:02.365,200,200,205.385,False
15:51:02.478,200,200,205.385,False
15:51:02.812,200,200,205.385,False
15:51:03.221,200,200,205.385,False
15:51:03.399,200,200,205.385,False
15:51:03.552,200,200,205.385,False
15:51:03.730,200,200,205.385,False
15:51:03.884,200,200,205.385,False
15:51:04.062,200,200,205.385,False
15:51:04.240,200,200,205.385,False
15:51:04.419,200,200,205.385,False
15:51:04.572,200,200,205.385,False
15:51:04.749,200,200,205.385,False
15:51:04.928,200,200,205.385,False
15:51:05.106,200,200,205.385,False
15:51:05.283,200,200,205.385,False
15:51:05.462,200,200,205.385,False
15:51:05.640,200,200,205.385,False
15:51:05.818,200,200,205.385,False
15:51:05.996,200,200,205.385,False
15:51:06.174,200,200,205.385,False
15:51:06.353,200,200,205.385,False
15:51:06.531,200,200,205.385,False
15:51:06.708,200,200,205.385,False
15:51:06.886,200,200,205.385,False
15:51:07.064,200,200,205.385,False
15:51:07.242,200,200,205.385,False
15:51:07.423,200,200,205.385,False
15:51:07.601,200,200,205.385,False
15:51:07.779,200,200,205.385,False
15:51:07.958,200,200,205.385,False
15:51:08.136,200,200,205.385,False
15:51:08.314,200,200,205.385,False
15:51:08.492,200,200,205.385,False
15:51:08.671,200,200,205.385,False
15:51:08.848,200,200,205.385,False
15:51:09.026,200,200,205.385,False
15:51:09.204,200,200,205.385,False
15:51:09.382,200,200,205.385,False
15:51:09.560,200,200,205.385,False
15:51:09.738,200,200,205.385,False
15:51:09.916,200,200,205.385,False
15:51:10.094,200,200,205.385,False
15:51:10.272,200,200,205.385,False
15:51:10.450,200,200,205.385,False
15:51:10.628,200,200,205.385,False
15:51:10.806,200,200,205.385,False
15:51:10.984,200,200,205.385,False
15:51:11.165,200,200,205.385,False
15:51:11.340,200,200,205.385,False
15:51:11.521,200,200,205.385,False
15:51:11.698,200,200,205.385,False
15:51:11.876,200,200,205.385,False
15:51:12.053,200,200,205.385,False
15:51:12.231,200,200,205.385,False
15:51:12.410,200,200,205.385,False
15:51:12.587,200,200,205.385,False
15:51:12.743,200,200,205.385,False
15:51:12.938,200,200,205.385,False
15:51:13.115,200,200,-0.141,False
15:51:13.373,200,200,-0.03,False
15:51:13.604,200,200,-0.03,True
15:51:13.860,200,200,-0.03,True
15:51:13.972,200,200,-0.03,True
15:51:14.692,200,200,-0.03,True
15:51:14.972,200,200,-0.03,True
15:51:15.167,200,200,-0.03,True
15:51:15.498,200,200,-0.03,True
15:51:15.675,200,200,-0.03,True
15:51:15.855,200,200,-0.03,True
15:51:16.032,200,200,-0.03,True
15:51:16.188,200,200,4.97,True
15:51:16.598,398,16,20,True
15:51:16.775,398,16,20,True
15:51:16.957,398,16,20,True
15:51:17.131,398,16,20,True
15:51:17.310,398,16,20,True
15:51:17.488,398,16,20,True
15:51:17.666,398,16,20,True
15:51:17.844,398,16,20,True
15:51:18.021,398,16,20,True
15:51:18.200,398,16,20,True
15:51:18.378,398,16,20,True
15:51:18.556,398,16,20,True
15:51:18.734,398,16,20,True
15:51:18.912,398,16,20,True
15:51:19.090,398,16,20,True
15:51:19.413,398,16,20,True
15:51:20.179,398,16,20,True
15:51:20.485,398,16,20,True
15:51:20.663,398,16,20,True
15:51:20.841,398,16,20,True
15:51:21.019,398,16,20,True
15:51:21.197,398,16,20,True
15:51:21.375,398,16,20,True
15:51:21.553,398,16,20,True
15:51:21.731,398,16,20,True
15:51:21.909,398,16,20,True
15:51:22.087,398,16,20,True
15:51:22.265,398,16,20,True
15:51:22.443,398,16,20,True
15:51:22.621,398,16,20,True
15:51:22.773,397.994,15.994,0.389,True
15:51:22.978,397.994,15.994,0.389,True
15:51:23.220,397.994,15.994,0.389,True
15:51:23.436,397.994,15.994,0.389,True
15:51:23.741,397.994,15.994,0.389,True
15:51:24.255,397.994,15.994,0.389,True
15:51:24.552,397.994,15.994,0.389,True
15:51:24.756,397.994,15.994,0.389,True
15:51:25.087,397.994,15.994,0.389,True
15:51:25.265,397.994,15.994,0.389,True
15:51:25.443,397.994,15.994,0.389,True
15:51:25.621,397.994,15.994,0.389,True
15:51:25.799,397.994,15.994,0.389,True
15:51:25.976,397.994,15.994,0.389,True
15:51:26.155,397.994,15.994,0.389,True
15:51:26.333,397.994,15.994,0.389,True
15:51:26.511,397.994,15.994,0.389,True
15:51:26.689,397.994,15.994,19.97,True
15:51:27.045,201,380,19.97,True
15:51:27.223,201,380,19.97,True
15:51:27.401,201,380,19.97,True
15:51:27.579,201,380,19.97,True
15:51:27.757,201,380,19.97,True
15:51:27.936,201,380,19.97,True
15:51:28.114,201,380,19.97,True
15:51:28.292,201,380,19.97,True
15:51:28.470,201,380,19.97,True
15:51:29.411,201,380,19.97,True
15:51:29.742,201,380,19.97,True
15:51:29.920,201,380,19.97,True
15:51:30.098,201,380,19.97,True
15:51:30.278,201,380,19.97,True
15:51:30.454,201,380,19.97,True
15:51:30.632,201,380,19.97,True
15:51:30.810,201,380,19.97,True
15:51:30.988,201,380,19.97,True
15:51:31.166,201,380,19.97,True
15:51:31.344,201,380,19.97,True
15:51:31.522,201,380,19.97,True
15:51:31.701,201,380,19.97,True
15:51:31.879,201,380,19.97,True
15:51:32.034,201.006,379.994,0.188,True
15:51:32.238,201.006,379.994,0.188,True
15:51:32.571,201.006,379.994,0.188,True
15:51:32.739,201.006,379.994,0.188,True
15:51:32.850,201.006,379.994,0.188,True
15:51:33.523,201.006,379.994,0.188,True
15:51:33.737,201.006,379.994,0.185,True
15:51:33.993,201.006,379.994,0.185,True
15:51:34.324,201.006,379.994,0.185,True
15:51:34.501,201.006,379.994,0.185,True
15:51:34.680,201.006,379.994,0.185,True
15:51:34.858,201.006,379.994,0.185,True
15:51:35.036,201.006,379.994,0.185,True
15:51:35.214,201.006,379.994,0.185,True
15:51:35.392,201.006,379.994,0.185,True
15:51:35.570,201.006,379.994,0.185,True
15:51:35.748,201.006,379.994,0.185,True
15:51:35.927,201.006,379.994,19.97,True
15:51:36.284,2,16,19.97,True
15:51:36.461,2,16,19.97,True
15:51:36.640,2,16,19.97,True
15:51:36.817,2,16,19.97,True
15:51:36.995,2,16,19.97,True
15:51:37.148,2,16,19.97,True
15:51:37.326,2,16,19.97,True
15:51:37.506,2,16,19.97,True
15:51:37.682,2,16,19.97,True
15:51:38.647,2,16,19.97,True
15:51:38.977,2,16,19.97,True
15:51:39.155,2,16,19.97,True
15:51:39.333,2,16,19.97,True
15:51:39.511,2,16,19.97,True
15:51:39.689,2,16,19.97,True
15:51:39.867,2,16,19.97,True
15:51:40.046,2,16,19.97,True
15:51:40.224,2,16,19.97,True
15:51:40.403,2,16,19.97,True
15:51:40.580,2,16,19.97,True
15:51:40.758,2,16,19.97,True
15:51:40.936,2,16,19.97,True
15:51:41.115,2,16,19.97,True
15:51:41.265,2.006,16.019,0.394,True
15:51:41.464,2.006,16.019,0.394,True
15:51:41.795,2.006,16.019,0.394,True
15:51:41.973,2.006,16.019,0.394,True
15:51:42.764,2.006,16.019,0.394,True
15:51:43.052,2.006,16.019,0.384,True
15:51:43.243,2.006,16.019,0.384,True
15:51:43.575,2.006,16.019,0.384,True
15:51:43.686,2.006,16.019,0.384,True
15:51:44.021,2.006,16.019,0.384,True
15:51:44.428,2.006,16.019,0.384,True
15:51:44.606,2.006,16.019,0.384,True
15:51:44.783,2.006,16.019,0.384,True
15:51:44.962,2.006,16.019,0.384,True
15:51:45.140,2.006,16.019,19.97,True
15:51:45.218,2.006,16.019,19.97,True
15:51:45.864,398,16,19.97,True
15:51:46.031,398,16,19.97,True
15:51:46.209,398,16,19.97,True
15:51:46.387,398,16,19.97,True
15:51:46.565,398,16,19.97,True
15:51:46.743,398,16,19.97,True
15:51:46.921,398,16,19.97,True
15:51:47.099,398,16,19.97,True
15:51:47.277,398,16,19.97,True
15:51:48.299,398,16,19.97,True
15:51:48.630,398,16,19.97,True
15:51:48.808,398,16,19.97,True
15:51:48.986,398,16,19.97,True
15:51:49.164,398,16,19.97,True
15:51:49.342,398,16,19.97,True
15:51:49.520,398,16,19.97,True
15:51:49.698,398,16,19.97,True
15:51:49.876,398,16,19.97,True
15:51:50.054,398,16,19.97,True
15:51:50.232,398,16,19.97,True
15:51:50.413,398,16,19.97,True
15:51:50.588,398,16,19.97,True
15:51:50.771,398,16,19.97,True
15:51:50.922,397.994,15.994,-0.005,True
15:51:51.156,397.994,15.994,-0.005,True
15:51:51.487,397.994,15.994,-0.005,True
15:51:51.657,397.994,15.994,-0.005,True
15:51:51.768,397.994,15.994,-0.005,True
15:51:52.474,397.994,15.994,-0.005,True
15:51:52.752,397.994,15.994,-0.00375,True
15:51:52.947,397.994,15.994,-0.00375,True
15:51:53.279,397.994,15.994,-0.00375,True
15:51:53.456,397.994,15.994,-0.00375,True
15:51:53.634,397.994,15.994,-0.00375,True
15:51:53.812,397.994,15.994,-0.00375,True
15:51:53.946,397.994,15.994,-0.00375,True
15:51:54.141,397.994,15.994,-0.00375,True
15:51:54.323,397.994,15.994,-0.00375,True
15:51:54.730,397.994,15.994,-0.00375,True
15:51:54.908,397.994,15.994,19.97,True
15:51:55.264,201,380,19.97,True
15:51:55.442,201,380,19.97,True
15:51:55.620,201,380,19.97,True
15:51:55.798,201,380,19.97,True
15:51:55.976,201,380,19.97,True
15:51:56.155,201,380,19.97,True
15:51:56.333,201,380,19.97,True
15:51:56.511,201,380,19.97,True
15:51:56.689,201,380,19.97,True
15:51:57.703,201,380,19.97,True
15:51:57.881,201,380,19.97,True
15:51:58.059,201,380,19.97,True
15:51:58.237,201,380,19.97,True
15:51:58.417,201,380,19.97,True
15:51:58.593,201,380,19.97,True
15:51:58.771,201,380,19.97,True
15:51:58.949,201,380,19.97,True
15:51:59.127,201,380,19.97,True
15:51:59.305,201,380,19.97,True
15:51:59.483,201,380,19.97,True
15:51:59.661,201,380,19.97,True
15:51:59.839,201,380,19.97,True
15:52:00.017,201,380,19.97,True
15:52:00.194,201.006,379.994,-0.03,True
15:52:00.602,201.006,379.994,-0.03,True
15:52:00.780,201.006,379.994,-0.03,True
15:52:00.950,201.006,379.994,-0.03,True
15:52:01.061,201.006,379.994,-0.03,True
15:52:01.769,201.006,379.994,-0.03,True
15:52:02.045,201.006,379.994,-0.03,True
15:52:02.240,201.006,379.994,-0.03,True
15:52:02.570,201.006,379.994,-0.03,True
15:52:02.748,201.006,379.994,-0.03,True
15:52:02.926,201.006,379.994,-0.03,True
15:52:03.103,201.006,379.994,-0.03,True
15:52:03.257,201.006,379.994,-0.03,True
15:52:03.435,201.006,379.994,-0.03,True
15:52:03.615,201.006,379.994,-0.03,True
15:52:03.791,201.006,379.994,-0.03,True
15:52:03.969,201.006,379.994,-0.03,True
15:52:04.148,201.006,379.994,19.97,True
15:52:04.454,2,16,19.97,True
15:52:04.640,2,16,19.97,True
15:52:05.047,2,16,19.97,True
15:52:05.225,2,16,19.97,True
15:52:05.404,2,16,19.97,True
15:52:05.582,2,16,19.97,True
15:52:05.759,2,16,19.97,True
15:52:05.938,2,16,19.97,True
15:52:06.915,2,16,19.97,True
15:52:07.245,2,16,19.97,True
15:52:07.424,2,16,19.97,True
15:52:07.602,2,16,19.97,True
15:52:07.780,2,16,19.97,True
15:52:07.958,2,16,19.97,True
15:52:08.136,2,16,19.97,True
15:52:08.315,2,16,19.97,True
15:52:08.493,2,16,19.97,True
15:52:08.672,2,16,19.97,True
15:52:08.851,2,16,19.97,True
15:52:09.028,2,16,19.97,True
15:52:09.205,2,16,19.97,True
15:52:09.384,2,16,19.97,True
15:52:09.524,2,16.013,0.05,True
15:52:09.753,2,16.013,0.05,True
15:52:10.083,2,16.013,0.05,True
15:52:10.254,2,16.013,0.05,True
15:52:10.363,2,16.013,0.05,True
15:52:11.070,2,16.013,0.05,True
15:52:11.350,2,16.013,0.0375,True
15:52:11.545,2,16.013,0.0375,True
15:52:11.875,2,16.013,0.0375,True
15:52:12.054,2,16.013,0.0375,True
15:52:12.232,2,16.013,0.0375,True
15:52:12.411,2,16.013,0.0375,True
15:52:12.589,2,16.013,0.0375,True
15:52:12.766,2,16.013,0.0375,True
15:52:12.945,2,16.013,0.0375,True
15:52:13.123,2,16.013,0.0375,True
15:52:13.301,2,16.013,0.0375,True
15:52:13.478,2,16.013,19.97,True
15:52:13.557,2,16.013,19.97,True
15:52:14.092,398,16,19.97,True
15:52:14.268,398,16,19.97,True
15:52:14.448,398,16,19.97,True
15:52:14.581,398,16,19.97,True
15:52:14.773,398,16,19.97,True
15:52:14.956,398,16,19.97,True
15:52:15.363,398,16,19.97,True
15:52:16.387,398,16,19.97,True
15:52:16.718,398,16,19.97,True
15:52:16.896,398,16,19.97,True
15:52:17.074,398,16,19.97,True
15:52:17.252,398,16,19.97,True
15:52:17.431,398,16,19.97,True
15:52:17.609,398,16,19.97,True
15:52:17.787,398,16,19.97,True
15:52:17.965,398,16,19.97,True
15:52:18.143,398,16,19.97,True
15:52:18.296,398,16,19.97,True
15:52:18.474,398,16,19.97,True
15:52:18.652,398,16,19.97,True
15:52:18.830,398,16,19.97,True
15:52:19.008,397.994,15.994,-0.015,True
15:52:19.244,397.994,15.994,-0.015,True
15:52:19.575,397.994,15.994,-0.015,True
15:52:19.745,397.994,15.994,-0.015,True
15:52:19.856,397.994,15.994,-0.015,True
15:52:20.560,397.994,15.994,-0.015,True
15:52:20.843,397.994,15.994,-0.0175,True
15:52:21.037,397.994,15.994,-0.0175,True
15:52:21.344,397.994,15.994,-0.0175,True
15:52:21.522,397.994,15.994,-0.0175,True
15:52:21.700,397.994,15.994,-0.0175,True
15:52:21.878,397.994,15.994,-0.0175,True
15:52:22.056,397.994,15.994,-0.0175,True
15:52:22.234,397.994,15.994,-0.0175,True
15:52:22.411,397.994,15.994,-0.0175,True
15:52:22.591,397.994,15.994,-0.0175,True
15:52:22.768,397.994,15.994,-0.0175,True
15:52:22.946,397.994,15.994,19.97,True
15:52:23.302,201,380,19.97,True
15:52:23.480,201,380,19.97,True
15:52:23.658,201,380,19.97,True
15:52:23.836,201,380,19.97,True
15:52:24.014,201,380,19.97,True
15:52:24.193,201,380,19.97,True
15:52:24.371,201,380,19.97,True
15:52:24.549,201,380,19.97,True
15:52:24.726,201,380,19.97,True
15:52:25.652,201,380,19.97,True
15:52:25.983,201,380,19.97,True
15:52:26.161,201,380,19.97,True
15:52:26.339,201,380,19.97,True
15:52:26.517,201,380,19.97,True
15:52:26.695,201,380,19.97,True
15:52:26.848,201,380,19.97,True
15:52:27.026,201,380,19.97,True
15:52:27.204,201,380,19.97,True
15:52:27.382,201,380,19.97,True
15:52:27.560,201,380,19.97,True
15:52:27.738,201,380,19.97,True
15:52:27.916,201,380,19.97,True
15:52:28.099,201,380,19.97,True
15:52:28.271,201.006,379.994,-0.025,True
15:52:28.506,201.006,379.994,-0.025,True
15:52:28.836,201.006,379.994,-0.025,True
15:52:29.007,201.006,379.994,-0.025,True
15:52:29.120,201.006,379.994,-0.025,True
15:52:29.824,201.006,379.994,-0.025,True
15:52:30.104,201.006,379.994,-0.025,True
15:52:30.299,201.006,379.994,-0.025,True
15:52:30.630,201.006,379.994,-0.025,True
15:52:30.808,201.006,379.994,-0.025,True
15:52:30.986,201.006,379.994,-0.025,True
15:52:31.163,201.006,379.994,-0.025,True
15:52:31.342,201.006,379.994,-0.025,True
15:52:31.520,201.006,379.994,-0.025,True
15:52:31.697,201.006,379.994,-0.025,True
15:52:31.876,201.006,379.994,-0.025,True
15:52:32.054,201.006,379.994,-0.025,True
15:52:32.233,201.006,379.994,19.97,True
15:52:32.589,2,16,19.97,True
15:52:32.768,2,16,19.97,True
15:52:32.945,2,16,19.97,True
15:52:33.123,2,16,19.97,True
15:52:33.301,2,16,19.97,True
15:52:33.479,2,16,19.97,True
15:52:33.657,2,16,19.97,True
15:52:33.835,2,16,19.97,True
15:52:34.014,2,16,19.97,True
15:52:34.965,2,16,19.97,True
15:52:35.228,2,16,19.97,True
15:52:35.423,2,16,19.97,True
15:52:35.610,2,16,19.97,True
15:52:36.014,2,16,19.97,True
15:52:36.193,2,16,19.97,True
15:52:36.370,2,16,19.97,True
15:52:36.548,2,16,19.97,True
15:52:36.727,2,16,19.97,True
15:52:36.905,2,16,19.97,True
15:52:37.083,2,16,19.97,True
15:52:37.261,2,16,19.97,True
15:52:37.439,2,16,19.97,True
15:52:37.585,2,16.013,-0.035,True
15:52:37.816,2,16.013,-0.035,True
15:52:38.147,2,16.013,-0.035,True
15:52:38.316,2,16.013,-0.035,True
15:52:38.429,2,16.013,-0.035,True
15:52:39.133,2,16.013,-0.035,True
15:52:39.415,2,16.013,-0.0325,True
15:52:39.610,2,16.013,-0.0325,True
15:52:39.940,2,16.013,-0.0325,True
15:52:40.119,2,16.013,-0.0325,True
15:52:40.299,2,16.013,-0.0325,True
15:52:40.477,2,16.013,-0.0325,True
15:52:40.655,2,16.013,-0.0325,True
15:52:40.832,2,16.013,-0.0325,True
15:52:41.010,2,16.013,-0.0325,True
15:52:41.189,2,16.013,-0.0325,True
15:52:41.366,2,16.013,-0.0325,True
15:52:41.545,2,16.013,19.97,True
15:52:41.623,2,16.013,19.97,True
15:52:42.490,2,16.013,5,True
15:52:42.650,200,200,5,True
15:52:42.828,200,200,5,True
15:52:43.006,200,200,5,True
15:52:43.184,200,200,5,True
15:52:43.362,200,200,5,True
15:52:43.540,200,200,5,True
15:52:43.718,200,200,5,True
15:52:43.896,200,200,5,True
15:52:44.074,200,200,5,True
15:52:44.253,200,200,5,True
15:52:44.431,200,200,5,True
15:52:44.609,200,200,5,True
15:52:44.787,200,200,5,True
15:52:44.965,200,200,5,True
15:52:45.142,200,200,5,True
15:52:46.923,200,200,5,True
15:52:47.254,200,200,5,True
15:52:47.433,200,200,5,True
15:52:47.594,200,200,-0.03,True
15:52:47.651,200,200,-0.03,True
15:52:47.829,200,200,-0.03,True
15:52:48.162,200,200,-0.03,True
15:52:48.332,200,200,-0.03,True
15:52:48.445,200,200,-0.03,True
15:52:49.149,200,200,-0.03,True
15:52:49.429,200,200,-0.0288,True
15:52:49.624,200,200,-0.0288,True
15:52:49.955,200,200,-0.0288,True
15:52:50.135,200,200,-0.0288,True
15:52:50.311,200,200,-0.0288,True
15:52:50.489,200,200,-0.0288,True
15:52:50.670,200,200,4.969,True
15:52:58.930,200,200,4.969,True
15:52:59.288,200,200,5,True
15:52:59.467,200,200,5,True
15:52:59.545,200,200,5,True
15:52:59.722,200,200,5,True
15:52:59.901,200,200,5,True
15:53:00.079,200,200,5,True
15:53:00.259,200,200,5,True
15:53:00.436,200,200,5,True
15:53:00.614,200,200,5,True
15:53:00.755,200,200,5,True
15:53:01.495,200,200,5,True
15:53:01.750,200,200,5,True
15:53:01.928,200,200,5,True
15:53:02.074,10.006,15.994,0.268,True
15:53:02.252,10.006,15.994,0.268,True
15:53:02.507,10.006,15.994,0.268,True
15:53:02.685,10.006,15.994,0.268,True
15:53:02.831,10.006,15.994,0.268,True
15:53:03.625,10.006,15.994,0.268,True
15:53:03.845,10.006,15.994,0.273,True
15:53:04.025,10.006,15.994,0.273,True
15:53:04.281,10.006,15.994,0.273,True
15:53:04.459,10.006,15.994,0.273,True
15:53:04.636,10.006,15.994,0.273,True
15:53:04.815,10.006,15.994,0.273,True
15:53:04.992,10.006,15.994,0.273,True
15:53:05.170,10.006,15.994,0.273,True
15:53:05.329,10.006,15.994,0.273,True
15:53:06.126,10.006,15.994,0.273,True
15:53:06.325,10.006,15.994,0.273,True
15:53:06.538,10.006,15.994,0.273,True
15:53:06.796,73.312,16,0.216,True
15:53:06.969,73.312,16,0.216,True
15:53:07.147,73.312,16,0.216,True
15:53:07.327,73.312,16,0.216,True
15:53:07.472,73.312,16,0.216,True
15:53:08.263,73.312,16,0.216,True
15:53:08.486,73.312,16,0.215,True
15:53:08.665,73.312,16,0.215,True
15:53:08.919,73.312,16,0.215,True
15:53:09.100,73.312,16,0.215,True
15:53:09.276,73.312,16,0.215,True
15:53:09.454,73.312,16,0.215,True
15:53:09.632,73.312,16,0.215,True
15:53:09.810,73.312,16,0.215,True
15:53:09.975,73.312,16,0.215,True
15:53:10.771,73.312,16,0.215,True
15:53:11.026,73.312,16,0.215,True
15:53:11.204,73.312,16,0.215,True
15:53:11.373,136.65,16,0.115,True
15:53:11.530,136.65,16,0.115,True
15:53:11.785,136.65,16,0.115,True
15:53:11.963,136.65,16,0.115,True
15:53:12.137,136.65,16,0.115,True
15:53:12.933,136.65,16,0.115,True
15:53:13.154,136.65,16,0.117,True
15:53:13.333,136.65,16,0.117,True
15:53:13.588,136.65,16,0.117,True
15:53:13.766,136.65,16,0.117,True
15:53:13.943,136.65,16,0.117,True
15:53:14.124,136.65,16,0.117,True
15:53:14.299,136.65,16,0.117,True
15:53:14.477,136.65,16,0.117,True
15:53:14.653,136.65,16,0.117,True
15:53:15.449,136.65,16,0.117,True
15:53:15.704,136.65,16,0.117,True
15:53:15.882,136.65,16,0.117,True
15:53:16.051,199.975,16,0.108,True
15:53:16.438,199.975,16,0.108,True
15:53:16.660,199.975,16,0.108,True
15:53:16.841,199.975,16,0.108,True
15:53:17.579,199.975,16,0.108,True
15:53:17.825,199.975,16,0.1,True
15:53:17.982,199.975,16,0.1,True
15:53:18.237,199.975,16,0.1,True
15:53:18.414,199.975,16,0.1,True
15:53:18.593,199.975,16,0.1,True
15:53:18.770,199.975,16,0.1,True
15:53:18.950,199.975,16,0.1,True
15:53:19.127,199.975,16,0.1,True
15:53:19.300,199.975,16,0.1,True
15:53:19.412,199.975,16,0.1,True
15:53:20.114,199.975,16,0.1,True
15:53:20.370,199.975,16,0.1,True
15:53:20.547,199.975,16,0.1,True
15:53:20.719,263.312,16,0.106,True
15:53:20.876,263.312,16,0.106,True
15:53:21.131,263.312,16,0.106,True
15:53:21.284,263.312,16,0.106,True
15:53:21.453,263.312,16,0.106,True
15:53:21.565,263.312,16,0.106,True
15:53:22.265,263.312,16,0.106,True
15:53:22.487,263.312,16,0.106,True
15:53:22.666,263.312,16,0.106,True
15:53:22.921,263.312,16,0.106,True
15:53:23.099,263.312,16,0.106,True
15:53:23.252,263.312,16,0.106,True
15:53:23.430,263.312,16,0.106,True
15:53:23.609,263.312,16,0.106,True
15:53:23.786,263.312,16,0.106,True
15:53:23.961,263.312,16,0.106,True
15:53:24.072,263.312,16,0.106,True
15:53:24.776,263.312,16,0.106,True
15:53:25.030,263.312,16,0.106,True
15:53:25.208,263.312,16,0.106,True
15:53:25.379,326.638,16,0.127,True
15:53:25.513,326.638,16,0.127,True
15:53:25.768,326.638,16,0.127,True
15:53:25.946,326.638,16,0.127,True
15:53:26.111,326.638,16,0.127,True
15:53:26.221,326.638,16,0.127,True
15:53:26.951,326.638,16,0.127,True
15:53:27.150,326.638,16,0.134,True
15:53:27.408,326.638,16,0.134,True
15:53:27.661,326.638,16,0.134,True
15:53:27.839,326.638,16,0.134,True
15:53:28.017,326.638,16,0.134,True
15:53:28.194,326.638,16,0.134,True
15:53:28.375,326.638,16,0.134,True
15:53:28.552,326.638,16,0.134,True
15:53:28.708,326.638,16,0.134,True
15:53:29.396,326.638,16,0.134,True
15:53:29.650,326.638,16,0.134,True
15:53:29.831,326.638,16,0.134,True
15:53:29.997,389.962,16,0.271,True
15:53:30.278,389.962,16,0.271,True
15:53:30.455,389.962,16,0.271,True
15:53:30.634,389.962,16,0.271,True
15:53:30.783,389.962,16,0.271,True
15:53:31.579,389.962,16,0.271,True
15:53:31.801,389.962,16,0.27,True
15:53:31.979,389.962,16,0.27,True
15:53:32.234,389.962,16,0.27,True
15:53:32.412,389.962,16,0.27,True
15:53:32.590,389.962,16,0.27,True
15:53:32.768,389.962,16,0.27,True
15:53:32.946,389.962,16,0.27,True
15:53:33.124,389.962,16,0.27,True
15:53:33.273,389.962,16,0.27,True
15:53:34.061,389.962,16,0.27,True
15:53:34.319,389.962,16,0.27,True
15:53:34.495,389.962,16,0.27,True
15:53:34.668,389.969,77.319,0.1,True
15:53:35.057,389.969,77.319,0.1,True
15:53:35.235,389.969,77.319,0.1,True
15:53:35.402,389.969,77.319,0.1,True
15:53:35.514,389.969,77.319,0.1,True
15:53:36.217,389.969,77.319,0.1,True
15:53:36.441,389.969,77.319,0.095,True
15:53:36.620,389.969,77.319,0.095,True
15:53:36.875,389.969,77.319,0.095,True
15:53:37.056,389.969,77.319,0.095,True
15:53:37.250,389.969,77.319,0.095,True
15:53:37.434,389.969,77.319,0.095,True
15:53:37.765,389.969,77.319,0.095,True
15:53:37.941,389.969,77.319,0.095,True
15:53:38.738,389.969,77.319,0.095,True
15:53:38.994,389.969,77.319,0.095,True
15:53:39.172,389.969,77.319,0.095,True
15:53:39.330,326.644,77.331,-0.035,True
15:53:39.613,326.644,77.331,-0.035,True
15:53:39.790,326.644,77.331,-0.035,True
15:53:39.944,326.644,77.331,-0.035,True
15:53:40.114,326.644,77.331,-0.035,True
15:53:40.908,326.644,77.331,-0.035,True
15:53:41.130,326.644,77.331,-0.03,True
15:53:41.308,326.644,77.331,-0.03,True
15:53:41.563,326.644,77.331,-0.03,True
15:53:41.741,326.644,77.331,-0.03,True
15:53:41.919,326.644,77.331,-0.03,True
15:53:42.097,326.644,77.331,-0.03,True
15:53:42.276,326.644,77.331,-0.03,True
15:53:42.453,326.644,77.331,-0.03,True
15:53:42.617,326.644,77.331,-0.03,True
15:53:42.728,326.644,77.331,-0.03,True
15:53:43.429,326.644,77.331,-0.03,True
15:53:43.684,326.644,77.331,-0.03,True
15:53:43.862,326.644,77.331,-0.03,True
15:53:44.020,263.306,77.331,-0.0162,True
15:53:44.302,263.306,77.331,-0.0162,True
15:53:44.480,263.306,77.331,-0.0162,True
15:53:44.658,263.306,77.331,-0.0162,True
15:53:44.805,263.306,77.331,-0.0162,True
15:53:45.595,263.306,77.331,-0.0162,True
15:53:45.818,263.306,77.331,-0.0312,True
15:53:45.996,263.306,77.331,-0.0312,True
15:53:46.250,263.306,77.331,-0.0312,True
15:53:46.428,263.306,77.331,-0.0312,True
15:53:46.607,263.306,77.331,-0.0312,True
15:53:46.785,263.306,77.331,-0.0312,True
15:53:46.963,263.306,77.331,-0.0312,True
15:53:47.116,263.306,77.331,-0.0312,True
15:53:47.298,263.306,77.331,-0.0312,True
15:53:47.471,263.306,77.331,-0.0312,True
15:53:48.084,263.306,77.331,-0.0312,True
15:53:48.342,263.306,77.331,-0.0312,True
15:53:48.520,263.306,77.331,-0.0312,True
15:53:48.673,199.981,77.331,-0.01,True
15:53:48.957,199.981,77.331,-0.01,True
15:53:49.134,199.981,77.331,-0.01,True
15:53:49.311,199.981,77.331,-0.01,True
15:53:49.461,199.981,77.331,-0.01,True
15:53:50.258,199.981,77.331,-0.01,True
15:53:50.481,199.981,77.331,-0.03,True
15:53:50.660,199.981,77.331,-0.03,True
15:53:50.915,199.981,77.331,-0.03,True
15:53:51.093,199.981,77.331,-0.03,True
15:53:51.271,199.981,77.331,-0.03,True
15:53:51.450,199.981,77.331,-0.03,True
15:53:51.627,199.981,77.331,-0.03,True
15:53:51.805,199.981,77.331,-0.03,True
15:53:51.966,199.981,77.331,-0.03,True
15:53:52.075,199.981,77.331,-0.03,True
15:53:52.784,199.981,77.331,-0.03,True
15:53:53.038,199.981,77.331,-0.03,True
15:53:53.216,199.981,77.331,-0.03,True
15:53:53.374,136.65,77.325,-0.01,True
15:53:53.655,136.65,77.325,-0.01,True
15:53:53.833,136.65,77.325,-0.01,True
15:53:54.010,136.65,77.325,-0.01,True
15:53:54.159,136.65,77.325,-0.01,True
15:53:54.946,136.65,77.325,-0.01,True
15:53:55.171,136.65,77.325,-0.025,True
15:53:55.301,136.65,77.325,-0.025,True
15:53:55.556,136.65,77.325,-0.025,True
15:53:55.733,136.65,77.325,-0.025,True
15:53:55.911,136.65,77.325,-0.025,True
15:53:56.088,136.65,77.325,-0.025,True
15:53:56.267,136.65,77.325,-0.025,True
15:53:56.445,136.65,77.325,-0.025,True
15:53:56.625,136.65,77.325,-0.025,True
15:53:56.740,136.65,77.325,-0.025,True
15:53:57.472,136.65,77.325,-0.025,True
15:53:57.663,136.65,77.325,-0.025,True
15:53:57.996,136.65,77.325,-0.025,True
15:53:58.261,73.325,77.325,0.0625,True
15:53:58.515,73.325,77.325,0.0625,True
15:53:58.692,73.325,77.325,0.0625,True
15:53:58.837,73.325,77.325,0.0625,True
15:53:59.625,73.325,77.325,0.0625,True
15:53:59.849,73.325,77.325,0.05,True
15:54:00.005,73.325,77.325,0.05,True
15:54:00.260,73.325,77.325,0.05,True
15:54:00.440,73.325,77.325,0.05,True
15:54:00.617,73.325,77.325,0.05,True
15:54:00.795,73.325,77.325,0.05,True
15:54:00.973,73.325,77.325,0.05,True
15:54:01.151,73.325,77.325,0.05,True
15:54:01.326,73.325,77.325,0.05,True
15:54:01.438,73.325,77.325,0.05,True
15:54:02.141,73.325,77.325,0.05,True
15:54:02.395,73.325,77.325,0.05,True
15:54:02.574,73.325,77.325,0.05,True
15:54:02.745,10,77.325,0.117,True
15:54:02.884,10,77.325,0.117,True
15:54:03.134,10,77.325,0.117,True
15:54:03.312,10,77.325,0.117,True
15:54:03.477,10,77.325,0.117,True
15:54:03.589,10,77.325,0.117,True
15:54:04.292,10,77.325,0.117,True
15:54:04.515,10,77.325,0.112,True
15:54:04.696,10,77.325,0.112,True
15:54:04.951,10,77.325,0.112,True
15:54:05.104,10,77.325,0.112,True
15:54:05.282,10,77.325,0.112,True
15:54:05.460,10,77.325,0.112,True
15:54:05.638,10,77.325,0.112,True
15:54:05.816,10,77.325,0.112,True
15:54:05.977,10,77.325,0.112,True
15:54:06.089,10,77.325,0.112,True
15:54:06.791,10,77.325,0.112,True
15:54:07.046,10,77.325,0.112,True
15:54:07.224,10,77.325,0.112,True
15:54:07.381,9.994,138.644,0.01,True
15:54:07.662,9.994,138.644,0.01,True
15:54:07.840,9.994,138.644,0.01,True
15:54:07.953,9.994,138.644,0.01,True
15:54:08.283,9.994,138.644,0.01,True
15:54:08.869,9.994,138.644,0.01,True
15:54:09.116,9.994,138.644,0.005,True
15:54:09.271,9.994,138.644,0.005,True
15:54:09.527,9.994,138.644,0.005,True
15:54:09.705,9.994,138.644,0.005,True
15:54:09.883,9.994,138.644,0.005,True
15:54:10.061,9.994,138.644,0.005,True
15:54:10.238,9.994,138.644,0.005,True
15:54:10.417,9.994,138.644,0.005,True
15:54:10.595,9.994,138.644,0.005,True
15:54:10.710,9.994,138.644,0.005,True
15:54:11.419,9.994,138.644,0.005,True
15:54:11.674,9.994,138.644,0.005,True
15:54:11.852,9.994,138.644,0.005,True
15:54:12.012,73.325,138.663,-0.0225,True
15:54:12.294,73.325,138.663,-0.0225,True
15:54:12.472,73.325,138.663,-0.0225,True
15:54:12.651,73.325,138.663,-0.0225,True
15:54:12.796,73.325,138.663,-0.0225,True
15:54:13.588,73.325,138.663,-0.0225,True
15:54:13.810,73.325,138.663,-0.0113,True
15:54:13.989,73.325,138.663,-0.0113,True
15:54:14.244,73.325,138.663,-0.0113,True
15:54:14.422,73.325,138.663,-0.0113,True
15:54:14.601,73.325,138.663,-0.0113,True
15:54:14.778,73.325,138.663,-0.0113,True
15:54:14.956,73.325,138.663,-0.0113,True
15:54:15.134,73.325,138.663,-0.0113,True
15:54:15.293,73.325,138.663,-0.0113,True
15:54:15.405,73.325,138.663,-0.0113,True
15:54:16.109,73.325,138.663,-0.0113,True
15:54:16.364,73.325,138.663,-0.0113,True
15:54:16.543,73.325,138.663,-0.0113,True
15:54:16.697,136.656,138.656,-0.0875,True
15:54:16.992,136.656,138.656,-0.0875,True
15:54:17.170,136.656,138.656,-0.0875,True
15:54:17.347,136.656,138.656,-0.0875,True
15:54:17.498,136.656,138.656,-0.0875,True
15:54:18.251,136.656,138.656,-0.0875,True
15:54:18.531,136.656,138.656,-0.0812,True
15:54:18.788,136.656,138.656,-0.0812,True
15:54:19.041,136.656,138.656,-0.0812,True
15:54:19.221,136.656,138.656,-0.0812,True
15:54:19.399,136.656,138.656,-0.0812,True
15:54:19.577,136.656,138.656,-0.0812,True
15:54:19.754,136.656,138.656,-0.0812,True
15:54:19.932,136.656,138.656,-0.0812,True
15:54:20.083,136.656,138.656,-0.0812,True
15:54:20.872,136.656,138.656,-0.0812,True
15:54:21.051,136.656,138.656,-0.0812,True
15:54:21.228,136.656,138.656,-0.0812,True
15:54:21.406,136.656,138.656,-0.0812,True
15:54:21.531,199.981,138.656,-0.0512,True
15:54:21.702,199.981,138.656,-0.0512,True
15:54:21.958,199.981,138.656,-0.0512,True
15:54:22.135,199.981,138.656,-0.0512,True
15:54:22.288,199.981,138.656,-0.0512,True
15:54:23.024,199.981,138.656,-0.0512,True
15:54:23.247,199.981,138.656,-0.07,True
15:54:23.426,199.981,138.656,-0.07,True
15:54:23.680,199.981,138.656,-0.07,True
15:54:23.858,199.981,138.656,-0.07,True
15:54:24.038,199.981,138.656,-0.07,True
15:54:24.215,199.981,138.656,-0.07,True
15:54:24.393,199.981,138.656,-0.07,True
15:54:24.572,199.981,138.656,-0.07,True
15:54:24.736,199.981,138.656,-0.07,True
15:54:24.848,199.981,138.656,-0.07,True
15:54:25.556,199.981,138.656,-0.07,True
15:54:25.812,199.981,138.656,-0.07,True
15:54:25.989,199.981,138.656,-0.07,True
15:54:26.155,263.306,138.656,-0.0825,True
15:54:26.437,263.306,138.656,-0.0825,True
15:54:26.615,263.306,138.656,-0.0825,True
15:54:26.792,263.306,138.656,-0.0825,True
15:54:26.940,263.306,138.656,-0.0825,True
15:54:27.734,263.306,138.656,-0.0825,True
15:54:27.955,263.306,138.656,-0.0938,True
15:54:28.088,263.306,138.656,-0.0938,True
15:54:28.343,263.306,138.656,-0.0938,True
15:54:28.451,263.306,138.656,-0.0938,True
15:54:28.645,263.306,138.656,-0.0938,True
15:54:28.830,263.306,138.656,-0.0938,True
15:54:29.162,263.306,138.656,-0.0938,True
15:54:29.343,263.306,138.656,-0.0938,True
15:54:29.477,263.306,138.656,-0.0938,True
15:54:30.266,263.306,138.656,-0.0938,True
15:54:30.521,263.306,138.656,-0.0938,True
15:54:30.699,263.306,138.656,-0.0938,True
15:54:30.877,326.631,138.656,-0.17,True
15:54:31.161,326.631,138.656,-0.17,True
15:54:31.339,326.631,138.656,-0.17,True
15:54:31.517,326.631,138.656,-0.17,True
15:54:31.666,326.631,138.656,-0.17,True
15:54:32.454,326.631,138.656,-0.17,True
15:54:32.676,326.631,138.656,-0.166,True
15:54:32.854,326.631,138.656,-0.166,True
15:54:33.111,326.631,138.656,-0.166,True
15:54:33.287,326.631,138.656,-0.166,True
15:54:33.465,326.631,138.656,-0.166,True
15:54:33.643,326.631,138.656,-0.166,True
15:54:33.821,326.631,138.656,-0.166,True
15:54:33.999,326.631,138.656,-0.166,True
15:54:34.174,326.631,138.656,-0.166,True
15:54:34.288,326.631,138.656,-0.166,True
15:54:34.989,326.631,138.656,-0.166,True
15:54:35.244,326.631,138.656,-0.166,True
15:54:35.422,326.631,138.656,-0.166,True
15:54:35.580,389.962,138.65,0.00125,True
15:54:35.860,389.962,138.65,0.00125,True
15:54:36.039,389.962,138.65,0.00125,True
15:54:36.217,389.962,138.65,0.00125,True
15:54:36.364,389.962,138.65,0.00125,True
15:54:37.154,389.962,138.65,0.00125,True
15:54:37.376,389.962,138.65,0.005,True
15:54:37.554,389.962,138.65,0.005,True
15:54:37.809,389.962,138.65,0.005,True
15:54:37.987,389.962,138.65,0.005,True
15:54:38.165,389.962,138.65,0.005,True
15:54:38.343,389.962,138.65,0.005,True
15:54:38.521,389.962,138.65,0.005,True
15:54:38.702,389.962,138.65,0.005,True
15:54:38.825,389.962,138.65,0.005,True
15:54:39.085,389.962,138.65,0.005,True
15:54:39.641,389.962,138.65,0.005,True
15:54:39.898,389.962,138.65,0.005,True
15:54:40.075,389.962,138.65,0.005,True
15:54:40.253,389.962,199.975,0.045,True
15:54:40.389,389.962,199.975,0.045,True
15:54:40.643,389.962,199.975,0.045,True
15:54:40.821,389.962,199.975,0.045,True
15:54:40.985,389.962,199.975,0.045,True
15:54:41.096,389.962,199.975,0.045,True
15:54:41.804,389.962,199.975,0.045,True
15:54:42.023,389.962,199.975,0.0463,True
15:54:42.202,389.962,199.975,0.0463,True
15:54:42.458,389.962,199.975,0.0463,True
15:54:42.635,389.962,199.975,0.0463,True
15:54:42.813,389.962,199.975,0.0463,True
15:54:42.991,389.962,199.975,0.0463,True
15:54:43.169,389.962,199.975,0.0463,True
15:54:43.347,389.962,199.975,0.0463,True
15:54:43.501,389.962,199.975,0.0463,True
15:54:43.612,389.962,199.975,0.0463,True
15:54:44.314,389.962,199.975,0.0463,True
15:54:44.571,389.962,199.975,0.0463,True
15:54:44.748,389.962,199.975,0.0463,True
15:54:44.911,326.638,199.988,-0.0437,True
15:54:45.195,326.638,199.988,-0.0437,True
15:54:45.370,326.638,199.988,-0.0437,True
15:54:45.550,326.638,199.988,-0.0437,True
15:54:45.704,326.638,199.988,-0.0437,True
15:54:46.488,326.638,199.988,-0.0437,True
15:54:46.713,326.638,199.988,-0.0562,True
15:54:46.892,326.638,199.988,-0.0562,True
15:54:47.147,326.638,199.988,-0.0562,True
15:54:47.325,326.638,199.988,-0.0562,True
15:54:47.503,326.638,199.988,-0.0562,True
15:54:47.681,326.638,199.988,-0.0562,True
15:54:47.859,326.638,199.988,-0.0562,True
15:54:48.037,326.638,199.988,-0.0562,True
15:54:48.201,326.638,199.988,-0.0562,True
15:54:48.315,326.638,199.988,-0.0562,True
15:54:48.993,326.638,199.988,-0.0562,True
15:54:49.187,326.638,199.988,-0.0562,True
15:54:49.373,326.638,199.988,-0.0562,True
15:54:49.669,263.306,199.981,-0.0312,True
15:54:49.845,263.306,199.981,-0.0312,True
15:54:50.101,263.306,199.981,-0.0312,True
15:54:50.278,263.306,199.981,-0.0312,True
15:54:50.427,263.306,199.981,-0.0312,True
15:54:51.217,263.306,199.981,-0.0312,True
15:54:51.382,263.306,199.981,-0.0312,True
15:54:51.663,263.306,199.981,-0.0312,True
15:54:51.840,263.306,199.981,-0.0312,True
15:54:52.018,263.306,199.981,-0.0312,True
15:54:52.196,263.306,199.981,-0.0312,True
15:54:52.375,263.306,199.981,-0.0312,True
15:54:52.553,263.306,199.981,-0.0312,True
15:54:52.732,263.306,199.981,-0.0312,True
15:54:52.895,263.306,199.981,-0.0312,True
15:54:53.005,263.306,199.981,-0.0312,True
15:54:53.708,263.306,199.981,-0.0312,True
15:54:53.963,263.306,199.981,-0.0312,True
15:54:54.140,263.306,199.981,-0.0312,True
15:54:54.303,199.981,199.981,-0.03,True
15:54:54.584,199.981,199.981,-0.03,True
15:54:54.762,199.981,199.981,-0.03,True
15:54:54.940,199.981,199.981,-0.03,True
15:54:55.087,199.981,199.981,-0.03,True
15:54:55.876,199.981,199.981,-0.03,True
15:54:56.097,199.981,199.981,-0.0225,True
15:54:56.251,199.981,199.981,-0.0225,True
15:54:56.506,199.981,199.981,-0.0225,True
15:54:56.684,199.981,199.981,-0.0225,True
15:54:56.862,199.981,199.981,-0.0225,True
15:54:57.040,199.981,199.981,-0.0225,True
15:54:57.219,199.981,199.981,-0.0225,True
15:54:57.397,199.981,199.981,-0.0225,True
15:54:57.575,199.981,199.981,-0.0225,True
15:54:57.687,199.981,199.981,-0.0225,True
15:54:58.399,199.981,199.981,-0.0225,True
15:54:58.654,199.981,199.981,-0.0225,True
15:54:58.832,199.981,199.981,-0.0225,True
15:54:58.995,136.656,199.981,-0.0175,True
15:54:59.277,136.656,199.981,-0.0175,True
15:54:59.501,136.656,199.981,-0.0175,True
15:54:59.716,136.656,199.981,-0.0175,True
15:55:00.013,136.656,199.981,-0.0175,True
15:55:00.474,136.656,199.981,-0.0175,True
15:55:00.729,136.656,199.981,-0.0175,True
15:55:00.852,136.656,199.981,-0.0312,True
15:55:01.023,136.656,199.981,-0.0312,True
15:55:01.278,136.656,199.981,-0.0312,True
15:55:01.456,136.656,199.981,-0.0312,True
15:55:01.636,136.656,199.981,-0.0312,True
15:55:01.812,136.656,199.981,-0.0312,True
15:55:01.990,136.656,199.981,-0.0312,True
15:55:02.168,136.656,199.981,-0.0312,True
15:55:02.311,136.656,199.981,-0.0312,True
15:55:03.100,136.656,199.981,-0.0312,True
15:55:03.355,136.656,199.981,-0.0312,True
15:55:03.532,136.656,199.981,-0.0312,True
15:55:03.686,73.331,199.981,0.0275,True
15:55:03.967,73.331,199.981,0.0275,True
15:55:04.145,73.331,199.981,0.0275,True
15:55:04.323,73.331,199.981,0.0275,True
15:55:04.473,73.331,199.981,0.0275,True
15:55:05.264,73.331,199.981,0.0275,True
15:55:05.484,73.331,199.981,0.0188,True
15:55:05.640,73.331,199.981,0.0188,True
15:55:05.895,73.331,199.981,0.0188,True
15:55:06.073,73.331,199.981,0.0188,True
15:55:06.252,73.331,199.981,0.0188,True
15:55:06.429,73.331,199.981,0.0188,True
15:55:06.607,73.331,199.981,0.0188,True
15:55:06.785,73.331,199.981,0.0188,True
15:55:06.964,73.331,199.981,0.0188,True
15:55:07.070,73.331,199.981,0.0188,True
15:55:07.790,73.331,199.981,0.0188,True
15:55:08.046,73.331,199.981,0.0188,True
15:55:08.224,73.331,199.981,0.0188,True
15:55:08.379,10,199.988,0.00375,True
15:55:08.661,10,199.988,0.00375,True
15:55:08.839,10,199.988,0.00375,True
15:55:08.993,10,199.988,0.00375,True
15:55:09.165,10,199.988,0.00375,True
15:55:09.987,10,199.988,0.00375,True
15:55:10.264,10,199.988,0.0025,True
15:55:10.435,10,199.988,0.0025,True
15:55:10.688,10,199.988,0.0025,True
15:55:10.866,10,199.988,0.0025,True
15:55:11.044,10,199.988,0.0025,True
15:55:11.222,10,199.988,0.0025,True
15:55:11.400,10,199.988,0.0025,True
15:55:11.578,10,199.988,0.0025,True
15:55:11.709,10,199.988,0.0025,True
15:55:12.499,10,199.988,0.0025,True
15:55:12.756,10,199.988,0.0025,True
15:55:12.934,10,199.988,0.0025,True
15:55:13.098,9.994,261.306,0.156,True
15:55:13.233,9.994,261.306,0.156,True
15:55:13.488,9.994,261.306,0.156,True
15:55:13.666,9.994,261.306,0.156,True
15:55:13.834,9.994,261.306,0.156,True
15:55:13.943,9.994,261.306,0.156,True
15:55:14.628,9.994,261.306,0.156,True
15:55:14.877,9.994,261.306,0.15,True
15:55:15.012,9.994,261.306,0.15,True
15:55:15.266,9.994,261.306,0.15,True
15:55:15.444,9.994,261.306,0.15,True
15:55:15.624,9.994,261.306,0.15,True
15:55:15.800,9.994,261.306,0.15,True
15:55:15.978,9.994,261.306,0.15,True
15:55:16.156,9.994,261.306,0.15,True
15:55:16.333,9.994,261.306,0.15,True
15:55:16.444,9.994,261.306,0.15,True
15:55:17.165,9.994,261.306,0.15,True
15:55:17.420,9.994,261.306,0.15,True
15:55:17.598,9.994,261.306,0.15,True
15:55:17.771,73.319,261.319,0.0938,True
15:55:18.163,73.319,261.319,0.0938,True
15:55:18.341,73.319,261.319,0.0938,True
15:55:18.504,73.319,261.319,0.0938,True
15:55:18.618,73.319,261.319,0.0938,True
15:55:19.322,73.319,261.319,0.0938,True
15:55:19.544,73.319,261.319,0.101,True
15:55:19.673,73.319,261.319,0.101,True
15:55:19.906,73.319,261.319,0.101,True
15:55:20.095,73.319,261.319,0.101,True
15:55:20.281,73.319,261.319,0.101,True
15:55:20.612,73.319,261.319,0.101,True
15:55:20.792,73.319,261.319,0.101,True
15:55:20.944,73.319,261.319,0.101,True
15:55:21.098,73.319,261.319,0.101,True
15:55:21.832,73.319,261.319,0.101,True
15:55:22.089,73.319,261.319,0.101,True
15:55:22.264,73.319,261.319,0.101,True
15:55:22.417,136.656,261.306,0.0525,True
15:55:22.700,136.656,261.306,0.0525,True
15:55:22.878,136.656,261.306,0.0525,True
15:55:23.055,136.656,261.306,0.0525,True
15:55:23.203,136.656,261.306,0.0525,True
15:55:23.992,136.656,261.306,0.0525,True
15:55:24.212,136.656,261.306,0.065,True
15:55:24.393,136.656,261.306,0.065,True
15:55:24.649,136.656,261.306,0.065,True
15:55:24.825,136.656,261.306,0.065,True
15:55:25.003,136.656,261.306,0.065,True
15:55:25.181,136.656,261.306,0.065,True
15:55:25.359,136.656,261.306,0.065,True
15:55:25.537,136.656,261.306,0.065,True
15:55:25.690,136.656,261.306,0.065,True
15:55:26.513,136.656,261.306,0.065,True
15:55:26.767,136.656,261.306,0.065,True
15:55:26.946,136.656,261.306,0.065,True
15:55:27.121,199.981,261.306,0.0775,True
15:55:27.254,199.981,261.306,0.0775,True
15:55:27.510,199.981,261.306,0.0775,True
15:55:27.688,199.981,261.306,0.0775,True
15:55:27.853,199.981,261.306,0.0775,True
15:55:27.965,199.981,261.306,0.0775,True
15:55:28.668,199.981,261.306,0.0775,True
15:55:28.892,199.981,261.306,0.075,True
15:55:29.072,199.981,261.306,0.075,True
15:55:29.327,199.981,261.306,0.075,True
15:55:29.505,199.981,261.306,0.075,True
15:55:29.683,199.981,261.306,0.075,True
15:55:29.861,199.981,261.306,0.075,True
15:55:30.039,199.981,261.306,0.075,True
15:55:30.195,199.981,261.306,0.075,True
15:55:30.368,199.981,261.306,0.075,True
15:55:30.559,199.981,261.306,0.075,True
15:55:32.726,199.981,261.306,0.075,True
15:55:32.982,199.981,261.306,0.075,True
15:55:33.160,199.981,261.306,0.075,True
15:55:33.338,263.3,261.312,0.0463,True
15:55:33.638,263.3,261.312,0.0463,True
15:55:33.816,263.3,261.312,0.0463,True
15:55:33.994,263.3,261.312,0.0463,True
15:55:34.141,263.3,261.312,0.0463,True
15:55:34.930,263.3,261.312,0.0463,True
15:55:35.152,263.3,261.312,0.045,True
15:55:35.329,263.3,261.312,0.045,True
15:55:35.584,263.3,261.312,0.045,True
15:55:35.762,263.3,261.312,0.045,True
15:55:35.940,263.3,261.312,0.045,True
15:55:36.120,263.3,261.312,0.045,True
15:55:36.296,263.3,261.312,0.045,True
15:55:36.474,263.3,261.312,0.045,True
15:55:36.628,263.3,261.312,0.045,True
15:55:36.739,263.3,261.312,0.045,True
15:55:37.442,263.3,261.312,0.045,True
15:55:37.697,263.3,261.312,0.045,True
15:55:37.875,263.3,261.312,0.045,True
15:55:38.033,326.638,261.312,0.00125,True
15:55:38.314,326.638,261.312,0.00125,True
15:55:38.492,326.638,261.312,0.00125,True
15:55:38.670,326.638,261.312,0.00125,True
15:55:38.817,326.638,261.312,0.00125,True
15:55:39.606,326.638,261.312,0.00125,True
15:55:39.827,326.638,261.312,0.0188,True
15:55:40.004,326.638,261.312,0.0188,True
15:55:40.259,326.638,261.312,0.0188,True
15:55:40.439,326.638,261.312,0.0188,True
15:55:40.656,326.638,261.312,0.0188,True
15:55:40.873,326.638,261.312,0.0188,True
15:55:41.205,326.638,261.312,0.0188,True
15:55:41.335,326.638,261.312,0.0188,True
15:55:42.121,326.638,261.312,0.0188,True
15:55:42.377,326.638,261.312,0.0188,True
15:55:42.555,326.638,261.312,0.0188,True
15:55:42.695,389.963,261.312,0.136,True
15:55:42.976,389.963,261.312,0.136,True
15:55:43.157,389.963,261.312,0.136,True
15:55:43.332,389.963,261.312,0.136,True
15:55:43.480,389.963,261.312,0.136,True
15:55:44.269,389.963,261.312,0.136,True
15:55:44.493,389.963,261.312,0.127,True
15:55:44.672,389.963,261.312,0.127,True
15:55:44.931,389.963,261.312,0.127,True
15:55:45.106,389.963,261.312,0.127,True
15:55:45.284,389.963,261.312,0.127,True
15:55:45.462,389.963,261.312,0.127,True
15:55:45.641,389.963,261.312,0.127,True
15:55:45.819,389.963,261.312,0.127,True
15:55:45.983,389.963,261.312,0.127,True
15:55:46.779,389.963,261.312,0.127,True
15:55:47.034,389.963,261.312,0.127,True
15:55:47.212,389.963,261.312,0.127,True
15:55:47.358,389.975,322.625,0.287,True
15:55:47.537,389.975,322.625,0.287,True
15:55:47.793,389.975,322.625,0.287,True
15:55:47.972,389.975,322.625,0.287,True
15:55:48.116,389.975,322.625,0.287,True
15:55:48.908,389.975,322.625,0.287,True
15:55:49.128,389.975,322.625,0.284,True
15:55:49.307,389.975,322.625,0.284,True
15:55:49.562,389.975,322.625,0.284,True
15:55:49.743,389.975,322.625,0.284,True
15:55:49.918,389.975,322.625,0.284,True
15:55:50.096,389.975,322.625,0.284,True
15:55:50.274,389.975,322.625,0.284,True
15:55:50.452,389.975,322.625,0.284,True
15:55:50.610,389.975,322.625,0.284,True
15:55:51.407,389.975,322.625,0.284,True
15:55:51.638,389.975,322.625,0.284,True
15:55:51.815,389.975,322.625,0.284,True
15:55:51.979,326.644,322.644,0.116,True
15:55:52.261,326.644,322.644,0.116,True
15:55:52.439,326.644,322.644,0.116,True
15:55:52.617,326.644,322.644,0.116,True
15:55:52.765,326.644,322.644,0.116,True
15:55:53.558,326.644,322.644,0.116,True
15:55:53.779,326.644,322.644,0.12,True
15:55:53.958,326.644,322.644,0.12,True
15:55:54.212,326.644,322.644,0.12,True
15:55:54.391,326.644,322.644,0.12,True
15:55:54.569,326.644,322.644,0.12,True
15:55:54.747,326.644,322.644,0.12,True
15:55:54.925,326.644,322.644,0.12,True
15:55:55.103,326.644,322.644,0.12,True
15:55:55.277,326.644,322.644,0.12,True
15:55:56.069,326.644,322.644,0.12,True
15:55:56.324,326.644,322.644,0.12,True
15:55:56.502,326.644,322.644,0.12,True
15:55:56.669,263.312,322.638,0.142,True
15:55:57.059,263.312,322.638,0.142,True
15:55:57.237,263.312,322.638,0.142,True
15:55:57.401,263.312,322.638,0.142,True
15:55:57.513,263.312,322.638,0.142,True
15:55:58.216,263.312,322.638,0.142,True
15:55:58.440,263.312,322.638,0.146,True
15:55:58.596,263.312,322.638,0.146,True
15:55:58.850,263.312,322.638,0.146,True
15:55:59.028,263.312,322.638,0.146,True
15:55:59.206,263.312,322.638,0.146,True
15:55:59.384,263.312,322.638,0.146,True
15:55:59.562,263.312,322.638,0.146,True
15:55:59.740,263.312,322.638,0.146,True
15:55:59.908,263.312,322.638,0.146,True
15:56:00.021,263.312,322.638,0.146,True
15:56:00.724,263.312,322.638,0.146,True
15:56:00.980,263.312,322.638,0.146,True
15:56:01.114,263.312,322.638,0.146,True
15:56:01.289,199.981,322.631,0.206,True
15:56:01.481,199.981,322.631,0.206,True
15:56:01.812,199.981,322.631,0.206,True
15:56:01.991,199.981,322.631,0.206,True
15:56:02.104,199.981,322.631,0.206,True
15:56:02.807,199.981,322.631,0.206,True
15:56:03.032,199.981,322.631,0.192,True
15:56:03.211,199.981,322.631,0.192,True
15:56:03.467,199.981,322.631,0.192,True
15:56:03.646,199.981,322.631,0.192,True
15:56:03.822,199.981,322.631,0.192,True
15:56:04.000,199.981,322.631,0.192,True
15:56:04.179,199.981,322.631,0.192,True
15:56:04.355,199.981,322.631,0.192,True
15:56:04.495,199.981,322.631,0.192,True
15:56:04.606,199.981,322.631,0.192,True
15:56:05.309,199.981,322.631,0.192,True
15:56:05.564,199.981,322.631,0.192,True
15:56:05.742,199.981,322.631,0.192,True
15:56:05.901,136.65,322.638,0.207,True
15:56:06.035,136.65,322.638,0.207,True
15:56:06.290,136.65,322.638,0.207,True
15:56:06.468,136.65,322.638,0.207,True
15:56:06.634,136.65,322.638,0.207,True
15:56:06.745,136.65,322.638,0.207,True
15:56:07.449,136.65,322.638,0.207,True
15:56:07.673,136.65,322.638,0.191,True
15:56:07.852,136.65,322.638,0.191,True
15:56:08.106,136.65,322.638,0.191,True
15:56:08.285,136.65,322.638,0.191,True
15:56:08.462,136.65,322.638,0.191,True
15:56:08.641,136.65,322.638,0.191,True
15:56:08.818,136.65,322.638,0.191,True
15:56:08.996,136.65,322.638,0.191,True
15:56:09.164,136.65,322.638,0.191,True
15:56:09.958,136.65,322.638,0.191,True
15:56:10.214,136.65,322.638,0.191,True
15:56:10.388,136.65,322.638,0.191,True
15:56:10.545,73.325,322.638,0.257,True
15:56:10.702,73.325,322.638,0.257,True
15:56:10.958,73.325,322.638,0.257,True
15:56:11.135,73.325,322.638,0.257,True
15:56:11.306,73.325,322.638,0.257,True
15:56:12.103,73.325,322.638,0.257,True
15:56:12.323,73.325,322.638,0.265,True
15:56:12.501,73.325,322.638,0.265,True
15:56:12.756,73.325,322.638,0.265,True
15:56:12.935,73.325,322.638,0.265,True
15:56:13.113,73.325,322.638,0.265,True
15:56:13.292,73.325,322.638,0.265,True
15:56:13.470,73.325,322.638,0.265,True
15:56:13.648,73.325,322.638,0.265,True
15:56:13.806,73.325,322.638,0.265,True
15:56:14.603,73.325,322.638,0.265,True
15:56:14.858,73.325,322.638,0.265,True
15:56:15.036,73.325,322.638,0.265,True
15:56:15.167,10,322.638,0.376,True
15:56:15.554,10,322.638,0.376,True
15:56:15.732,10,322.638,0.376,True
15:56:15.897,10,322.638,0.376,True
15:56:16.009,10,322.638,0.376,True
15:56:16.711,10,322.638,0.376,True
15:56:16.933,10,322.638,0.381,True
15:56:17.112,10,322.638,0.381,True
15:56:17.367,10,322.638,0.381,True
15:56:17.544,10,322.638,0.381,True
15:56:17.724,10,322.638,0.381,True
15:56:17.901,10,322.638,0.381,True
15:56:18.079,10,322.638,0.381,True
15:56:18.257,10,322.638,0.381,True
15:56:18.398,10,322.638,0.381,True
15:56:19.185,10,322.638,0.381,True
15:56:19.440,10,322.638,0.381,True
15:56:19.618,10,322.638,0.381,True
15:56:19.757,9.994,383.956,0.551,True
15:56:19.935,9.994,383.956,0.551,True
15:56:20.191,9.994,383.956,0.551,True
15:56:20.368,9.994,383.956,0.551,True
15:56:20.517,9.994,383.956,0.551,True
15:56:21.142,9.994,383.956,0.551,True
15:56:21.308,9.994,383.956,0.551,True
15:56:21.474,9.994,383.956,0.553,True
15:56:21.746,9.994,383.956,0.553,True
15:56:22.007,9.994,383.956,0.553,True
15:56:22.338,9.994,383.956,0.553,True
15:56:22.516,9.994,383.956,0.553,True
15:56:22.694,9.994,383.956,0.553,True
15:56:22.873,9.994,383.956,0.553,True
15:56:23.009,9.994,383.956,0.553,True
15:56:23.723,9.994,383.956,0.553,True
15:56:23.978,9.994,383.956,0.553,True
15:56:24.156,9.994,383.956,0.553,True
15:56:24.299,73.319,383.969,0.499,True
15:56:24.475,73.319,383.969,0.499,True
15:56:24.730,73.319,383.969,0.499,True
15:56:24.908,73.319,383.969,0.499,True
15:56:25.054,73.319,383.969,0.499,True
15:56:25.843,73.319,383.969,0.499,True
15:56:26.067,73.319,383.969,0.507,True
15:56:26.244,73.319,383.969,0.507,True
15:56:26.499,73.319,383.969,0.507,True
15:56:26.677,73.319,383.969,0.507,True
15:56:26.855,73.319,383.969,0.507,True
15:56:27.033,73.319,383.969,0.507,True
15:56:27.211,73.319,383.969,0.507,True
15:56:27.389,73.319,383.969,0.507,True
15:56:27.523,73.319,383.969,0.507,True
15:56:28.314,73.319,383.969,0.507,True
15:56:28.569,73.319,383.969,0.507,True
15:56:28.747,73.319,383.969,0.507,True
15:56:28.885,136.65,383.962,0.373,True
15:56:29.042,136.65,383.962,0.373,True
15:56:29.297,136.65,383.962,0.373,True
15:56:29.475,136.65,383.962,0.373,True
15:56:29.645,136.65,383.962,0.373,True
15:56:30.439,136.65,383.962,0.373,True
15:56:30.662,136.65,383.962,0.373,True
15:56:30.841,136.65,383.962,0.373,True
15:56:31.095,136.65,383.962,0.373,True
15:56:31.248,136.65,383.962,0.373,True
15:56:31.426,136.65,383.962,0.373,True
15:56:31.604,136.65,383.962,0.373,True
15:56:31.782,136.65,383.962,0.373,True
15:56:31.938,136.65,383.962,0.373,True
15:56:32.107,136.65,383.962,0.373,True
15:56:32.298,136.65,383.962,0.373,True
15:56:32.882,136.65,383.962,0.373,True
15:56:33.113,136.65,383.962,0.373,True
15:56:33.292,136.65,383.962,0.373,True
15:56:33.461,199.981,383.969,0.295,True
15:56:33.618,199.981,383.969,0.295,True
15:56:33.873,199.981,383.969,0.295,True
15:56:34.051,199.981,383.969,0.295,True
15:56:34.222,199.981,383.969,0.295,True
15:56:35.017,199.981,383.969,0.295,True
15:56:35.238,199.981,383.969,0.294,True
15:56:35.416,199.981,383.969,0.294,True
15:56:35.672,199.981,383.969,0.294,True
15:56:35.849,199.981,383.969,0.294,True
15:56:36.027,199.981,383.969,0.294,True
15:56:36.180,199.981,383.969,0.294,True
15:56:36.358,199.981,383.969,0.294,True
15:56:36.537,199.981,383.969,0.294,True
15:56:36.691,199.981,383.969,0.294,True
15:56:36.801,199.981,383.969,0.294,True
15:56:37.506,199.981,383.969,0.294,True
15:56:37.762,199.981,383.969,0.294,True
15:56:37.940,199.981,383.969,0.294,True
15:56:38.088,263.306,383.956,0.271,True
15:56:38.267,263.306,383.956,0.271,True
15:56:38.524,263.306,383.956,0.271,True
15:56:38.700,263.306,383.956,0.271,True
15:56:38.847,263.306,383.956,0.271,True
15:56:39.635,263.306,383.956,0.271,True
15:56:39.856,263.306,383.956,0.276,True
15:56:40.034,263.306,383.956,0.276,True
15:56:40.290,263.306,383.956,0.276,True
15:56:40.467,263.306,383.956,0.276,True
15:56:40.646,263.306,383.956,0.276,True
15:56:40.824,263.306,383.956,0.276,True
15:56:41.002,263.306,383.956,0.276,True
15:56:41.181,263.306,383.956,0.276,True
15:56:41.341,263.306,383.956,0.276,True
15:56:42.138,263.306,383.956,0.276,True
15:56:42.383,263.306,383.956,0.276,True
15:56:42.596,263.306,383.956,0.276,True
15:56:42.893,326.637,383.962,0.298,True
15:56:43.148,326.637,383.962,0.298,True
15:56:43.325,326.637,383.962,0.298,True
15:56:43.471,326.637,383.962,0.298,True
15:56:44.262,326.637,383.962,0.298,True
15:56:44.484,326.637,383.962,0.29,True
15:56:44.664,326.637,383.962,0.29,True
15:56:44.919,326.637,383.962,0.29,True
15:56:45.098,326.637,383.962,0.29,True
15:56:45.275,326.637,383.962,0.29,True
15:56:45.454,326.637,383.962,0.29,True
15:56:45.631,326.637,383.962,0.29,True
15:56:45.810,326.637,383.962,0.29,True
15:56:45.966,326.637,383.962,0.29,True
15:56:46.763,326.637,383.962,0.29,True
15:56:47.018,326.637,383.962,0.29,True
15:56:47.198,326.637,383.962,0.29,True
15:56:47.330,389.962,383.962,0.36,True
15:56:47.485,389.962,383.962,0.36,True
15:56:47.739,389.962,383.962,0.36,True
15:56:47.918,389.962,383.962,0.36,True
15:56:48.087,389.962,383.962,0.36,True
15:56:48.883,389.962,383.962,0.36,True
15:56:49.103,389.962,383.962,0.359,True
15:56:49.256,389.962,383.962,0.359,True
15:56:49.511,389.962,383.962,0.359,True
15:56:49.689,389.962,383.962,0.359,True
15:56:49.867,389.962,383.962,0.359,True
15:56:50.044,389.962,383.962,0.359,True
15:56:50.187,389.962,383.962,0.359,True
15:56:50.344,389.962,383.962,4.97,True
15:56:50.499,389.962,383.962,4.97,True
