14:12:00.482,None,None,None,False
14:12:00.483,200,200,230,False
14:12:06.863,200,200,229.984,False
14:12:07.172,200,200,229.984,False
14:12:07.349,200,200,229.984,False
14:12:07.613,200,200,229.984,False
14:12:07.810,200,200,229.984,False
14:12:07.994,200,200,234.982,False
14:12:08.224,200,200,234.982,False
14:12:08.556,200,200,234.982,False
14:12:08.736,200,200,234.982,False
14:12:08.915,200,200,234.982,False
14:12:09.095,200,200,234.982,False
14:12:09.270,200,200,234.982,False
14:12:09.450,200,200,234.982,False
14:12:09.628,200,200,234.982,False
14:12:09.806,200,200,234.982,False
14:12:09.984,200,200,234.982,False
14:12:10.162,-0.025,200,234.982,False
14:12:10.341,5,200,234.982,False
14:12:10.420,5,200,234.982,False
14:12:10.597,5,200,234.982,False
14:12:10.777,5,200,234.982,False
14:12:10.956,0,200,234.982,False
14:12:10.992,0,200,234.982,False
14:12:11.164,0,200,234.982,False
14:12:11.488,0,200,234.982,False
14:12:11.669,0,200,234.982,False
14:12:11.844,0,200,234.982,False
14:12:12.025,0,200,234.982,False
14:12:12.202,0,200,234.982,False
14:12:12.380,0,200,234.982,False
14:12:12.556,0,200,234.982,False
14:12:12.737,0,200,234.982,False
14:12:12.915,0,200,234.982,False
14:12:13.092,0,-0.025,234.982,False
14:12:13.271,0,5,234.982,False
14:12:13.348,0,5,234.982,False
14:12:13.530,0,5,234.982,False
14:12:13.705,0,5,234.982,False
14:12:13.882,0,0,234.982,False
14:12:14.103,0,0,234.982,False
14:12:14.265,200,200,234.982,False
14:12:14.523,200,200,234.982,False
14:12:14.699,200,200,234.982,False
14:12:14.875,200,200,234.982,False
14:12:15.028,200,200,234.982,False
14:12:15.206,200,200,234.982,False
14:12:15.384,200,200,234.982,False
14:12:15.562,200,200,234.982,False
14:12:15.740,200,200,234.982,False
14:12:15.919,200,200,234.982,False
14:12:16.096,200,200,234.982,False
14:12:16.275,200,200,234.982,False
14:12:16.452,200,200,234.982,False
14:12:16.630,200,200,234.982,False
14:12:16.808,200,200,234.982,False
14:12:16.986,200,200,234.982,False
14:12:17.107,200,200,234.982,False
14:12:17.838,200,200,234.982,False
14:12:18.087,200,200,234.982,False
14:12:18.303,200,200,234.982,False
14:12:18.709,200,200,234.982,False
14:12:18.890,200,200,234.982,False
14:12:19.065,200,200,234.982,False
14:12:19.243,200,200,234.982,False
14:12:19.421,200,200,234.982,False
14:12:19.599,200,200,234.982,False
14:12:19.777,200,200,234.982,False
14:12:19.955,200,200,234.982,False
14:12:20.133,200,200,234.982,False
14:12:20.311,200,200,234.982,False
14:12:20.489,200,200,234.982,False
14:12:20.668,200,200,234.982,False
14:12:20.845,200,200,234.982,False
14:12:21.024,200,200,234.982,False
14:12:21.202,200,200,234.982,False
14:12:21.380,200,200,234.982,False
14:12:21.558,200,200,234.982,False
14:12:21.736,200,200,234.982,False
14:12:21.914,200,200,234.982,False
14:12:22.092,200,200,234.982,False
14:12:22.271,200,200,234.982,False
14:12:22.449,200,200,234.982,False
14:12:22.627,200,200,234.982,False
14:12:22.808,200,200,234.982,False
14:12:22.984,200,200,234.982,False
14:12:23.161,200,200,234.982,False
14:12:23.339,200,200,234.982,False
14:12:23.518,200,200,234.982,False
14:12:23.696,200,200,234.982,False
14:12:23.873,200,200,234.982,False
14:12:24.052,200,200,234.982,False
14:12:24.230,200,200,234.982,False
14:12:24.407,200,200,234.982,False
14:12:24.585,200,200,234.982,False
14:12:24.763,200,200,234.982,False
14:12:24.941,200,200,234.982,False
14:12:25.119,200,200,234.982,False
14:12:25.298,200,200,234.982,False
14:12:25.476,200,200,234.982,False
14:12:25.654,200,200,234.982,False
14:12:25.831,200,200,234.982,False
14:12:26.016,200,200,234.982,False
14:12:26.189,200,200,234.982,False
14:12:26.368,200,200,234.982,False
14:12:26.548,200,200,234.982,False
14:12:26.727,200,200,234.982,False
14:12:26.903,200,200,234.982,False
14:12:27.080,200,200,234.982,False
14:12:27.259,200,200,234.982,False
14:12:27.437,200,200,234.982,False
14:12:27.615,200,200,234.982,False
14:12:27.793,200,200,234.982,False
14:12:27.971,200,200,234.982,False
14:12:28.149,200,200,234.982,False
14:12:28.261,200,200,234.982,False
14:12:28.597,200,200,234.982,False
14:12:29.006,200,200,234.982,False
14:12:29.184,200,200,234.982,False
14:12:29.362,200,200,234.982,False
14:12:29.540,200,200,234.982,False
14:12:29.718,200,200,234.982,False
14:12:29.896,200,200,234.982,False
14:12:30.074,200,200,234.982,False
14:12:30.253,200,200,234.982,False
14:12:30.431,200,200,234.982,False
14:12:30.609,200,200,234.982,False
14:12:30.787,200,200,234.982,False
14:12:30.965,200,200,234.982,False
14:12:31.143,200,200,234.982,False
14:12:31.322,200,200,234.982,False
14:12:31.499,200,200,234.982,False
14:12:31.677,200,200,234.982,False
14:12:31.855,200,200,234.982,False
14:12:32.033,200,200,234.982,False
14:12:32.211,200,200,234.982,False
14:12:32.390,200,200,234.982,False
14:12:32.568,200,200,234.982,False
14:12:32.745,200,200,234.982,False
14:12:32.924,200,200,234.982,False
14:12:33.104,200,200,234.982,False
14:12:33.280,200,200,234.982,False
14:12:33.458,200,200,234.982,False
14:12:33.637,200,200,234.982,False
14:12:33.815,200,200,234.982,False
14:12:33.993,200,200,234.982,False
14:12:34.171,200,200,234.982,False
14:12:34.350,200,200,234.982,False
14:12:34.528,200,200,234.982,False
14:12:34.706,200,200,234.982,False
14:12:34.884,200,200,234.982,False
14:12:35.062,200,200,234.982,False
14:12:35.240,200,200,234.982,False
14:12:35.418,200,200,234.982,False
14:12:35.596,200,200,234.982,False
14:12:35.774,200,200,234.982,False
14:12:35.952,200,200,234.982,False
14:12:36.130,200,200,234.982,False
14:12:36.308,200,200,234.982,False
14:12:36.489,200,200,234.982,False
14:12:36.665,200,200,234.982,False
14:12:36.843,200,200,234.982,False
14:12:37.023,200,200,234.982,False
14:12:37.199,200,200,234.982,False
14:12:37.377,200,200,234.982,False
14:12:37.555,200,200,234.982,False
14:12:37.733,200,200,234.982,False
14:12:37.911,200,200,234.982,False
14:12:38.089,200,200,234.982,False
14:12:38.267,200,200,234.982,False
14:12:38.420,200,200,234.982,False
14:12:38.533,200,200,234.982,False
14:12:38.724,200,200,234.982,False
14:12:38.910,200,200,234.982,False
14:12:39.317,200,200,234.982,False
14:12:39.494,200,200,234.982,False
14:12:39.673,200,200,234.982,False
14:12:39.851,200,200,234.982,False
14:12:40.029,200,200,234.982,False
14:12:40.207,200,200,234.982,False
14:12:40.385,200,200,234.982,False
14:12:40.563,200,200,234.982,False
14:12:40.741,200,200,234.982,False
14:12:40.919,200,200,234.982,False
14:12:41.097,200,200,234.982,False
14:12:41.276,200,200,234.982,False
14:12:41.428,200,200,234.982,False
14:12:41.608,200,200,234.982,False
14:12:41.784,200,200,234.982,False
14:12:41.962,200,200,234.982,False
14:12:42.140,200,200,234.982,False
14:12:42.318,200,200,234.982,False
14:12:42.496,200,200,234.982,False
14:12:42.674,200,200,234.982,False
14:12:42.852,200,200,234.982,False
14:12:43.030,200,200,234.982,False
14:12:43.207,200,200,234.982,False
14:12:43.386,200,200,234.982,False
14:12:43.565,200,200,234.982,False
14:12:43.743,200,200,234.982,False
14:12:43.921,200,200,234.982,False
14:12:44.099,200,200,234.982,False
14:12:44.277,200,200,234.982,False
14:12:44.455,200,200,234.982,False
14:12:44.633,200,200,234.982,False
14:12:44.811,200,200,234.982,False
14:12:44.989,200,200,234.982,False
14:12:45.167,200,200,234.982,False
14:12:45.345,200,200,234.982,False
14:12:45.523,200,200,234.982,False
14:12:45.701,200,200,234.982,False
14:12:45.879,200,200,234.982,False
14:12:46.032,200,200,234.982,False
14:12:46.210,200,200,234.982,False
14:12:46.389,200,200,234.982,False
14:12:46.568,200,200,234.982,False
14:12:46.748,200,200,234.982,False
14:12:46.923,200,200,234.982,False
14:12:47.101,200,200,234.982,False
14:12:47.279,200,200,234.982,False
14:12:47.457,200,200,234.982,False
14:12:47.635,200,200,234.982,False
14:12:47.813,200,200,234.982,False
14:12:47.991,200,200,234.982,False
14:12:48.169,200,200,234.982,False
14:12:48.347,200,200,234.982,False
14:12:48.525,200,200,234.982,False
14:12:48.705,200,200,234.982,False
14:12:48.838,200,200,234.982,False
14:12:49.029,200,200,234.982,False
14:12:49.152,200,200,-0.03,False
14:12:49.459,200,200,-0.03,True
14:12:49.715,200,200,-0.03,True
14:12:49.862,200,200,-0.03,True
14:12:50.595,200,200,-0.03,True
14:12:50.874,200,200,-0.025,True
14:12:51.069,200,200,-0.025,True
14:12:51.400,200,200,-0.025,True
14:12:51.578,200,200,-0.025,True
14:12:51.756,200,200,-0.025,True
14:12:51.935,200,200,-0.025,True
14:12:52.090,200,200,4.967,True
14:12:52.500,398,16,20,True
14:12:52.678,398,16,20,True
14:12:52.855,398,16,20,True
14:12:53.033,398,16,20,True
14:12:53.214,398,16,20,True
14:12:53.390,398,16,20,True
14:12:53.567,398,16,20,True
14:12:53.746,398,16,20,True
14:12:53.923,398,16,20,True
14:12:54.102,398,16,20,True
14:12:54.280,398,16,20,True
14:12:54.459,398,16,20,True
14:12:54.637,398,16,20,True
14:12:54.815,398,16,20,True
14:12:54.993,398,16,20,True
14:12:55.318,398,16,20,True
14:12:56.131,398,16,20,True
14:12:56.309,398,16,20,True
14:12:56.487,398,16,20,True
14:12:56.665,398,16,20,True
14:12:56.843,398,16,20,True
14:12:57.022,398,16,20,True
14:12:57.199,398,16,20,True
14:12:57.378,398,16,20,True
14:12:57.556,398,16,20,True
14:12:57.734,398,16,20,True
14:12:57.912,398,16,20,True
14:12:58.090,398,16,20,True
14:12:58.268,398,16,20,True
14:12:58.447,398,16,20,True
14:12:58.625,398,16,20,True
14:12:58.757,397.994,15.994,0.00125,True
14:12:58.950,397.994,15.994,0.00125,True
14:12:59.266,397.994,15.994,0.00125,True
14:12:59.487,397.994,15.994,0.00125,True
14:13:00.225,397.994,15.994,0.00125,True
14:13:00.524,397.994,15.994,0.00375,True
14:13:00.723,397.994,15.994,0.00375,True
14:13:01.054,397.994,15.994,0.00375,True
14:13:01.232,397.994,15.994,0.00375,True
14:13:01.410,397.994,15.994,0.00375,True
14:13:01.588,397.994,15.994,0.00375,True
14:13:01.766,397.994,15.994,0.00375,True
14:13:01.944,397.994,15.994,0.00375,True
14:13:02.122,397.994,15.994,0.00375,True
14:13:02.300,397.994,15.994,0.00375,True
14:13:02.479,397.994,15.994,0.00375,True
14:13:02.657,397.994,15.994,19.97,True
14:13:03.013,201,380,19.97,True
14:13:03.191,201,380,19.97,True
14:13:03.369,201,380,19.97,True
14:13:03.547,201,380,19.97,True
14:13:03.725,201,380,19.97,True
14:13:03.903,201,380,19.97,True
14:13:04.081,201,380,19.97,True
14:13:04.259,201,380,19.97,True
14:13:04.437,201,380,19.97,True
14:13:05.374,201,380,19.97,True
14:13:05.705,201,380,19.97,True
14:13:05.885,201,380,19.97,True
14:13:06.061,201,380,19.97,True
14:13:06.239,201,380,19.97,True
14:13:06.417,201,380,19.97,True
14:13:06.595,201,380,19.97,True
14:13:06.773,201,380,19.97,True
14:13:06.951,201,380,19.97,True
14:13:07.104,201,380,19.97,True
14:13:07.283,201,380,19.97,True
14:13:07.460,201,380,19.97,True
14:13:07.638,201,380,19.97,True
14:13:07.816,201,380,19.97,True
14:13:07.994,201.006,379.994,-0.0113,True
14:13:08.227,201.006,379.994,-0.0113,True
14:13:08.558,201.006,379.994,-0.0113,True
14:13:08.729,201.006,379.994,-0.0113,True
14:13:08.843,201.006,379.994,-0.0113,True
14:13:09.574,201.006,379.994,-0.0113,True
14:13:09.776,201.006,379.994,-0.0075,True
14:13:10.032,201.006,379.994,-0.0075,True
14:13:10.364,201.006,379.994,-0.0075,True
14:13:10.521,201.006,379.994,-0.0075,True
14:13:10.700,201.006,379.994,-0.0075,True
14:13:10.877,201.006,379.994,-0.0075,True
14:13:11.056,201.006,379.994,-0.0075,True
14:13:11.234,201.006,379.994,-0.0075,True
14:13:11.412,201.006,379.994,-0.0075,True
14:13:11.590,201.006,379.994,-0.0075,True
14:13:11.768,201.006,379.994,-0.0075,True
14:13:11.946,201.006,379.994,19.97,True
14:13:12.302,2,16,19.97,True
14:13:12.482,2,16,19.97,True
14:13:12.659,2,16,19.97,True
14:13:12.837,2,16,19.97,True
14:13:13.017,2,16,19.97,True
14:13:13.192,2,16,19.97,True
14:13:13.370,2,16,19.97,True
14:13:13.548,2,16,19.97,True
14:13:13.726,2,16,19.97,True
14:13:14.694,2,16,19.97,True
14:13:15.024,2,16,19.97,True
14:13:15.202,2,16,19.97,True
14:13:15.381,2,16,19.97,True
14:13:15.559,2,16,19.97,True
14:13:15.737,2,16,19.97,True
14:13:15.915,2,16,19.97,True
14:13:16.093,2,16,19.97,True
14:13:16.272,2,16,19.97,True
14:13:16.449,2,16,19.97,True
14:13:16.627,2,16,19.97,True
14:13:16.805,2,16,19.97,True
14:13:16.987,2,16,19.97,True
14:13:17.162,2,16,19.97,True
14:13:17.316,2.006,16.019,-0.00375,True
14:13:17.543,2.006,16.019,-0.00375,True
14:13:17.874,2.006,16.019,-0.00375,True
14:13:18.043,2.006,16.019,-0.00375,True
14:13:18.155,2.006,16.019,-0.00375,True
14:13:18.860,2.006,16.019,-0.00375,True
14:13:19.142,2.006,16.019,-0.0025,True
14:13:19.337,2.006,16.019,-0.0025,True
14:13:19.669,2.006,16.019,-0.0025,True
14:13:19.869,2.006,16.019,-0.0025,True
14:13:20.083,2.006,16.019,-0.0025,True
14:13:20.489,2.006,16.019,-0.0025,True
14:13:20.668,2.006,16.019,-0.0025,True
14:13:20.844,2.006,16.019,-0.0025,True
14:13:21.024,2.006,16.019,-0.0025,True
14:13:21.202,2.006,16.019,-0.0025,True
14:13:21.380,2.006,16.019,19.97,True
14:13:21.457,2.006,16.019,19.97,True
14:13:22.249,2.006,16.019,5,True
14:13:22.413,200,200,5,True
14:13:22.591,200,200,5,True
14:13:22.768,200,200,5,True
14:13:22.947,200,200,5,True
14:13:23.126,200,200,5,True
14:13:23.303,200,200,5,True
14:13:23.481,200,200,5,True
14:13:23.659,200,200,5,True
14:13:23.836,200,200,5,True
14:13:24.015,200,200,5,True
14:13:24.193,200,200,5,True
14:13:24.371,200,200,5,True
14:13:24.549,200,200,5,True
14:13:24.727,200,200,5,True
14:13:24.905,200,200,5,True
14:13:25.083,200,200,5,True
14:13:26.781,200,200,5,True
14:13:26.959,200,200,5,True
14:13:27.137,200,200,5,True
14:13:27.303,200,200,-0.055,True
14:13:27.411,200,200,-0.03,True
14:13:27.537,200,200,-0.03,True
14:13:27.795,200,200,-0.03,True
14:13:27.973,200,200,-0.03,True
14:13:28.115,200,200,-0.03,True
14:13:28.981,200,200,-0.03,True
14:13:29.126,200,200,-0.0275,True
14:13:29.331,200,200,-0.0275,True
14:13:29.663,200,200,-0.0275,True
14:13:29.840,200,200,-0.0275,True
14:13:29.997,200,200,-0.0275,True
14:13:30.189,200,200,-0.0275,True
14:13:30.377,200,200,4.969,True
14:13:38.221,200,200,4.969,True
14:13:38.480,200,200,4.969,True
14:13:38.659,200,200,5,True
14:13:38.836,200,200,5,True
14:13:38.917,200,200,5,True
14:13:39.092,200,200,5,True
14:13:39.271,200,200,5,True
14:13:39.448,200,200,5,True
14:13:39.632,200,200,5,True
14:13:39.805,200,200,5,True
14:13:39.984,200,200,5,True
14:13:40.125,200,200,5,True
14:13:40.907,200,200,5,True
14:13:41.161,200,200,5,True
14:13:41.339,200,200,5,True
14:13:41.495,10.006,15.994,-0.00875,True
14:13:41.777,10.006,15.994,-0.00875,True
14:13:41.955,10.006,15.994,-0.00875,True
14:13:42.133,10.006,15.994,-0.00875,True
14:13:42.282,10.006,15.994,-0.00875,True
14:13:43.078,10.006,15.994,-0.00875,True
14:13:43.298,10.006,15.994,-0.0113,True
14:13:43.454,10.006,15.994,-0.0113,True
14:13:43.709,10.006,15.994,-0.0113,True
14:13:43.887,10.006,15.994,-0.0113,True
14:13:44.064,10.006,15.994,-0.0113,True
14:13:44.243,10.006,15.994,-0.0113,True
14:13:44.420,10.006,15.994,-0.0113,True
14:13:44.599,10.006,15.994,-0.0113,True
14:13:44.778,10.006,15.994,-0.0113,True
14:13:44.889,10.006,15.994,-0.0113,True
14:13:45.602,10.006,15.994,-0.0113,True
14:13:45.856,10.006,15.994,-0.0113,True
14:13:46.034,10.006,15.994,-0.0113,True
14:13:46.213,73.312,16,0.0575,True
14:13:46.604,73.312,16,0.0575,True
14:13:46.782,73.312,16,0.0575,True
14:13:46.945,73.312,16,0.0575,True
14:13:47.058,73.312,16,0.0575,True
14:13:47.763,73.312,16,0.0575,True
14:13:47.986,73.312,16,0.06,True
14:13:48.143,73.312,16,0.06,True
14:13:48.372,73.312,16,0.06,True
14:13:48.551,73.312,16,0.06,True
14:13:48.729,73.312,16,0.06,True
14:13:48.907,73.312,16,0.06,True
14:13:49.085,73.312,16,0.06,True
14:13:49.266,73.312,16,0.06,True
14:13:49.441,73.312,16,0.06,True
14:13:49.554,73.312,16,0.06,True
14:13:50.281,73.312,16,0.06,True
14:13:50.536,73.312,16,0.06,True
14:13:50.651,73.312,16,0.06,True
14:13:50.916,136.65,16,0.045,True
14:13:51.136,136.65,16,0.045,True
14:13:51.314,136.65,16,0.045,True
14:13:51.492,136.65,16,0.045,True
14:13:51.640,136.65,16,0.045,True
14:13:52.374,136.65,16,0.045,True
14:13:52.595,136.65,16,0.0437,True
14:13:52.775,136.65,16,0.0437,True
14:13:53.030,136.65,16,0.0437,True
14:13:53.208,136.65,16,0.0437,True
14:13:53.389,136.65,16,0.0437,True
14:13:53.565,136.65,16,0.0437,True
14:13:53.743,136.65,16,0.0437,True
14:13:53.921,136.65,16,0.0437,True
14:13:54.074,136.65,16,0.0437,True
14:13:54.893,136.65,16,0.0437,True
14:13:55.148,136.65,16,0.0437,True
14:13:55.326,136.65,16,0.0437,True
14:13:55.502,199.975,16,0.0613,True
14:13:55.637,199.975,16,0.0613,True
14:13:55.891,199.975,16,0.0613,True
14:13:56.070,199.975,16,0.0613,True
14:13:56.234,199.975,16,0.0613,True
14:13:56.345,199.975,16,0.0613,True
14:13:57.049,199.975,16,0.0613,True
14:13:57.272,199.975,16,0.0625,True
14:13:57.450,199.975,16,0.0625,True
14:13:57.705,199.975,16,0.0625,True
14:13:57.883,199.975,16,0.0625,True
14:13:58.061,199.975,16,0.0625,True
14:13:58.239,199.975,16,0.0625,True
14:13:58.417,199.975,16,0.0625,True
14:13:58.599,199.975,16,0.0625,True
14:13:58.776,199.975,16,0.0625,True
14:13:59.577,199.975,16,0.0625,True
14:13:59.832,199.975,16,0.0625,True
14:14:00.010,199.975,16,0.0625,True
14:14:00.164,263.312,16,0.0288,True
14:14:00.471,263.312,16,0.0288,True
14:14:00.649,263.312,16,0.0288,True
14:14:00.827,263.312,16,0.0288,True
14:14:00.940,263.312,16,0.0288,True
14:14:01.681,263.312,16,0.0288,True
14:14:01.901,263.312,16,0.03,True
14:14:02.080,263.312,16,0.03,True
14:14:02.336,263.312,16,0.03,True
14:14:02.513,263.312,16,0.03,True
14:14:02.693,263.312,16,0.03,True
14:14:02.870,263.312,16,0.03,True
14:14:03.048,263.312,16,0.03,True
14:14:03.227,263.312,16,0.03,True
14:14:03.380,263.312,16,0.03,True
14:14:03.491,263.312,16,0.03,True
14:14:04.200,263.312,16,0.03,True
14:14:04.455,263.312,16,0.03,True
14:14:04.608,263.312,16,0.03,True
14:14:04.788,326.638,16,-0.00875,True
14:14:05.071,326.638,16,-0.00875,True
14:14:05.225,326.638,16,-0.00875,True
14:14:05.402,326.638,16,-0.00875,True
14:14:05.574,326.638,16,-0.00875,True
14:14:06.369,326.638,16,-0.00875,True
14:14:06.596,326.638,16,-0.0237,True
14:14:06.774,326.638,16,-0.0237,True
14:14:07.030,326.638,16,-0.0237,True
14:14:07.206,326.638,16,-0.0237,True
14:14:07.387,326.638,16,-0.0237,True
14:14:07.562,326.638,16,-0.0237,True
14:14:07.741,326.638,16,-0.0237,True
14:14:07.919,326.638,16,-0.0237,True
14:14:08.080,326.638,16,-0.0237,True
14:14:08.193,326.638,16,-0.0237,True
14:14:08.896,326.638,16,-0.0237,True
14:14:09.151,326.638,16,-0.0237,True
14:14:09.327,326.638,16,-0.0237,True
14:14:09.487,389.962,16,-0.00875,True
14:14:09.767,389.962,16,-0.00875,True
14:14:09.946,389.962,16,-0.00875,True
14:14:10.123,389.962,16,-0.00875,True
14:14:10.273,389.962,16,-0.00875,True
14:14:11.060,389.962,16,-0.00875,True
14:14:11.274,389.962,16,-0.0075,True
14:14:11.524,389.962,16,-0.0075,True
14:14:11.934,389.962,16,-0.0075,True
14:14:12.111,389.962,16,-0.0075,True
14:14:12.289,389.962,16,-0.0075,True
14:14:12.468,389.962,16,-0.0075,True
14:14:12.646,389.962,16,-0.0075,True
14:14:12.802,389.962,16,-0.0075,True
14:14:13.598,389.962,16,-0.0075,True
14:14:13.854,389.962,16,-0.0075,True
14:14:14.032,389.962,16,-0.0075,True
14:14:14.208,389.969,77.319,-0.144,True
14:14:14.489,389.969,77.319,-0.144,True
14:14:14.667,389.969,77.319,-0.144,True
14:14:14.844,389.969,77.319,-0.144,True
14:14:14.992,389.969,77.319,-0.144,True
14:14:15.786,389.969,77.319,-0.144,True
14:14:16.010,389.969,77.319,-0.154,True
14:14:16.144,389.969,77.319,-0.154,True
14:14:16.399,389.969,77.319,-0.154,True
14:14:16.577,389.969,77.319,-0.154,True
14:14:16.755,389.969,77.319,-0.154,True
14:14:16.933,389.969,77.319,-0.154,True
14:14:17.110,389.969,77.319,-0.154,True
14:14:17.289,389.969,77.319,-0.154,True
14:14:17.467,389.969,77.319,-0.154,True
14:14:17.596,389.969,77.319,-0.154,True
14:14:18.327,389.969,77.319,-0.154,True
14:14:18.585,389.969,77.319,-0.154,True
14:14:18.763,389.969,77.319,-0.154,True
14:14:18.934,326.644,77.331,-0.131,True
14:14:19.215,326.644,77.331,-0.131,True
14:14:19.393,326.644,77.331,-0.131,True
14:14:19.571,326.644,77.331,-0.131,True
14:14:19.719,326.644,77.331,-0.131,True
14:14:20.508,326.644,77.331,-0.131,True
14:14:20.736,326.644,77.331,-0.145,True
14:14:20.915,326.644,77.331,-0.145,True
14:14:21.170,326.644,77.331,-0.145,True
14:14:21.348,326.644,77.331,-0.145,True
14:14:21.461,326.644,77.331,-0.145,True
14:14:21.653,326.644,77.331,-0.145,True
14:14:21.837,326.644,77.331,-0.145,True
14:14:22.168,326.644,77.331,-0.145,True
14:14:22.315,326.644,77.331,-0.145,True
14:14:23.025,326.644,77.331,-0.145,True
14:14:23.281,326.644,77.331,-0.145,True
14:14:23.458,326.644,77.331,-0.145,True
14:14:23.612,326.644,77.331,-0.145,True
14:14:23.731,263.306,77.331,-0.0538,True
14:14:23.902,263.306,77.331,-0.0538,True
14:14:24.156,263.306,77.331,-0.0538,True
14:14:24.334,263.306,77.331,-0.0538,True
14:14:24.487,263.306,77.331,-0.0538,True
14:14:25.197,263.306,77.331,-0.0538,True
14:14:25.444,263.306,77.331,-0.0562,True
14:14:25.600,263.306,77.331,-0.0562,True
14:14:25.855,263.306,77.331,-0.0562,True
14:14:26.033,263.306,77.331,-0.0562,True
14:14:26.211,263.306,77.331,-0.0562,True
14:14:26.389,263.306,77.331,-0.0562,True
14:14:26.567,263.306,77.331,-0.0562,True
14:14:26.746,263.306,77.331,-0.0562,True
14:14:26.924,263.306,77.331,-0.0562,True
14:14:27.034,263.306,77.331,-0.0562,True
14:14:27.748,263.306,77.331,-0.0562,True
14:14:28.003,263.306,77.331,-0.0562,True
14:14:28.156,263.306,77.331,-0.0562,True
14:14:28.334,199.981,77.331,-0.00625,True
14:14:28.619,199.981,77.331,-0.00625,True
14:14:28.797,199.981,77.331,-0.00625,True
14:14:28.975,199.981,77.331,-0.00625,True
14:14:29.122,199.981,77.331,-0.00625,True
14:14:29.913,199.981,77.331,-0.00625,True
14:14:30.138,199.981,77.331,-0.02,True
14:14:30.317,199.981,77.331,-0.02,True
14:14:30.574,199.981,77.331,-0.02,True
14:14:30.750,199.981,77.331,-0.02,True
14:14:30.928,199.981,77.331,-0.02,True
14:14:31.106,199.981,77.331,-0.02,True
14:14:31.284,199.981,77.331,-0.02,True
14:14:31.462,199.981,77.331,-0.02,True
14:14:31.623,199.981,77.331,-0.02,True
14:14:31.733,199.981,77.331,-0.02,True
14:14:32.435,199.981,77.331,-0.02,True
14:14:32.690,199.981,77.331,-0.02,True
14:14:32.869,199.981,77.331,-0.02,True
14:14:33.030,136.65,77.325,-0.0413,True
14:14:33.312,136.65,77.325,-0.0413,True
14:14:33.490,136.65,77.325,-0.0413,True
14:14:33.669,136.65,77.325,-0.0413,True
14:14:33.818,136.65,77.325,-0.0413,True
14:14:34.606,136.65,77.325,-0.0413,True
14:14:34.831,136.65,77.325,-0.0575,True
14:14:35.011,136.65,77.325,-0.0575,True
14:14:35.267,136.65,77.325,-0.0575,True
14:14:35.445,136.65,77.325,-0.0575,True
14:14:35.623,136.65,77.325,-0.0575,True
14:14:35.801,136.65,77.325,-0.0575,True
14:14:35.979,136.65,77.325,-0.0575,True
14:14:36.156,136.65,77.325,-0.0575,True
14:14:36.318,136.65,77.325,-0.0575,True
14:14:36.431,136.65,77.325,-0.0575,True
14:14:37.133,136.65,77.325,-0.0575,True
14:14:37.388,136.65,77.325,-0.0575,True
14:14:37.565,136.65,77.325,-0.0575,True
14:14:37.733,73.325,77.325,-0.0763,True
14:14:38.016,73.325,77.325,-0.0763,True
14:14:38.193,73.325,77.325,-0.0763,True
14:14:38.370,73.325,77.325,-0.0763,True
14:14:38.518,73.325,77.325,-0.0763,True
14:14:39.305,73.325,77.325,-0.0763,True
14:14:39.530,73.325,77.325,-0.0887,True
14:14:39.709,73.325,77.325,-0.0887,True
14:14:39.964,73.325,77.325,-0.0887,True
14:14:40.142,73.325,77.325,-0.0887,True
14:14:40.320,73.325,77.325,-0.0887,True
14:14:40.498,73.325,77.325,-0.0887,True
14:14:40.676,73.325,77.325,-0.0887,True
14:14:40.857,73.325,77.325,-0.0887,True
14:14:41.022,73.325,77.325,-0.0887,True
14:14:41.133,73.325,77.325,-0.0887,True
14:14:41.837,73.325,77.325,-0.0887,True
14:14:42.027,73.325,77.325,-0.0887,True
14:14:42.360,73.325,77.325,-0.0887,True
14:14:42.656,10,77.325,-0.161,True
14:14:42.912,10,77.325,-0.161,True
14:14:43.089,10,77.325,-0.161,True
14:14:43.233,10,77.325,-0.161,True
14:14:44.023,10,77.325,-0.161,True
14:14:44.247,10,77.325,-0.162,True
14:14:44.426,10,77.325,-0.162,True
14:14:44.681,10,77.325,-0.162,True
14:14:44.858,10,77.325,-0.162,True
14:14:45.037,10,77.325,-0.162,True
14:14:45.215,10,77.325,-0.162,True
14:14:45.393,10,77.325,-0.162,True
14:14:45.571,10,77.325,-0.162,True
14:14:45.736,10,77.325,-0.162,True
14:14:45.848,10,77.325,-0.162,True
14:14:46.555,10,77.325,-0.162,True
14:14:46.808,10,77.325,-0.162,True
14:14:46.986,10,77.325,-0.162,True
14:14:47.164,9.994,138.644,-0.284,True
14:14:47.460,9.994,138.644,-0.284,True
14:14:47.639,9.994,138.644,-0.284,True
14:14:47.816,9.994,138.644,-0.284,True
14:14:47.964,9.994,138.644,-0.284,True
14:14:48.752,9.994,138.644,-0.284,True
14:14:48.975,9.994,138.644,-0.286,True
14:14:49.154,9.994,138.644,-0.286,True
14:14:49.409,9.994,138.644,-0.286,True
14:14:49.587,9.994,138.644,-0.286,True
14:14:49.765,9.994,138.644,-0.286,True
14:14:49.943,9.994,138.644,-0.286,True
14:14:50.121,9.994,138.644,-0.286,True
14:14:50.299,9.994,138.644,-0.286,True
14:14:50.477,9.994,138.644,-0.286,True
14:14:50.590,9.994,138.644,-0.286,True
14:14:51.304,9.994,138.644,-0.286,True
14:14:51.558,9.994,138.644,-0.286,True
14:14:51.736,9.994,138.644,-0.286,True
14:14:51.914,73.325,138.663,-0.16,True
14:14:52.198,73.325,138.663,-0.16,True
14:14:52.445,73.325,138.663,-0.16,True
14:14:52.659,73.325,138.663,-0.16,True
14:14:52.931,73.325,138.663,-0.16,True
14:14:53.441,73.325,138.663,-0.16,True
14:14:53.680,73.325,138.663,-0.146,True
14:14:53.963,73.325,138.663,-0.146,True
14:14:54.142,73.325,138.663,-0.146,True
14:14:54.318,73.325,138.663,-0.146,True
14:14:54.496,73.325,138.663,-0.146,True
14:14:54.674,73.325,138.663,-0.146,True
14:14:54.853,73.325,138.663,-0.146,True
14:14:55.031,73.325,138.663,-0.146,True
14:14:55.204,73.325,138.663,-0.146,True
14:14:55.316,73.325,138.663,-0.146,True
14:14:56.021,73.325,138.663,-0.146,True
14:14:56.277,73.325,138.663,-0.146,True
14:14:56.452,73.325,138.663,-0.146,True
14:14:56.625,136.656,138.656,-0.102,True
14:14:56.903,136.656,138.656,-0.102,True
14:14:57.083,136.656,138.656,-0.102,True
14:14:57.261,136.656,138.656,-0.102,True
14:14:57.409,136.656,138.656,-0.102,True
14:14:58.199,136.656,138.656,-0.102,True
14:14:58.424,136.656,138.656,-0.0988,True
14:14:58.578,136.656,138.656,-0.0988,True
14:14:58.833,136.656,138.656,-0.0988,True
14:14:59.012,136.656,138.656,-0.0988,True
14:14:59.190,136.656,138.656,-0.0988,True
14:14:59.368,136.656,138.656,-0.0988,True
14:14:59.546,136.656,138.656,-0.0988,True
14:14:59.724,136.656,138.656,-0.0988,True
14:14:59.901,136.656,138.656,-0.0988,True
14:15:00.011,136.656,138.656,-0.0988,True
14:15:00.734,136.656,138.656,-0.0988,True
14:15:00.991,136.656,138.656,-0.0988,True
14:15:01.169,136.656,138.656,-0.0988,True
14:15:01.328,199.981,138.656,-0.0425,True
14:15:01.608,199.981,138.656,-0.0425,True
14:15:01.787,199.981,138.656,-0.0425,True
14:15:01.965,199.981,138.656,-0.0425,True
14:15:02.113,199.981,138.656,-0.0425,True
14:15:02.957,199.981,138.656,-0.0425,True
14:15:03.231,199.981,138.656,-0.0437,True
14:15:03.403,199.981,138.656,-0.0437,True
14:15:03.657,199.981,138.656,-0.0437,True
14:15:03.835,199.981,138.656,-0.0437,True
14:15:03.989,199.981,138.656,-0.0437,True
14:15:04.166,199.981,138.656,-0.0437,True
14:15:04.346,199.981,138.656,-0.0437,True
14:15:04.522,199.981,138.656,-0.0437,True
14:15:04.690,199.981,138.656,-0.0437,True
14:15:05.488,199.981,138.656,-0.0437,True
14:15:05.742,199.981,138.656,-0.0437,True
14:15:05.921,199.981,138.656,-0.0437,True
14:15:06.089,263.306,138.656,-0.102,True
14:15:06.370,263.306,138.656,-0.102,True
14:15:06.548,263.306,138.656,-0.102,True
14:15:06.727,263.306,138.656,-0.102,True
14:15:06.875,263.306,138.656,-0.102,True
14:15:07.663,263.306,138.656,-0.102,True
14:15:07.884,263.306,138.656,-0.095,True
14:15:08.064,263.306,138.656,-0.095,True
14:15:08.319,263.306,138.656,-0.095,True
14:15:08.497,263.306,138.656,-0.095,True
14:15:08.674,263.306,138.656,-0.095,True
14:15:08.852,263.306,138.656,-0.095,True
14:15:09.031,263.306,138.656,-0.095,True
14:15:09.209,263.306,138.656,-0.095,True
14:15:09.376,263.306,138.656,-0.095,True
14:15:09.488,263.306,138.656,-0.095,True
14:15:10.192,263.306,138.656,-0.095,True
14:15:10.447,263.306,138.656,-0.095,True
14:15:10.624,263.306,138.656,-0.095,True
14:15:10.803,326.631,138.656,-0.245,True
14:15:11.100,326.631,138.656,-0.245,True
14:15:11.356,326.631,138.656,-0.245,True
14:15:11.537,326.631,138.656,-0.245,True
14:15:11.664,326.631,138.656,-0.245,True
14:15:12.395,326.631,138.656,-0.245,True
14:15:12.619,326.631,138.656,-0.252,True
14:15:12.797,326.631,138.656,-0.252,True
14:15:13.041,326.631,138.656,-0.252,True
14:15:13.255,326.631,138.656,-0.252,True
14:15:13.586,326.631,138.656,-0.252,True
14:15:13.763,326.631,138.656,-0.252,True
14:15:13.942,326.631,138.656,-0.252,True
14:15:14.120,326.631,138.656,-0.252,True
14:15:14.233,326.631,138.656,-0.252,True
14:15:14.945,326.631,138.656,-0.252,True
14:15:15.200,326.631,138.656,-0.252,True
14:15:15.378,326.631,138.656,-0.252,True
14:15:15.556,389.962,138.65,-0.25,True
14:15:15.848,389.962,138.65,-0.25,True
14:15:16.026,389.962,138.65,-0.25,True
14:15:16.204,389.962,138.65,-0.25,True
14:15:16.352,389.962,138.65,-0.25,True
14:15:17.149,389.962,138.65,-0.25,True
14:15:17.368,389.962,138.65,-0.241,True
14:15:17.546,389.962,138.65,-0.241,True
14:15:17.801,389.962,138.65,-0.241,True
14:15:17.979,389.962,138.65,-0.241,True
14:15:18.157,389.962,138.65,-0.241,True
14:15:18.335,389.962,138.65,-0.241,True
14:15:18.513,389.962,138.65,-0.241,True
14:15:18.691,389.962,138.65,-0.241,True
14:15:18.844,389.962,138.65,-0.241,True
14:15:18.956,389.962,138.65,-0.241,True
14:15:19.682,389.962,138.65,-0.241,True
14:15:19.936,389.962,138.65,-0.241,True
14:15:20.114,389.962,138.65,-0.241,True
14:15:20.292,389.962,199.975,-0.219,True
14:15:20.582,389.962,199.975,-0.219,True
14:15:20.760,389.962,199.975,-0.219,True
14:15:20.938,389.962,199.975,-0.219,True
14:15:21.085,389.962,199.975,-0.219,True
14:15:21.876,389.962,199.975,-0.219,True
14:15:22.101,389.962,199.975,-0.22,True
14:15:22.280,389.962,199.975,-0.22,True
14:15:22.535,389.962,199.975,-0.22,True
14:15:22.688,389.962,199.975,-0.22,True
14:15:22.866,389.962,199.975,-0.22,True
14:15:23.045,389.962,199.975,-0.22,True
14:15:23.178,389.962,199.975,-0.22,True
14:15:23.371,389.962,199.975,-0.22,True
14:15:23.556,389.962,199.975,-0.22,True
14:15:23.793,389.962,199.975,-0.22,True
14:15:24.497,389.962,199.975,-0.22,True
14:15:24.752,389.962,199.975,-0.22,True
14:15:24.930,389.962,199.975,-0.22,True
14:15:25.108,326.631,199.981,-0.174,True
14:15:25.393,326.631,199.981,-0.174,True
14:15:25.570,326.631,199.981,-0.174,True
14:15:25.748,326.631,199.981,-0.174,True
14:15:25.896,326.631,199.981,-0.174,True
14:15:26.684,326.631,199.981,-0.174,True
14:15:26.908,326.631,199.981,-0.179,True
14:15:27.087,326.631,199.981,-0.179,True
14:15:27.342,326.631,199.981,-0.179,True
14:15:27.521,326.631,199.981,-0.179,True
14:15:27.698,326.631,199.981,-0.179,True
14:15:27.876,326.631,199.981,-0.179,True
14:15:28.054,326.631,199.981,-0.179,True
14:15:28.233,326.631,199.981,-0.179,True
14:15:28.408,326.631,199.981,-0.179,True
14:15:28.520,326.631,199.981,-0.179,True
14:15:29.221,326.631,199.981,-0.179,True
14:15:29.477,326.631,199.981,-0.179,True
14:15:29.655,326.631,199.981,-0.179,True
14:15:29.820,263.306,199.981,-0.0538,True
14:15:30.101,263.306,199.981,-0.0538,True
14:15:30.279,263.306,199.981,-0.0538,True
14:15:30.458,263.306,199.981,-0.0538,True
14:15:30.604,263.306,199.981,-0.0538,True
14:15:31.395,263.306,199.981,-0.0538,True
14:15:31.616,263.306,199.981,-0.065,True
14:15:31.794,263.306,199.981,-0.065,True
14:15:32.050,263.306,199.981,-0.065,True
14:15:32.227,263.306,199.981,-0.065,True
14:15:32.406,263.306,199.981,-0.065,True
14:15:32.583,263.306,199.981,-0.065,True
14:15:32.762,263.306,199.981,-0.065,True
14:15:32.940,263.306,199.981,-0.065,True
14:15:33.105,263.306,199.981,-0.065,True
14:15:33.217,263.306,199.981,-0.065,True
14:15:33.851,263.306,199.981,-0.065,True
14:15:34.182,263.306,199.981,-0.065,True
14:15:34.359,263.306,199.981,-0.065,True
14:15:34.493,199.981,199.981,-0.00625,True
14:15:34.674,199.981,199.981,-0.00625,True
14:15:34.928,199.981,199.981,-0.00625,True
14:15:35.106,199.981,199.981,-0.00625,True
14:15:35.252,199.981,199.981,-0.00625,True
14:15:36.045,199.981,199.981,-0.00625,True
14:15:36.268,199.981,199.981,-0.0288,True
14:15:36.448,199.981,199.981,-0.0288,True
14:15:36.703,199.981,199.981,-0.0288,True
14:15:36.881,199.981,199.981,-0.0288,True
14:15:37.032,199.981,199.981,-0.0288,True
14:15:37.819,199.981,199.981,-0.0288,True
14:15:38.041,199.981,199.981,-0.0325,True
14:15:38.430,199.981,199.981,-0.0325,True
14:15:38.608,199.981,199.981,-0.0325,True
14:15:38.786,199.981,199.981,-0.0325,True
14:15:38.965,199.981,199.981,-0.0325,True
14:15:39.143,199.981,199.981,-0.0325,True
14:15:39.321,199.981,199.981,-0.0325,True
14:15:39.499,199.981,199.981,-0.0325,True
14:15:39.616,199.981,199.981,-0.0325,True
14:15:40.346,199.981,199.981,-0.0325,True
14:15:40.601,199.981,199.981,-0.0325,True
14:15:40.779,199.981,199.981,-0.0325,True
14:15:40.944,136.656,199.981,-0.0712,True
14:15:41.227,136.656,199.981,-0.0712,True
14:15:41.409,136.656,199.981,-0.0712,True
14:15:41.583,136.656,199.981,-0.0712,True
14:15:41.730,136.656,199.981,-0.0712,True
14:15:42.520,136.656,199.981,-0.0712,True
14:15:42.745,136.656,199.981,-0.0862,True
14:15:42.927,136.656,199.981,-0.0862,True
14:15:43.179,136.656,199.981,-0.0862,True
14:15:43.357,136.656,199.981,-0.0862,True
14:15:43.535,136.656,199.981,-0.0862,True
14:15:43.715,136.656,199.981,-0.0862,True
14:15:43.850,136.656,199.981,-0.0862,True
14:15:44.138,136.656,199.981,-0.0862,True
14:15:44.378,136.656,199.981,-0.0862,True
14:15:45.083,136.656,199.981,-0.0862,True
14:15:45.338,136.656,199.981,-0.0862,True
14:15:45.516,136.656,199.981,-0.0862,True
14:15:45.692,73.331,199.981,-0.139,True
14:15:45.973,73.331,199.981,-0.139,True
14:15:46.151,73.331,199.981,-0.139,True
14:15:46.329,73.331,199.981,-0.139,True
14:15:46.477,73.331,199.981,-0.139,True
14:15:47.269,73.331,199.981,-0.139,True
14:15:47.490,73.331,199.981,-0.149,True
14:15:47.670,73.331,199.981,-0.149,True
14:15:47.926,73.331,199.981,-0.149,True
14:15:48.103,73.331,199.981,-0.149,True
14:15:48.281,73.331,199.981,-0.149,True
14:15:48.459,73.331,199.981,-0.149,True
14:15:48.637,73.331,199.981,-0.149,True
14:15:48.815,73.331,199.981,-0.149,True
14:15:48.969,73.331,199.981,-0.149,True
14:15:49.078,73.331,199.981,-0.149,True
14:15:49.805,73.331,199.981,-0.149,True
14:15:50.059,73.331,199.981,-0.149,True
14:15:50.211,73.331,199.981,-0.149,True
14:15:50.389,73.331,199.981,-0.149,True
14:15:50.524,10,199.988,-0.324,True
14:15:50.695,10,199.988,-0.324,True
14:15:50.954,10,199.988,-0.324,True
14:15:51.129,10,199.988,-0.324,True
14:15:51.280,10,199.988,-0.324,True
14:15:51.989,10,199.988,-0.324,True
14:15:52.236,10,199.988,-0.33,True
14:15:52.626,10,199.988,-0.33,True
14:15:52.805,10,199.988,-0.33,True
14:15:52.982,10,199.988,-0.33,True
14:15:53.161,10,199.988,-0.33,True
14:15:53.338,10,199.988,-0.33,True
14:15:53.517,10,199.988,-0.33,True
14:15:53.694,10,199.988,-0.33,True
14:15:53.828,10,199.988,-0.33,True
14:15:54.440,10,199.988,-0.33,True
14:15:54.771,10,199.988,-0.33,True
14:15:54.926,10,199.988,-0.33,True
14:15:55.104,10,199.988,-0.33,True
14:15:55.220,9.994,261.306,-0.239,True
14:15:55.390,9.994,261.306,-0.239,True
14:15:55.645,9.994,261.306,-0.239,True
14:15:55.823,9.994,261.306,-0.239,True
14:15:55.975,9.994,261.306,-0.239,True
14:15:56.710,9.994,261.306,-0.239,True
14:15:56.930,9.994,261.306,-0.236,True
14:15:57.109,9.994,261.306,-0.236,True
14:15:57.363,9.994,261.306,-0.236,True
14:15:57.541,9.994,261.306,-0.236,True
14:15:57.719,9.994,261.306,-0.236,True
14:15:57.898,9.994,261.306,-0.236,True
14:15:58.076,9.994,261.306,-0.236,True
14:15:58.229,9.994,261.306,-0.236,True
14:15:58.407,9.994,261.306,-0.236,True
14:15:58.521,9.994,261.306,-0.236,True
14:15:59.253,9.994,261.306,-0.236,True
14:15:59.507,9.994,261.306,-0.236,True
14:15:59.685,9.994,261.306,-0.236,True
14:15:59.860,73.319,261.319,-0.131,True
14:16:00.166,73.319,261.319,-0.131,True
14:16:00.343,73.319,261.319,-0.131,True
14:16:00.522,73.319,261.319,-0.131,True
14:16:00.673,73.319,261.319,-0.131,True
14:16:01.462,73.319,261.319,-0.131,True
14:16:01.628,73.319,261.319,-0.126,True
14:16:01.910,73.319,261.319,-0.126,True
14:16:02.088,73.319,261.319,-0.126,True
14:16:02.266,73.319,261.319,-0.126,True
14:16:02.444,73.319,261.319,-0.126,True
14:16:02.622,73.319,261.319,-0.126,True
14:16:02.800,73.319,261.319,-0.126,True
14:16:02.978,73.319,261.319,-0.126,True
14:16:03.135,73.319,261.319,-0.126,True
14:16:03.246,73.319,261.319,-0.126,True
14:16:03.966,73.319,261.319,-0.126,True
14:16:04.221,73.319,261.319,-0.126,True
14:16:04.354,73.319,261.319,-0.126,True
14:16:04.549,136.656,261.306,-0.0625,True
14:16:04.736,136.656,261.306,-0.0625,True
14:16:05.042,136.656,261.306,-0.0625,True
14:16:05.219,136.656,261.306,-0.0625,True
14:16:05.348,136.656,261.306,-0.0625,True
14:16:06.078,136.656,261.306,-0.0625,True
14:16:06.299,136.656,261.306,-0.055,True
14:16:06.478,136.656,261.306,-0.055,True
14:16:06.733,136.656,261.306,-0.055,True
14:16:06.911,136.656,261.306,-0.055,True
14:16:07.089,136.656,261.306,-0.055,True
14:16:07.267,136.656,261.306,-0.055,True
14:16:07.445,136.656,261.306,-0.055,True
14:16:07.623,136.656,261.306,-0.055,True
14:16:07.788,136.656,261.306,-0.055,True
14:16:07.900,136.656,261.306,-0.055,True
14:16:08.603,136.656,261.306,-0.055,True
14:16:08.858,136.656,261.306,-0.055,True
14:16:09.035,136.656,261.306,-0.055,True
14:16:09.193,199.981,261.306,0.0025,True
14:16:09.475,199.981,261.306,0.0025,True
14:16:09.653,199.981,261.306,0.0025,True
14:16:09.831,199.981,261.306,0.0025,True
14:16:09.979,199.981,261.306,0.0025,True
14:16:10.769,199.981,261.306,0.0025,True
14:16:10.992,199.981,261.306,0.00375,True
14:16:11.171,199.981,261.306,0.00375,True
14:16:11.425,199.981,261.306,0.00375,True
14:16:11.603,199.981,261.306,0.00375,True
14:16:11.781,199.981,261.306,0.00375,True
14:16:11.959,199.981,261.306,0.00375,True
14:16:12.137,199.981,261.306,0.00375,True
14:16:12.315,199.981,261.306,0.00375,True
14:16:12.474,199.981,261.306,0.00375,True
14:16:12.585,199.981,261.306,0.00375,True
14:16:13.288,199.981,261.306,0.00375,True
14:16:13.543,199.981,261.306,0.00375,True
14:16:13.721,199.981,261.306,0.00375,True
14:16:13.888,263.3,261.312,-0.0425,True
14:16:14.167,263.3,261.312,-0.0425,True
14:16:14.344,263.3,261.312,-0.0425,True
14:16:14.522,263.3,261.312,-0.0425,True
14:16:14.650,263.3,261.312,-0.0425,True
14:16:15.396,263.3,261.312,-0.0425,True
14:16:15.620,263.3,261.312,-0.0413,True
14:16:15.798,263.3,261.312,-0.0413,True
14:16:16.054,263.3,261.312,-0.0413,True
14:16:16.231,263.3,261.312,-0.0413,True
14:16:16.410,263.3,261.312,-0.0413,True
14:16:16.587,263.3,261.312,-0.0413,True
14:16:16.765,263.3,261.312,-0.0413,True
14:16:16.943,263.3,261.312,-0.0413,True
14:16:17.096,263.3,261.312,-0.0413,True
14:16:17.206,263.3,261.312,-0.0413,True
14:16:17.926,263.3,261.312,-0.0413,True
14:16:18.183,263.3,261.312,-0.0413,True
14:16:18.359,263.3,261.312,-0.0413,True
14:16:18.534,326.638,261.312,-0.136,True
14:16:18.815,326.638,261.312,-0.136,True
14:16:18.993,326.638,261.312,-0.136,True
14:16:19.172,326.638,261.312,-0.136,True
14:16:19.320,326.638,261.312,-0.136,True
14:16:20.107,326.638,261.312,-0.136,True
14:16:20.333,326.638,261.312,-0.157,True
14:16:20.489,326.638,261.312,-0.157,True
14:16:20.743,326.638,261.312,-0.157,True
14:16:20.897,326.638,261.312,-0.157,True
14:16:21.063,326.638,261.312,-0.157,True
14:16:21.176,326.638,261.312,-0.157,True
14:16:21.883,326.638,261.312,-0.157,True
14:16:22.102,326.638,261.312,-0.156,True
14:16:22.280,326.638,261.312,-0.156,True
14:16:22.535,326.638,261.312,-0.156,True
14:16:22.713,326.638,261.312,-0.156,True
14:16:22.893,326.638,261.312,-0.156,True
14:16:23.067,326.638,261.312,-0.156,True
14:16:23.249,326.638,261.312,-0.156,True
14:16:23.429,326.638,261.312,-0.156,True
14:16:23.600,326.638,261.312,-0.156,True
14:16:23.713,326.638,261.312,-0.156,True
14:16:24.416,326.638,261.312,-0.156,True
14:16:24.670,326.638,261.312,-0.156,True
14:16:24.848,326.638,261.312,-0.156,True
14:16:24.962,326.638,261.312,-0.156,True
14:16:25.114,389.963,261.312,-0.172,True
14:16:25.296,389.963,261.312,-0.172,True
14:16:25.703,389.963,261.312,-0.172,True
14:16:25.854,389.963,261.312,-0.172,True
14:16:26.646,389.963,261.312,-0.172,True
14:16:26.809,389.963,261.312,-0.166,True
14:16:27.092,389.963,261.312,-0.166,True
14:16:27.271,389.963,261.312,-0.166,True
14:16:27.448,389.963,261.312,-0.166,True
14:16:27.627,389.963,261.312,-0.166,True
14:16:27.804,389.963,261.312,-0.166,True
14:16:27.982,389.963,261.312,-0.166,True
14:16:28.160,389.963,261.312,-0.166,True
14:16:28.326,389.963,261.312,-0.166,True
14:16:28.436,389.963,261.312,-0.166,True
14:16:29.142,389.963,261.312,-0.166,True
14:16:29.398,389.963,261.312,-0.166,True
14:16:29.576,389.963,261.312,-0.166,True
14:16:29.741,389.969,322.631,-0.0763,True
14:16:30.023,389.969,322.631,-0.0763,True
14:16:30.201,389.969,322.631,-0.0763,True
14:16:30.378,389.969,322.631,-0.0763,True
14:16:30.526,389.969,322.631,-0.0763,True
14:16:31.316,389.969,322.631,-0.0763,True
14:16:31.541,389.969,322.631,-0.075,True
14:16:31.720,389.969,322.631,-0.075,True
14:16:31.975,389.969,322.631,-0.075,True
14:16:32.153,389.969,322.631,-0.075,True
14:16:32.330,389.969,322.631,-0.075,True
14:16:32.509,389.969,322.631,-0.075,True
14:16:32.687,389.969,322.631,-0.075,True
14:16:32.865,389.969,322.631,-0.075,True
14:16:33.031,389.969,322.631,-0.075,True
14:16:33.143,389.969,322.631,-0.075,True
14:16:33.846,389.969,322.631,-0.075,True
14:16:34.100,389.969,322.631,-0.075,True
14:16:34.278,389.969,322.631,-0.075,True
14:16:34.450,326.65,322.637,-0.0962,True
14:16:34.731,326.65,322.637,-0.0962,True
14:16:34.908,326.65,322.637,-0.0962,True
14:16:35.088,326.65,322.637,-0.0962,True
14:16:35.216,326.65,322.637,-0.0962,True
14:16:35.986,326.65,322.637,-0.0962,True
14:16:36.208,326.65,322.637,-0.112,True
14:16:36.388,326.65,322.637,-0.112,True
14:16:36.643,326.65,322.637,-0.112,True
14:16:36.821,326.65,322.637,-0.112,True
14:16:37.000,326.65,322.637,-0.112,True
14:16:37.177,326.65,322.637,-0.112,True
14:16:37.355,326.65,322.637,-0.112,True
14:16:37.533,326.65,322.637,-0.112,True
14:16:37.703,326.65,322.637,-0.112,True
14:16:37.815,326.65,322.637,-0.112,True
14:16:38.520,326.65,322.637,-0.112,True
14:16:38.775,326.65,322.637,-0.112,True
14:16:38.954,326.65,322.637,-0.112,True
14:16:39.113,263.312,322.638,-0.00375,True
14:16:39.396,263.312,322.638,-0.00375,True
14:16:39.549,263.312,322.638,-0.00375,True
14:16:39.727,263.312,322.638,-0.00375,True
14:16:39.896,263.312,322.638,-0.00375,True
14:16:40.689,263.312,322.638,-0.00375,True
14:16:40.915,263.312,322.638,-0.0225,True
14:16:41.049,263.312,322.638,-0.0225,True
14:16:41.307,263.312,322.638,-0.0225,True
14:16:41.487,263.312,322.638,-0.0225,True
14:16:41.663,263.312,322.638,-0.0225,True
14:16:41.841,263.312,322.638,-0.0225,True
14:16:42.019,263.312,322.638,-0.0225,True
14:16:42.197,263.312,322.638,-0.0225,True
14:16:42.375,263.312,322.638,-0.0225,True
14:16:42.487,263.312,322.638,-0.0225,True
14:16:43.219,263.312,322.638,-0.0225,True
14:16:43.475,263.312,322.638,-0.0225,True
14:16:43.651,263.312,322.638,-0.0225,True
14:16:43.801,199.975,322.637,0.0475,True
14:16:44.086,199.975,322.637,0.0475,True
14:16:44.262,199.975,322.637,0.0475,True
14:16:44.440,199.975,322.637,0.0475,True
14:16:44.587,199.975,322.637,0.0475,True
14:16:45.379,199.975,322.637,0.0475,True
14:16:45.568,199.975,322.637,0.0288,True
14:16:45.891,199.975,322.637,0.0288,True
14:16:46.222,199.975,322.637,0.0288,True
14:16:46.400,199.975,322.637,0.0288,True
14:16:46.578,199.975,322.637,0.0288,True
14:16:46.756,199.975,322.637,0.0288,True
14:16:46.934,199.975,322.637,0.0288,True
14:16:47.097,199.975,322.637,0.0288,True
14:16:47.207,199.975,322.637,0.0288,True
14:16:47.913,199.975,322.637,0.0288,True
14:16:48.168,199.975,322.637,0.0288,True
14:16:48.346,199.975,322.637,0.0288,True
14:16:48.503,136.65,322.638,-0.00375,True
14:16:48.785,136.65,322.638,-0.00375,True
14:16:48.963,136.65,322.638,-0.00375,True
14:16:49.141,136.65,322.638,-0.00375,True
14:16:49.291,136.65,322.638,-0.00375,True
14:16:50.081,136.65,322.638,-0.00375,True
14:16:50.307,136.65,322.638,-0.0237,True
14:16:50.486,136.65,322.638,-0.0237,True
14:16:50.741,136.65,322.638,-0.0237,True
14:16:50.918,136.65,322.638,-0.0237,True
14:16:51.097,136.65,322.638,-0.0237,True
14:16:51.275,136.65,322.638,-0.0237,True
14:16:51.454,136.65,322.638,-0.0237,True
14:16:51.631,136.65,322.638,-0.0237,True
14:16:51.792,136.65,322.638,-0.0237,True
14:16:51.904,136.65,322.638,-0.0237,True
14:16:52.607,136.65,322.638,-0.0237,True
14:16:52.862,136.65,322.638,-0.0237,True
14:16:53.039,136.65,322.638,-0.0237,True
14:16:53.204,73.331,322.631,-0.0475,True
14:16:53.487,73.331,322.631,-0.0475,True
14:16:53.665,73.331,322.631,-0.0475,True
14:16:53.842,73.331,322.631,-0.0475,True
14:16:53.991,73.331,322.631,-0.0475,True
14:16:54.778,73.331,322.631,-0.0475,True
14:16:55.000,73.331,322.631,-0.0525,True
14:16:55.181,73.331,322.631,-0.0525,True
14:16:55.436,73.331,322.631,-0.0525,True
14:16:55.614,73.331,322.631,-0.0525,True
14:16:55.794,73.331,322.631,-0.0525,True
14:16:55.973,73.331,322.631,-0.0525,True
14:16:56.181,73.331,322.631,-0.0525,True
14:16:56.488,73.331,322.631,-0.0525,True
14:16:56.598,73.331,322.631,-0.0525,True
14:16:57.303,73.331,322.631,-0.0525,True
14:16:57.558,73.331,322.631,-0.0525,True
14:16:57.736,73.331,322.631,-0.0525,True
14:16:57.907,10,322.638,-0.0925,True
14:16:58.194,10,322.638,-0.0925,True
14:16:58.372,10,322.638,-0.0925,True
14:16:58.550,10,322.638,-0.0925,True
14:16:58.695,10,322.638,-0.0925,True
14:16:59.485,10,322.638,-0.0925,True
14:16:59.708,10,322.638,-0.0913,True
14:16:59.864,10,322.638,-0.0913,True
14:17:00.119,10,322.638,-0.0913,True
14:17:00.297,10,322.638,-0.0913,True
14:17:00.475,10,322.638,-0.0913,True
14:17:00.653,10,322.638,-0.0913,True
14:17:00.830,10,322.638,-0.0913,True
14:17:01.009,10,322.638,-0.0913,True
14:17:01.186,10,322.638,-0.0913,True
14:17:01.296,10,322.638,-0.0913,True
14:17:02.012,10,322.638,-0.0913,True
14:17:02.267,10,322.638,-0.0913,True
14:17:02.444,10,322.638,-0.0913,True
14:17:02.605,9.994,383.956,-0.0275,True
14:17:02.886,9.994,383.956,-0.0275,True
14:17:03.064,9.994,383.956,-0.0275,True
14:17:03.243,9.994,383.956,-0.0275,True
14:17:03.390,9.994,383.956,-0.0275,True
14:17:04.179,9.994,383.956,-0.0275,True
14:17:04.401,9.994,383.956,-0.0325,True
14:17:04.556,9.994,383.956,-0.0325,True
14:17:04.811,9.994,383.956,-0.0325,True
14:17:04.989,9.994,383.956,-0.0325,True
14:17:05.167,9.994,383.956,-0.0325,True
14:17:05.345,9.994,383.956,-0.0325,True
14:17:05.523,9.994,383.956,-0.0325,True
14:17:05.701,9.994,383.956,-0.0325,True
14:17:05.879,9.994,383.956,-0.0325,True
14:17:05.992,9.994,383.956,-0.0325,True
14:17:06.719,9.994,383.956,-0.0325,True
14:17:06.974,9.994,383.956,-0.0325,True
14:17:07.152,9.994,383.956,-0.0325,True
14:17:07.306,73.319,383.969,0.04,True
14:17:07.587,73.319,383.969,0.04,True
14:17:07.765,73.319,383.969,0.04,True
14:17:07.943,73.319,383.969,0.04,True
14:17:08.091,73.319,383.969,0.04,True
14:17:08.879,73.319,383.969,0.04,True
14:17:09.101,73.319,383.969,0.0487,True
14:17:09.279,73.319,383.969,0.0487,True
14:17:09.534,73.319,383.969,0.0487,True
14:17:09.712,73.319,383.969,0.0487,True
14:17:09.890,73.319,383.969,0.0487,True
14:17:10.069,73.319,383.969,0.0487,True
14:17:10.245,73.319,383.969,0.0487,True
14:17:10.425,73.319,383.969,0.0487,True
14:17:10.579,73.319,383.969,0.0487,True
14:17:10.689,73.319,383.969,0.0487,True
14:17:11.393,73.319,383.969,0.0487,True
14:17:11.646,73.319,383.969,0.0487,True
14:17:11.824,73.319,383.969,0.0487,True
14:17:11.983,136.65,383.962,0.00375,True
14:17:12.265,136.65,383.962,0.00375,True
14:17:12.444,136.65,383.962,0.00375,True
14:17:12.596,136.65,383.962,0.00375,True
14:17:12.768,136.65,383.962,0.00375,True
14:17:13.565,136.65,383.962,0.00375,True
14:17:13.788,136.65,383.962,0.0075,True
14:17:13.963,136.65,383.962,0.0075,True
14:17:14.218,136.65,383.962,0.0075,True
14:17:14.396,136.65,383.962,0.0075,True
14:17:14.574,136.65,383.962,0.0075,True
14:17:14.751,136.65,383.962,0.0075,True
14:17:14.930,136.65,383.962,0.0075,True
14:17:15.109,136.65,383.962,0.0075,True
14:17:15.268,136.65,383.962,0.0075,True
14:17:15.379,136.65,383.962,0.0075,True
14:17:16.083,136.65,383.962,0.0075,True
14:17:16.340,136.65,383.962,0.0075,True
14:17:16.475,136.65,383.962,0.0075,True
14:17:16.731,199.981,383.969,0.00375,True
14:17:16.933,199.981,383.969,0.00375,True
14:17:17.189,199.981,383.969,0.00375,True
14:17:17.367,199.981,383.969,0.00375,True
14:17:17.516,199.981,383.969,0.00375,True
14:17:18.181,199.981,383.969,0.00375,True
14:17:18.437,199.981,383.969,-0.00625,True
14:17:18.733,199.981,383.969,-0.00625,True
14:17:18.910,199.981,383.969,-0.00625,True
14:17:19.088,199.981,383.969,-0.00625,True
14:17:19.269,199.981,383.969,-0.00625,True
14:17:19.445,199.981,383.969,-0.00625,True
14:17:19.623,199.981,383.969,-0.00625,True
14:17:19.802,199.981,383.969,-0.00625,True
14:17:19.960,199.981,383.969,-0.00625,True
14:17:20.071,199.981,383.969,-0.00625,True
14:17:20.773,199.981,383.969,-0.00625,True
14:17:21.029,199.981,383.969,-0.00625,True
14:17:21.206,199.981,383.969,-0.00625,True
14:17:21.366,263.312,383.963,-0.00625,True
14:17:21.648,263.312,383.963,-0.00625,True
14:17:21.825,263.312,383.963,-0.00625,True
14:17:22.004,263.312,383.963,-0.00625,True
14:17:22.150,263.312,383.963,-0.00625,True
14:17:22.940,263.312,383.963,-0.00625,True
14:17:23.165,263.312,383.963,-0.025,True
14:17:23.321,263.312,383.963,-0.025,True
14:17:23.576,263.312,383.963,-0.025,True
14:17:23.756,263.312,383.963,-0.025,True
14:17:23.932,263.312,383.963,-0.025,True
14:17:24.110,263.312,383.963,-0.025,True
14:17:24.291,263.312,383.963,-0.025,True
14:17:24.466,263.312,383.963,-0.025,True
14:17:24.643,263.312,383.963,-0.025,True
14:17:24.756,263.312,383.963,-0.025,True
14:17:25.469,263.312,383.963,-0.025,True
14:17:25.722,263.312,383.963,-0.025,True
14:17:25.900,263.312,383.963,-0.025,True
14:17:26.063,326.637,383.962,-0.055,True
14:17:26.348,326.637,383.962,-0.055,True
14:17:26.523,326.637,383.962,-0.055,True
14:17:26.677,326.637,383.962,-0.055,True
14:17:26.849,326.637,383.962,-0.055,True
14:17:27.595,326.637,383.962,-0.055,True
14:17:27.817,326.637,383.962,-0.0538,True
14:17:27.997,326.637,383.962,-0.0538,True
14:17:28.256,326.637,383.962,-0.0538,True
14:17:28.434,326.637,383.962,-0.0538,True
14:17:28.612,326.637,383.962,-0.0538,True
14:17:28.789,326.637,383.962,-0.0538,True
14:17:28.968,326.637,383.962,-0.0538,True
14:17:29.146,326.637,383.962,-0.0538,True
14:17:29.307,326.637,383.962,-0.0538,True
14:17:29.418,326.637,383.962,-0.0538,True
14:17:30.125,326.637,383.962,-0.0538,True
14:17:30.380,326.637,383.962,-0.0538,True
14:17:30.559,326.637,383.962,-0.0538,True
14:17:30.723,389.962,383.962,-0.0688,True
14:17:31.008,389.962,383.962,-0.0688,True
14:17:31.186,389.962,383.962,-0.0688,True
14:17:31.364,389.962,383.962,-0.0688,True
14:17:31.511,389.962,383.962,-0.0688,True
14:17:32.299,389.962,383.962,-0.0688,True
14:17:32.522,389.962,383.962,-0.0775,True
14:17:32.676,389.962,383.962,-0.0775,True
14:17:32.931,389.962,383.962,-0.0775,True
14:17:33.109,389.962,383.962,-0.0775,True
14:17:33.286,389.962,383.962,-0.0775,True
14:17:33.465,389.962,383.962,-0.0775,True
14:17:33.623,389.962,383.962,-0.0775,True
14:17:33.755,389.962,383.962,4.97,True
14:17:34.063,389.962,383.962,4.97,True
14:17:34.142,389.962,383.962,4.97,True
14:17:41.041,389.962,383.962,200,True
14:17:41.372,389.962,383.962,200,True
14:17:41.550,389.962,383.962,200,True
14:17:41.728,389.962,383.962,200,True
14:17:41.906,389.962,383.962,200,True
14:17:42.084,389.962,383.962,200,True
14:17:42.262,389.962,383.962,200,True
14:17:42.441,389.962,383.962,200,True
14:17:42.619,389.962,383.962,200,True
14:17:42.799,389.962,383.962,200,True
14:17:42.984,389.962,383.962,200,True
14:17:43.157,389.962,383.962,200,True
14:17:43.336,389.962,383.962,200,True
14:17:43.516,389.962,383.962,200,True
14:17:43.694,389.962,383.962,200,True
14:17:43.871,389.962,383.962,200,True
14:17:44.051,389.962,383.962,200,True
14:17:44.229,389.962,383.962,200,True
14:17:44.411,389.962,383.962,200,True
14:17:44.588,389.962,383.962,200,True
14:17:44.741,389.962,383.962,200,True
14:17:44.920,389.962,383.962,200,True
14:17:45.099,389.962,383.962,200,True
14:17:45.278,389.962,383.962,200,True
14:17:45.460,389.962,383.962,200,True
14:17:45.638,389.962,383.962,200,True
14:17:45.815,389.962,383.962,200,True
14:17:45.968,389.962,383.962,200,True
14:17:46.146,389.962,383.962,200,True
14:17:46.325,389.962,383.962,200,True
14:17:46.503,389.962,383.962,200,True
14:17:46.682,389.962,383.962,200,True
14:17:46.860,389.962,383.962,200,True
14:17:47.016,389.962,383.962,200,True
14:17:47.193,389.962,383.962,200,True
14:17:47.307,389.962,383.962,200,True
14:17:47.621,389.962,383.962,200,True
14:17:48.027,389.962,383.962,200,True
14:17:48.204,389.962,383.962,200,True
14:17:48.382,389.962,383.962,200,True
14:17:48.563,389.962,383.962,200,True
14:17:48.738,389.962,383.962,200,True
14:17:48.916,389.962,383.962,200,True
14:17:49.094,389.962,383.962,200,True
14:17:49.272,389.962,383.962,200,True
14:17:49.452,389.962,383.962,200,True
14:17:49.630,389.962,383.962,200,True
14:17:49.807,389.962,383.962,200,True
14:17:49.985,389.962,383.962,200,True
14:17:50.163,389.962,383.962,200,True
14:17:50.341,389.962,383.962,200,True
14:17:50.520,389.962,383.962,200,True
14:17:50.697,389.962,383.962,200,True
14:17:50.876,389.962,383.962,200,True
14:17:51.053,389.962,383.962,200,True
14:17:51.231,389.962,383.962,200,True
14:17:51.410,389.962,383.962,200,True
14:17:51.589,389.962,383.962,200,True
14:17:51.767,389.962,383.962,200,True
14:17:51.944,389.962,383.962,200,True
14:17:52.123,389.962,383.962,200,True
14:17:52.301,389.962,383.962,200,True
14:17:52.481,389.962,383.962,200,True
14:17:52.657,389.962,383.962,200,True
14:17:52.834,389.962,383.962,200,True
14:17:53.013,389.962,383.962,200,True
14:17:53.191,389.962,383.962,200,True
14:17:53.368,389.962,383.962,200,True
14:17:53.548,389.962,383.962,200,True
14:17:55.949,389.962,383.962,200,False
14:18:09.397,389.962,383.962,199.958,False
14:18:09.596,389.962,383.962,199.958,False
14:18:09.773,389.962,383.962,199.958,False
14:18:10.104,389.962,383.962,199.958,False
14:18:10.282,389.962,383.962,199.958,False
14:18:10.459,389.962,383.962,199.958,False
14:18:10.643,389.962,383.962,204.956,False
14:18:10.995,389.962,383.962,204.956,False
14:18:11.172,389.962,383.962,204.956,False
14:18:11.349,389.962,383.962,204.956,False
14:18:11.529,389.962,383.962,204.956,False
14:18:11.706,389.962,383.962,204.956,False
14:18:11.884,389.962,383.962,204.956,False
14:18:12.063,389.962,383.962,204.956,False
14:18:12.240,389.962,383.962,204.956,False
14:18:12.419,389.962,383.962,204.956,False
14:18:12.598,389.962,383.962,204.956,False
14:18:12.777,389.962,383.962,204.956,False
14:18:12.954,389.962,383.962,204.956,False
14:18:13.132,389.962,383.962,204.956,False
14:18:13.314,389.962,383.962,204.956,False
14:18:13.491,389.962,383.962,204.956,False
14:18:13.670,389.962,383.962,204.956,False
14:18:13.848,389.962,383.962,204.956,False
14:18:14.025,389.962,383.962,204.956,False
14:18:14.204,389.962,383.962,204.956,False
14:18:14.381,389.962,383.962,204.956,False
14:18:14.560,389.962,383.962,204.956,False
14:18:14.737,-0.0438,383.969,204.956,False
14:18:14.916,5,383.969,204.956,False
14:18:14.993,5,383.969,204.956,False
14:18:15.172,5,383.969,204.956,False
14:18:15.350,5,383.969,204.956,False
14:18:15.509,0,383.975,204.956,False
14:18:15.538,0,383.975,204.956,False
14:18:15.706,0,383.975,204.956,False
14:18:16.037,0,383.975,204.956,False
14:18:16.215,0,383.975,204.956,False
14:18:16.395,0,383.975,204.956,False
14:18:16.575,0,383.975,204.956,False
14:18:16.750,0,383.975,204.956,False
14:18:16.928,0,383.975,204.956,False
14:18:17.106,0,383.975,204.956,False
14:18:17.283,0,383.975,204.956,False
14:18:17.461,0,383.975,204.956,False
14:18:17.639,0,383.975,204.956,False
14:18:17.818,0,383.975,204.956,False
14:18:17.995,0,383.975,204.956,False
14:18:18.175,0,383.975,204.956,False
14:18:18.382,0,383.975,204.956,False
14:18:18.566,0,383.975,204.956,False
14:18:18.973,0,383.975,204.956,False
14:18:19.151,0,383.975,204.956,False
14:18:19.328,0,383.975,204.956,False
14:18:19.507,0,5,204.956,False
14:18:19.586,0,5,204.956,False
14:18:19.764,0,5,204.956,False
14:18:19.942,0,5,204.956,False
14:18:20.120,0,5,204.956,False
14:18:20.298,0,0,204.956,False
14:18:20.493,0,0,204.956,False
14:18:20.653,200,200,204.956,False
14:18:20.908,200,200,204.956,False
14:18:21.085,200,200,204.956,False
14:18:21.264,200,200,204.956,False
14:18:21.442,200,200,204.956,False
14:18:21.620,200,200,204.956,False
14:18:21.798,200,200,204.956,False
14:18:21.976,200,200,204.956,False
14:18:22.153,200,200,204.956,False
14:18:22.332,200,200,204.956,False
14:18:22.509,200,200,204.956,False
14:18:22.688,200,200,204.956,False
14:18:22.865,200,200,204.956,False
14:18:23.044,200,200,204.956,False
14:18:23.222,200,200,204.956,False
14:18:23.400,200,200,204.956,False
14:18:23.512,200,200,204.956,False
14:18:24.225,200,200,204.956,False
14:18:24.556,200,200,204.956,False
14:18:24.734,200,200,204.956,False
14:18:24.914,200,200,204.956,False
14:18:25.091,200,200,204.956,False
14:18:25.269,200,200,204.956,False
14:18:25.446,200,200,204.956,False
14:18:25.625,200,200,204.956,False
14:18:25.804,200,200,204.956,False
14:18:25.981,200,200,204.956,False
14:18:26.159,200,200,204.956,False
14:18:26.337,200,200,204.956,False
14:18:26.515,200,200,204.956,False
14:18:26.693,200,200,204.956,False
14:18:26.872,200,200,204.956,False
14:18:27.050,200,200,204.956,False
14:18:27.228,200,200,204.956,False
14:18:27.406,200,200,204.956,False
14:18:27.585,200,200,204.956,False
14:18:27.763,200,200,204.956,False
14:18:27.941,200,200,204.956,False
14:18:28.120,200,200,204.956,False
14:18:28.298,200,200,204.956,False
14:18:28.477,200,200,204.956,False
14:18:28.678,200,200,204.956,False
14:18:28.862,200,200,204.956,False
14:18:29.270,200,200,204.956,False
14:18:29.448,200,200,204.956,False
14:18:29.626,200,200,204.956,False
14:18:29.804,200,200,204.956,False
14:18:29.982,200,200,204.956,False
14:18:30.160,200,200,204.956,False
14:18:30.338,200,200,204.956,False
14:18:30.516,200,200,204.956,False
14:18:30.694,200,200,204.956,False
14:18:30.872,200,200,204.956,False
14:18:31.050,200,200,204.956,False
14:18:31.228,200,200,204.956,False
14:18:31.406,200,200,204.956,False
14:18:31.585,200,200,204.956,False
14:18:31.763,200,200,204.956,False
14:18:31.942,200,200,204.956,False
14:18:32.119,200,200,204.956,False
14:18:32.297,200,200,204.956,False
14:18:32.475,200,200,204.956,False
14:18:32.653,200,200,204.956,False
14:18:32.832,200,200,204.956,False
14:18:33.010,200,200,204.956,False
14:18:33.188,200,200,204.956,False
14:18:33.366,200,200,204.956,False
14:18:33.545,200,200,204.956,False
14:18:33.722,200,200,204.956,False
14:18:33.900,200,200,204.956,False
14:18:34.078,200,200,204.956,False
14:18:34.256,200,200,204.956,False
14:18:34.434,200,200,204.956,False
14:18:34.612,200,200,204.956,False
14:18:34.790,200,200,204.956,False
14:18:34.968,200,200,204.956,False
14:18:35.146,200,200,204.956,False
14:18:35.324,200,200,204.956,False
14:18:35.502,200,200,204.956,False
14:18:35.681,200,200,204.956,False
14:18:35.859,200,200,204.956,False
14:18:36.037,200,200,204.956,False
14:18:36.215,200,200,204.956,False
14:18:36.393,200,200,204.956,False
14:18:36.571,200,200,204.956,False
14:18:36.751,200,200,204.956,False
14:18:36.927,200,200,204.956,False
14:18:37.106,200,200,204.956,False
14:18:37.285,200,200,204.956,False
14:18:37.462,200,200,204.956,False
14:18:37.639,200,200,204.956,False
14:18:37.817,200,200,204.956,False
14:18:37.995,200,200,204.956,False
14:18:38.173,200,200,204.956,False
14:18:38.351,200,200,204.956,False
14:18:38.529,200,200,204.956,False
14:18:38.706,200,200,204.956,False
14:18:38.817,200,200,204.956,False
14:18:39.150,200,200,204.956,False
14:18:39.557,200,200,204.956,False
14:18:39.736,200,200,204.956,False
14:18:39.915,200,200,204.956,False
14:18:40.092,200,200,204.956,False
14:18:40.270,200,200,204.956,False
14:18:40.447,200,200,204.956,False
14:18:40.626,200,200,204.956,False
14:18:40.805,200,200,204.956,False
14:18:40.983,200,200,204.956,False
14:18:41.161,200,200,204.956,False
14:18:41.338,200,200,204.956,False
14:18:41.515,200,200,204.956,False
14:18:41.694,200,200,204.956,False
14:18:41.872,200,200,204.956,False
14:18:42.050,200,200,204.956,False
14:18:42.227,200,200,204.956,False
14:18:42.406,200,200,204.956,False
14:18:42.587,200,200,204.956,False
14:18:42.763,200,200,204.956,False
14:18:42.941,200,200,204.956,False
14:18:43.119,200,200,204.956,False
14:18:43.299,200,200,204.956,False
14:18:43.475,200,200,204.956,False
14:18:43.654,200,200,204.956,False
14:18:43.833,200,200,204.956,False
14:18:44.010,200,200,204.956,False
14:18:44.188,200,200,204.956,False
14:18:44.366,200,200,204.956,False
14:18:44.544,200,200,204.956,False
14:18:44.722,200,200,204.956,False
14:18:44.900,200,200,204.956,False
14:18:45.078,200,200,204.956,False
14:18:45.256,200,200,204.956,False
14:18:45.435,200,200,204.956,False
14:18:45.612,200,200,204.956,False
14:18:45.792,200,200,204.956,False
14:18:45.968,200,200,204.956,False
14:18:46.146,200,200,204.956,False
14:18:46.324,200,200,204.956,False
14:18:46.502,200,200,204.956,False
14:18:46.680,200,200,204.956,False
14:18:46.858,200,200,204.956,False
14:18:47.039,200,200,204.956,False
14:18:47.214,200,200,204.956,False
14:18:47.392,200,200,204.956,False
14:18:47.570,200,200,204.956,False
14:18:47.751,200,200,204.956,False
14:18:47.929,200,200,204.956,False
14:18:48.107,200,200,204.956,False
14:18:48.285,200,200,204.956,False
14:18:48.463,200,200,204.956,False
14:18:48.640,200,200,204.956,False
14:18:48.819,200,200,204.956,False
14:18:48.997,200,200,204.956,False
14:18:49.112,200,200,204.956,False
14:18:49.446,200,200,204.956,False
14:18:49.853,200,200,204.956,False
14:18:50.031,200,200,204.956,False
14:18:50.209,200,200,204.956,False
14:18:50.386,200,200,204.956,False
14:18:50.565,200,200,204.956,False
14:18:50.743,200,200,204.956,False
14:18:50.921,200,200,204.956,False
14:18:51.098,200,200,204.956,False
14:18:51.277,200,200,204.956,False
14:18:51.455,200,200,204.956,False
14:18:51.579,200,200,-0.03,False
14:18:51.611,200,200,-0.03,True
14:18:51.826,200,200,-0.03,True
14:18:52.157,200,200,-0.03,True
14:18:52.309,200,200,-0.03,True
14:18:53.174,200,200,-0.03,True
14:18:53.322,200,200,-0.0325,True
14:18:53.525,200,200,-0.0325,True
14:18:53.856,200,200,-0.0325,True
14:18:54.034,200,200,-0.0325,True
14:18:54.212,200,200,-0.0325,True
14:18:54.390,200,200,-0.0325,True
14:18:54.501,200,200,4.971,True
14:18:54.797,398,16,20,True
14:18:54.976,398,16,20,True
14:18:55.154,398,16,20,True
14:18:55.332,398,16,20,True
14:18:55.510,398,16,20,True
14:18:55.689,398,16,20,True
14:18:55.867,398,16,20,True
14:18:56.045,398,16,20,True
14:18:56.223,398,16,20,True
14:18:56.401,398,16,20,True
14:18:56.579,398,16,20,True
14:18:56.763,398,16,20,True
14:18:56.934,398,16,20,True
14:18:57.113,398,16,20,True
14:18:57.291,398,16,20,True
14:18:57.445,398,16,20,True
14:18:57.768,398,16,20,True
14:18:58.555,398,16,20,True
14:18:58.886,398,16,20,True
14:18:59.064,398,16,20,True
14:18:59.242,398,16,20,True
14:18:59.373,398,16,20,True
14:18:59.567,398,16,20,True
14:18:59.752,398,16,20,True
14:19:00.158,398,16,20,True
14:19:00.337,398,16,20,True
14:19:00.515,398,16,20,True
14:19:00.693,398,16,20,True
14:19:00.871,398,16,20,True
14:19:01.049,398,16,20,True
14:19:01.192,397.994,15.994,0.075,True
14:19:01.395,397.994,15.994,0.075,True
14:19:01.726,397.994,15.994,0.075,True
14:19:01.896,397.994,15.994,0.075,True
14:19:02.007,397.994,15.994,0.075,True
14:19:02.714,397.994,15.994,0.075,True
14:19:02.996,397.994,15.994,0.0712,True
14:19:03.188,397.994,15.994,0.0712,True
14:19:03.519,397.994,15.994,0.0712,True
14:19:03.699,397.994,15.994,0.0712,True
14:19:03.876,397.994,15.994,0.0712,True
14:19:04.054,397.994,15.994,0.0712,True
14:19:04.232,397.994,15.994,0.0712,True
14:19:04.410,397.994,15.994,0.0712,True
14:19:04.588,397.994,15.994,0.0712,True
14:19:04.766,397.994,15.994,0.0712,True
14:19:04.944,397.994,15.994,0.0712,True
14:19:05.122,397.994,15.994,19.97,True
14:19:05.479,201,380,19.97,True
14:19:05.656,201,380,19.97,True
14:19:05.834,201,380,19.97,True
14:19:06.012,201,380,19.97,True
14:19:06.191,201,380,19.97,True
14:19:06.368,201,380,19.97,True
14:19:06.546,201,380,19.97,True
14:19:06.723,201,380,19.97,True
14:19:06.902,201,380,19.97,True
14:19:07.840,201,380,19.97,True
14:19:08.174,201,380,19.97,True
14:19:08.350,201,380,19.97,True
14:19:08.528,201,380,19.97,True
14:19:08.706,201,380,19.97,True
14:19:08.884,201,380,19.97,True
14:19:09.063,201,380,19.97,True
14:19:09.240,201,380,19.97,True
14:19:09.420,201,380,19.97,True
14:19:09.598,201,380,19.97,True
14:19:09.712,201,380,19.97,True
14:19:10.045,201,380,19.97,True
14:19:10.435,201.006,379.994,-0.0575,True
14:19:10.844,201.006,379.994,-0.0575,True
14:19:11.021,201.006,379.994,-0.0575,True
14:19:11.194,201.006,379.994,-0.0575,True
14:19:11.304,201.006,379.994,-0.0575,True
14:19:12.008,201.006,379.994,-0.0575,True
14:19:12.288,201.006,379.994,-0.0575,True
14:19:12.483,201.006,379.994,-0.0575,True
14:19:12.816,201.006,379.994,-0.0575,True
14:19:12.992,201.006,379.994,-0.0575,True
14:19:13.170,201.006,379.994,-0.0575,True
14:19:13.348,201.006,379.994,-0.0575,True
14:19:13.527,201.006,379.994,-0.0575,True
14:19:13.705,201.006,379.994,-0.0575,True
14:19:13.882,201.006,379.994,-0.0575,True
14:19:14.060,201.006,379.994,-0.0575,True
14:19:14.239,201.006,379.994,-0.0575,True
14:19:14.417,201.006,379.994,19.97,True
14:19:14.773,2,16,19.97,True
14:19:14.951,2,16,19.97,True
14:19:15.129,2,16,19.97,True
14:19:15.307,2,16,19.97,True
14:19:15.485,2,16,19.97,True
14:19:15.663,2,16,19.97,True
14:19:15.842,2,16,19.97,True
14:19:16.020,2,16,19.97,True
14:19:16.198,2,16,19.97,True
14:19:17.152,2,16,19.97,True
14:19:17.483,2,16,19.97,True
14:19:17.661,2,16,19.97,True
14:19:17.838,2,16,19.97,True
14:19:18.017,2,16,19.97,True
14:19:18.195,2,16,19.97,True
14:19:18.375,2,16,19.97,True
14:19:18.552,2,16,19.97,True
14:19:18.730,2,16,19.97,True
14:19:18.908,2,16,19.97,True
14:19:19.086,2,16,19.97,True
14:19:19.264,2,16,19.97,True
14:19:19.442,2,16,19.97,True
14:19:19.620,2,16,19.97,True
14:19:19.759,2.006,16.019,0.0637,True
14:19:19.967,2.006,16.019,0.0637,True
14:19:20.158,2.006,16.019,0.0637,True
14:19:20.341,2.006,16.019,0.0637,True
14:19:20.672,2.006,16.019,0.0637,True
14:19:21.308,2.006,16.019,0.0637,True
14:19:21.589,2.006,16.019,0.0625,True
14:19:21.783,2.006,16.019,0.0625,True
14:19:22.114,2.006,16.019,0.0625,True
14:19:22.292,2.006,16.019,0.0625,True
14:19:22.470,2.006,16.019,0.0625,True
14:19:22.648,2.006,16.019,0.0625,True
14:19:22.826,2.006,16.019,0.0625,True
14:19:23.004,2.006,16.019,0.0625,True
14:19:23.182,2.006,16.019,0.0625,True
14:19:23.360,2.006,16.019,0.0625,True
14:19:23.539,2.006,16.019,0.0625,True
14:19:23.716,2.006,16.019,19.97,True
14:19:23.797,2.006,16.019,19.97,True
14:19:24.305,398,16,19.97,True
14:19:24.483,398,16,19.97,True
14:19:24.661,398,16,19.97,True
14:19:24.839,398,16,19.97,True
14:19:25.017,398,16,19.97,True
14:19:25.195,398,16,19.97,True
14:19:25.373,398,16,19.97,True
14:19:25.551,398,16,19.97,True
14:19:25.730,398,16,19.97,True
14:19:26.679,398,16,19.97,True
14:19:27.010,398,16,19.97,True
14:19:27.190,398,16,19.97,True
14:19:27.366,398,16,19.97,True
14:19:27.544,398,16,19.97,True
14:19:27.722,398,16,19.97,True
14:19:27.900,398,16,19.97,True
14:19:28.080,398,16,19.97,True
14:19:28.232,398,16,19.97,True
14:19:28.410,398,16,19.97,True
14:19:28.591,398,16,19.97,True
14:19:28.767,398,16,19.97,True
14:19:28.945,398,16,19.97,True
14:19:29.123,398,16,19.97,True
14:19:29.277,397.994,15.994,-0.0262,True
14:19:29.511,397.994,15.994,-0.0262,True
14:19:29.848,397.994,15.994,-0.0262,True
14:19:30.021,397.994,15.994,-0.0262,True
14:19:30.134,397.994,15.994,-0.0262,True
14:19:30.883,397.994,15.994,-0.0262,True
14:19:31.147,397.994,15.994,-0.0288,True
14:19:31.333,397.994,15.994,-0.0288,True
14:19:31.511,397.994,15.994,-0.0288,True
14:19:31.689,397.994,15.994,-0.0288,True
14:19:31.868,397.994,15.994,-0.0288,True
14:19:32.046,397.994,15.994,-0.0288,True
14:19:32.225,397.994,15.994,-0.0288,True
14:19:32.403,397.994,15.994,-0.0288,True
14:19:32.556,397.994,15.994,-0.0288,True
14:19:32.734,397.994,15.994,-0.0288,True
14:19:32.912,397.994,15.994,-0.0288,True
14:19:33.090,397.994,15.994,-0.0288,True
14:19:33.268,397.994,15.994,19.97,True
14:19:33.624,201,380,19.97,True
14:19:33.802,201,380,19.97,True
14:19:33.980,201,380,19.97,True
14:19:34.161,201,380,19.97,True
14:19:34.336,201,380,19.97,True
14:19:34.514,201,380,19.97,True
14:19:34.692,201,380,19.97,True
14:19:34.870,201,380,19.97,True
14:19:35.048,201,380,19.97,True
14:19:35.984,201,380,19.97,True
14:19:36.316,201,380,19.97,True
14:19:36.495,201,380,19.97,True
14:19:36.672,201,380,19.97,True
14:19:36.849,201,380,19.97,True
14:19:37.027,201,380,19.97,True
14:19:37.206,201,380,19.97,True
14:19:37.382,201,380,19.97,True
14:19:37.561,201,380,19.97,True
14:19:37.739,201,380,19.97,True
14:19:37.917,201,380,19.97,True
14:19:38.095,201,380,19.97,True
14:19:38.248,201,380,19.97,True
14:19:38.426,201,380,19.97,True
14:19:38.580,201.006,379.994,-0.0312,True
14:19:38.967,201.006,379.994,-0.0312,True
14:19:39.144,201.006,379.994,-0.0312,True
14:19:39.323,201.006,379.994,-0.0312,True
14:19:39.432,201.006,379.994,-0.0312,True
14:19:40.160,201.006,379.994,-0.0312,True
14:19:40.438,201.006,379.994,-0.0288,True
14:19:40.587,201.006,379.994,-0.0288,True
14:19:40.783,201.006,379.994,-0.0288,True
14:19:40.968,201.006,379.994,-0.0288,True
14:19:41.375,201.006,379.994,-0.0288,True
14:19:41.553,201.006,379.994,-0.0288,True
14:19:41.731,201.006,379.994,-0.0288,True
14:19:41.910,201.006,379.994,-0.0288,True
14:19:42.087,201.006,379.994,-0.0288,True
14:19:42.265,201.006,379.994,-0.0288,True
14:19:42.443,201.006,379.994,-0.0288,True
14:19:42.621,201.006,379.994,19.97,True
14:19:42.798,2,16,19.97,True
14:19:42.977,2,16,19.97,True
14:19:43.155,2,16,19.97,True
14:19:43.333,2,16,19.97,True
14:19:43.511,2,16,19.97,True
14:19:43.689,2,16,19.97,True
14:19:43.868,2,16,19.97,True
14:19:44.045,2,16,19.97,True
14:19:44.223,2,16,19.97,True
14:19:44.401,2,16,19.97,True
14:19:45.264,2,16,19.97,True
14:19:45.595,2,16,19.97,True
14:19:45.773,2,16,19.97,True
14:19:45.951,2,16,19.97,True
14:19:46.129,2,16,19.97,True
14:19:46.307,2,16,19.97,True
14:19:46.484,2,16,19.97,True
14:19:46.663,2,16,19.97,True
14:19:46.842,2,16,19.97,True
14:19:47.019,2,16,19.97,True
14:19:47.197,2,16,19.97,True
14:19:47.375,2,16,19.97,True
14:19:47.552,2,16,19.97,True
14:19:47.731,2,16,19.97,True
14:19:47.885,2,16.013,-0.03,True
14:19:48.119,2,16.013,-0.03,True
14:19:48.450,2,16.013,-0.03,True
14:19:48.628,2,16.013,-0.03,True
14:19:48.738,2,16.013,-0.03,True
14:19:49.436,2,16.013,-0.03,True
14:19:49.737,2,16.013,-0.0288,True
14:19:49.936,2,16.013,-0.0288,True
14:19:50.267,2,16.013,-0.0288,True
14:19:50.445,2,16.013,-0.0288,True
14:19:50.623,2,16.013,-0.0288,True
14:19:50.801,2,16.013,-0.0288,True
14:19:50.926,2,16.013,-0.0288,True
14:19:51.247,2,16.013,-0.0288,True
14:19:51.630,2,16.013,-0.0288,True
14:19:51.808,2,16.013,-0.0288,True
14:19:51.987,2,16.013,19.97,True
14:19:52.065,2,16.013,19.97,True
14:19:52.779,2,16.013,5,True
14:19:52.945,200,200,5,True
14:19:53.123,200,200,5,True
14:19:53.301,200,200,5,True
14:19:53.479,200,200,5,True
14:19:53.657,200,200,5,True
14:19:53.834,200,200,5,True
14:19:54.013,200,200,5,True
14:19:54.191,200,200,5,True
14:19:54.369,200,200,5,True
14:19:54.546,200,200,5,True
14:19:54.725,200,200,5,True
14:19:54.903,200,200,5,True
14:19:55.080,200,200,5,True
14:19:55.259,200,200,5,True
14:19:55.437,200,200,5,True
14:19:57.206,200,200,5,True
14:19:57.538,200,200,5,True
14:19:57.716,200,200,5,True
14:19:57.863,200,200,-0.03,True
14:19:57.897,200,200,-0.03,True
14:19:58.068,200,200,-0.03,True
14:19:58.399,200,200,-0.03,True
14:19:58.552,200,200,-0.03,True
14:19:58.663,200,200,-0.03,True
14:19:59.391,200,200,-0.03,True
14:19:59.672,200,200,-0.03,True
14:19:59.868,200,200,-0.03,True
14:20:00.198,200,200,-0.03,True
14:20:00.376,200,200,-0.03,True
14:20:00.554,200,200,-0.03,True
14:20:00.732,200,200,-0.03,True
14:20:00.912,200,200,4.97,True
14:20:08.862,200,200,4.97,True
14:20:09.219,200,200,5,True
14:20:09.397,200,200,5,True
14:20:09.479,200,200,5,True
14:20:09.653,200,200,5,True
14:20:09.831,200,200,5,True
14:20:10.008,200,200,5,True
14:20:10.187,200,200,5,True
14:20:10.365,200,200,5,True
14:20:10.544,200,200,5,True
14:20:10.687,200,200,5,True
14:20:11.480,200,200,5,True
14:20:11.675,200,200,5,True
14:20:11.859,200,200,5,True
14:20:12.125,10.006,15.994,-0.00375,True
14:20:12.295,10.006,15.994,-0.00375,True
14:20:12.548,10.006,15.994,-0.00375,True
14:20:12.728,10.006,15.994,-0.00375,True
14:20:12.882,10.006,15.994,-0.00375,True
14:20:13.617,10.006,15.994,-0.00375,True
14:20:13.837,10.006,15.994,0,True
14:20:14.018,10.006,15.994,0,True
14:20:14.272,10.006,15.994,0,True
14:20:14.450,10.006,15.994,0,True
14:20:14.628,10.006,15.994,0,True
14:20:14.806,10.006,15.994,0,True
14:20:14.984,10.006,15.994,0,True
14:20:15.162,10.006,15.994,0,True
14:20:15.319,10.006,15.994,0,True
14:20:15.428,10.006,15.994,0,True
14:20:16.135,10.006,15.994,0,True
14:20:16.390,10.006,15.994,0,True
14:20:16.568,10.006,15.994,0,True
14:20:16.745,73.312,16,0.0675,True
14:20:17.133,73.312,16,0.0675,True
14:20:17.311,73.312,16,0.0675,True
14:20:17.478,73.312,16,0.0675,True
14:20:17.597,73.312,16,0.0675,True
14:20:18.295,73.312,16,0.0675,True
14:20:18.518,73.312,16,0.0675,True
14:20:18.697,73.312,16,0.0675,True
14:20:18.952,73.312,16,0.0675,True
14:20:19.130,73.312,16,0.0675,True
14:20:19.308,73.312,16,0.0675,True
14:20:19.486,73.312,16,0.0675,True
14:20:19.666,73.312,16,0.0675,True
14:20:19.842,73.312,16,0.0675,True
14:20:19.996,73.312,16,0.0675,True
14:20:20.810,73.312,16,0.0675,True
14:20:21.066,73.312,16,0.0675,True
14:20:21.243,73.312,16,0.0675,True
14:20:21.422,136.65,16,0.0625,True
14:20:21.578,136.65,16,0.0625,True
14:20:21.790,136.65,16,0.0625,True
14:20:21.987,136.65,16,0.0625,True
14:20:22.153,136.65,16,0.0625,True
14:20:22.920,136.65,16,0.0625,True
14:20:23.168,136.65,16,0.0512,True
14:20:23.453,136.65,16,0.0512,True
14:20:23.631,136.65,16,0.0512,True
14:20:23.807,136.65,16,0.0512,True
14:20:23.960,136.65,16,0.0512,True
14:20:24.139,136.65,16,0.0512,True
14:20:24.317,136.65,16,0.0512,True
14:20:24.496,136.65,16,0.0512,True
14:20:24.669,136.65,16,0.0512,True
14:20:24.784,136.65,16,0.0512,True
14:20:25.486,136.65,16,0.0512,True
14:20:25.741,136.65,16,0.0512,True
14:20:25.919,136.65,16,0.0512,True
14:20:26.073,199.975,16,0.06,True
14:20:26.355,199.975,16,0.06,True
14:20:26.533,199.975,16,0.06,True
14:20:26.711,199.975,16,0.06,True
14:20:26.857,199.975,16,0.06,True
14:20:27.644,199.975,16,0.06,True
14:20:27.868,199.975,16,0.0625,True
14:20:27.998,199.975,16,0.0625,True
14:20:28.253,199.975,16,0.0625,True
14:20:28.432,199.975,16,0.0625,True
14:20:28.610,199.975,16,0.0625,True
14:20:28.788,199.975,16,0.0625,True
14:20:28.966,199.975,16,0.0625,True
14:20:29.144,199.975,16,0.0625,True
14:20:29.322,199.975,16,0.0625,True
14:20:29.432,199.975,16,0.0625,True
14:20:30.162,199.975,16,0.0625,True
14:20:30.417,199.975,16,0.0625,True
14:20:30.596,199.975,16,0.0625,True
14:20:30.749,263.312,16,0.035,True
14:20:31.032,263.312,16,0.035,True
14:20:31.210,263.312,16,0.035,True
14:20:31.388,263.312,16,0.035,True
14:20:31.536,263.312,16,0.035,True
14:20:32.180,263.312,16,0.035,True
14:20:32.470,263.312,16,0.0338,True
14:20:32.734,263.312,16,0.0338,True
14:20:32.989,263.312,16,0.0338,True
14:20:33.167,263.312,16,0.0338,True
14:20:33.344,263.312,16,0.0338,True
14:20:33.522,263.312,16,0.0338,True
14:20:33.700,263.312,16,0.0338,True
14:20:33.877,263.312,16,0.0338,True
14:20:34.015,263.312,16,0.0338,True
14:20:34.804,263.312,16,0.0338,True
14:20:35.061,263.312,16,0.0338,True
14:20:35.237,263.312,16,0.0338,True
14:20:35.396,326.638,16,-0.0213,True
14:20:35.682,326.638,16,-0.0213,True
14:20:35.859,326.638,16,-0.0213,True
14:20:36.040,326.638,16,-0.0213,True
14:20:36.184,326.638,16,-0.0213,True
14:20:36.979,326.638,16,-0.0213,True
14:20:37.200,326.638,16,-0.0175,True
14:20:37.378,326.638,16,-0.0175,True
14:20:37.635,326.638,16,-0.0175,True
14:20:37.811,326.638,16,-0.0175,True
14:20:37.989,326.638,16,-0.0175,True
14:20:38.166,326.638,16,-0.0175,True
14:20:38.344,326.638,16,-0.0175,True
14:20:38.523,326.638,16,-0.0175,True
14:20:38.683,326.638,16,-0.0175,True
14:20:38.794,326.638,16,-0.0175,True
14:20:39.497,326.638,16,-0.0175,True
14:20:39.752,326.638,16,-0.0175,True
14:20:39.930,326.638,16,-0.0175,True
14:20:40.088,389.962,16,-0.0075,True
14:20:40.370,389.962,16,-0.0075,True
14:20:40.548,389.962,16,-0.0075,True
14:20:40.726,389.962,16,-0.0075,True
14:20:40.873,389.962,16,-0.0075,True
14:20:41.662,389.962,16,-0.0075,True
14:20:41.883,389.962,16,0.00125,True
14:20:42.061,389.962,16,0.00125,True
14:20:42.316,389.962,16,0.00125,True
14:20:42.440,389.962,16,0.00125,True
14:20:42.765,389.962,16,0.00125,True
14:20:43.096,389.962,16,0.00125,True
14:20:43.274,389.962,16,0.00125,True
14:20:43.411,389.962,16,0.00125,True
14:20:44.201,389.962,16,0.00125,True
14:20:44.379,389.962,16,0.00125,True
14:20:44.557,389.962,16,0.00125,True
14:20:44.735,389.962,16,0.00125,True
14:20:44.867,389.969,77.319,-0.147,True
14:20:45.037,389.969,77.319,-0.147,True
14:20:45.293,389.969,77.319,-0.147,True
14:20:45.470,389.969,77.319,-0.147,True
14:20:45.623,389.969,77.319,-0.147,True
14:20:46.359,389.969,77.319,-0.147,True
14:20:46.579,389.969,77.319,-0.15,True
14:20:46.733,389.969,77.319,-0.15,True
14:20:46.988,389.969,77.319,-0.15,True
14:20:47.166,389.969,77.319,-0.15,True
14:20:47.344,389.969,77.319,-0.15,True
14:20:47.522,389.969,77.319,-0.15,True
14:20:47.700,389.969,77.319,-0.15,True
14:20:47.878,389.969,77.319,-0.15,True
14:20:48.057,389.969,77.319,-0.15,True
14:20:48.170,389.969,77.319,-0.15,True
14:20:48.893,389.969,77.319,-0.15,True
14:20:49.148,389.969,77.319,-0.15,True
14:20:49.325,389.969,77.319,-0.15,True
14:20:49.502,326.644,77.331,-0.144,True
14:20:49.784,326.644,77.331,-0.144,True
14:20:49.962,326.644,77.331,-0.144,True
14:20:50.140,326.644,77.331,-0.144,True
14:20:50.289,326.644,77.331,-0.144,True
14:20:51.076,326.644,77.331,-0.144,True
14:20:51.299,326.644,77.331,-0.144,True
14:20:51.478,326.644,77.331,-0.144,True
14:20:51.733,326.644,77.331,-0.144,True
14:20:51.911,326.644,77.331,-0.144,True
14:20:52.090,326.644,77.331,-0.144,True
14:20:52.269,326.644,77.331,-0.144,True
14:20:52.447,326.644,77.331,-0.144,True
14:20:52.627,326.644,77.331,-0.144,True
14:20:52.762,326.644,77.331,-0.144,True
14:20:53.014,326.644,77.331,-0.144,True
14:20:53.574,326.644,77.331,-0.144,True
14:20:53.829,326.644,77.331,-0.144,True
14:20:54.008,326.644,77.331,-0.144,True
14:20:54.178,263.306,77.331,-0.0812,True
14:20:54.460,263.306,77.331,-0.0812,True
14:20:54.637,263.306,77.331,-0.0812,True
14:20:54.815,263.306,77.331,-0.0812,True
14:20:54.963,263.306,77.331,-0.0812,True
14:20:55.754,263.306,77.331,-0.0812,True
14:20:55.975,263.306,77.331,-0.055,True
14:20:56.153,263.306,77.331,-0.055,True
14:20:56.407,263.306,77.331,-0.055,True
14:20:56.585,263.306,77.331,-0.055,True
14:20:56.730,263.306,77.331,-0.055,True
14:20:57.519,263.306,77.331,-0.055,True
14:20:57.743,263.306,77.331,-0.0575,True
14:20:57.920,263.306,77.331,-0.0575,True
14:20:58.175,263.306,77.331,-0.0575,True
14:20:58.353,263.306,77.331,-0.0575,True
14:20:58.530,263.306,77.331,-0.0575,True
14:20:58.708,263.306,77.331,-0.0575,True
14:20:58.886,263.306,77.331,-0.0575,True
14:20:59.065,263.306,77.331,-0.0575,True
14:20:59.227,263.306,77.331,-0.0575,True
14:20:59.339,263.306,77.331,-0.0575,True
14:21:00.041,263.306,77.331,-0.0575,True
14:21:00.299,263.306,77.331,-0.0575,True
14:21:00.477,263.306,77.331,-0.0575,True
14:21:00.634,199.981,77.331,-0.0125,True
14:21:00.916,199.981,77.331,-0.0125,True
14:21:01.092,199.981,77.331,-0.0125,True
14:21:01.271,199.981,77.331,-0.0125,True
14:21:01.419,199.981,77.331,-0.0125,True
14:21:02.209,199.981,77.331,-0.0125,True
14:21:02.435,199.981,77.331,-0.0262,True
14:21:02.611,199.981,77.331,-0.0262,True
14:21:02.866,199.981,77.331,-0.0262,True
14:21:02.980,199.981,77.331,-0.0262,True
14:21:03.314,199.981,77.331,-0.0262,True
14:21:03.644,199.981,77.331,-0.0262,True
14:21:03.822,199.981,77.331,-0.0262,True
14:21:03.974,199.981,77.331,-0.0262,True
14:21:04.763,199.981,77.331,-0.0262,True
14:21:04.941,199.981,77.331,-0.0262,True
14:21:05.119,199.981,77.331,-0.0262,True
14:21:05.297,199.981,77.331,-0.0262,True
14:21:05.421,136.65,77.325,-0.065,True
14:21:05.590,136.65,77.325,-0.065,True
14:21:05.845,136.65,77.325,-0.065,True
14:21:06.023,136.65,77.325,-0.065,True
14:21:06.177,136.65,77.325,-0.065,True
14:21:06.913,136.65,77.325,-0.065,True
14:21:07.132,136.65,77.325,-0.0587,True
14:21:07.312,136.65,77.325,-0.0587,True
14:21:07.567,136.65,77.325,-0.0587,True
14:21:07.745,136.65,77.325,-0.0587,True
14:21:07.923,136.65,77.325,-0.0587,True
14:21:08.101,136.65,77.325,-0.0587,True
14:21:08.280,136.65,77.325,-0.0587,True
14:21:08.461,136.65,77.325,-0.0587,True
14:21:08.620,136.65,77.325,-0.0587,True
14:21:08.732,136.65,77.325,-0.0587,True
14:21:09.436,136.65,77.325,-0.0587,True
14:21:09.691,136.65,77.325,-0.0587,True
14:21:09.869,136.65,77.325,-0.0587,True
14:21:10.035,73.325,77.325,-0.0763,True
14:21:10.318,73.325,77.325,-0.0763,True
14:21:10.494,73.325,77.325,-0.0763,True
14:21:10.672,73.325,77.325,-0.0763,True
14:21:10.822,73.325,77.325,-0.0763,True
14:21:11.610,73.325,77.325,-0.0763,True
14:21:11.834,73.325,77.325,-0.0925,True
14:21:12.013,73.325,77.325,-0.0925,True
14:21:12.269,73.325,77.325,-0.0925,True
14:21:12.447,73.325,77.325,-0.0925,True
14:21:12.625,73.325,77.325,-0.0925,True
14:21:12.803,73.325,77.325,-0.0925,True
14:21:12.981,73.325,77.325,-0.0925,True
14:21:13.159,73.325,77.325,-0.0925,True
14:21:13.268,73.325,77.325,-0.0925,True
14:21:13.541,73.325,77.325,-0.0925,True
14:21:14.128,73.325,77.325,-0.0925,True
14:21:14.384,73.325,77.325,-0.0925,True
14:21:14.535,73.325,77.325,-0.0925,True
14:21:14.715,73.325,77.325,-0.0925,True
14:21:14.825,10,77.325,-0.166,True
14:21:14.997,10,77.325,-0.166,True
14:21:15.252,10,77.325,-0.166,True
14:21:15.430,10,77.325,-0.166,True
14:21:15.581,10,77.325,-0.166,True
14:21:16.315,10,77.325,-0.166,True
14:21:16.538,10,77.325,-0.162,True
14:21:16.929,10,77.325,-0.162,True
14:21:17.105,10,77.325,-0.162,True
14:21:17.283,10,77.325,-0.162,True
14:21:17.436,10,77.325,-0.162,True
14:21:17.614,10,77.325,-0.162,True
14:21:17.792,10,77.325,-0.162,True
14:21:17.970,10,77.325,-0.162,True
14:21:18.113,10,77.325,-0.162,True
14:21:18.846,10,77.325,-0.162,True
14:21:19.101,10,77.325,-0.162,True
14:21:19.279,10,77.325,-0.162,True
14:21:19.457,9.994,138.644,-0.285,True
14:21:19.756,9.994,138.644,-0.285,True
14:21:19.935,9.994,138.644,-0.285,True
14:21:20.089,9.994,138.644,-0.285,True
14:21:20.259,9.994,138.644,-0.285,True
14:21:21.057,9.994,138.644,-0.285,True
14:21:21.279,9.994,138.644,-0.286,True
14:21:21.432,9.994,138.644,-0.286,True
14:21:21.688,9.994,138.644,-0.286,True
14:21:21.865,9.994,138.644,-0.286,True
14:21:22.043,9.994,138.644,-0.286,True
14:21:22.222,9.994,138.644,-0.286,True
14:21:22.399,9.994,138.644,-0.286,True
14:21:22.578,9.994,138.644,-0.286,True
14:21:22.755,9.994,138.644,-0.286,True
14:21:22.876,9.994,138.644,-0.286,True
14:21:23.606,9.994,138.644,-0.286,True
14:21:23.818,9.994,138.644,-0.286,True
14:21:24.151,9.994,138.644,-0.286,True
14:21:24.305,73.325,138.663,-0.164,True
14:21:24.504,73.325,138.663,-0.164,True
14:21:24.759,73.325,138.663,-0.164,True
14:21:24.937,73.325,138.663,-0.164,True
14:21:25.067,73.325,138.663,-0.164,True
14:21:25.775,73.325,138.663,-0.164,True
14:21:26.021,73.325,138.663,-0.155,True
14:21:26.410,73.325,138.663,-0.155,True
14:21:26.587,73.325,138.663,-0.155,True
14:21:26.766,73.325,138.663,-0.155,True
14:21:26.943,73.325,138.663,-0.155,True
14:21:27.121,73.325,138.663,-0.155,True
14:21:27.303,73.325,138.663,-0.155,True
14:21:27.478,73.325,138.663,-0.155,True
14:21:27.608,73.325,138.663,-0.155,True
14:21:28.339,73.325,138.663,-0.155,True
14:21:28.597,73.325,138.663,-0.155,True
14:21:28.787,73.325,138.663,-0.155,True
14:21:28.942,136.656,138.656,-0.11,True
14:21:29.223,136.656,138.656,-0.11,True
14:21:29.401,136.656,138.656,-0.11,True
14:21:29.579,136.656,138.656,-0.11,True
14:21:29.727,136.656,138.656,-0.11,True
14:21:30.515,136.656,138.656,-0.11,True
14:21:30.738,136.656,138.656,-0.11,True
14:21:30.895,136.656,138.656,-0.11,True
14:21:31.150,136.656,138.656,-0.11,True
14:21:31.328,136.656,138.656,-0.11,True
14:21:31.506,136.656,138.656,-0.11,True
14:21:31.684,136.656,138.656,-0.11,True
14:21:31.862,136.656,138.656,-0.11,True
14:21:32.040,136.656,138.656,-0.11,True
14:21:32.218,136.656,138.656,-0.11,True
14:21:32.330,136.656,138.656,-0.11,True
14:21:33.052,136.656,138.656,-0.11,True
14:21:33.307,136.656,138.656,-0.11,True
14:21:33.485,136.656,138.656,-0.11,True
14:21:33.651,199.981,138.656,-0.0525,True
14:21:33.937,199.981,138.656,-0.0525,True
14:21:34.115,199.981,138.656,-0.0525,True
14:21:34.411,199.981,138.656,-0.0525,True
14:21:34.521,199.981,138.656,-0.0525,True
14:21:35.230,199.981,138.656,-0.0525,True
14:21:35.452,199.981,138.656,-0.0525,True
14:21:35.631,199.981,138.656,-0.0525,True
14:21:35.886,199.981,138.656,-0.0525,True
14:21:36.064,199.981,138.656,-0.0525,True
14:21:36.242,199.981,138.656,-0.0525,True
14:21:36.421,199.981,138.656,-0.0525,True
14:21:36.599,199.981,138.656,-0.0525,True
14:21:36.777,199.981,138.656,-0.0525,True
14:21:36.939,199.981,138.656,-0.0525,True
14:21:37.047,199.981,138.656,-0.0525,True
14:21:37.758,199.981,138.656,-0.0525,True
14:21:38.013,199.981,138.656,-0.0525,True
14:21:38.191,199.981,138.656,-0.0525,True
14:21:38.361,263.306,138.656,-0.11,True
14:21:38.642,263.306,138.656,-0.11,True
14:21:38.822,263.306,138.656,-0.11,True
14:21:39.000,263.306,138.656,-0.11,True
14:21:39.147,263.306,138.656,-0.11,True
14:21:39.934,263.306,138.656,-0.11,True
14:21:40.156,263.306,138.656,-0.105,True
14:21:40.335,263.306,138.656,-0.105,True
14:21:40.589,263.306,138.656,-0.105,True
14:21:40.767,263.306,138.656,-0.105,True
14:21:40.945,263.306,138.656,-0.105,True
14:21:41.123,263.306,138.656,-0.105,True
14:21:41.301,263.306,138.656,-0.105,True
14:21:41.479,263.306,138.656,-0.105,True
14:21:41.632,263.306,138.656,-0.105,True
14:21:41.745,263.306,138.656,-0.105,True
14:21:42.442,263.306,138.656,-0.105,True
14:21:42.697,263.306,138.656,-0.105,True
14:21:42.875,263.306,138.656,-0.105,True
14:21:43.053,263.306,138.656,-0.105,True
14:21:43.182,326.631,138.656,-0.27,True
14:21:43.352,326.631,138.656,-0.27,True
14:21:43.607,326.631,138.656,-0.27,True
14:21:43.760,326.631,138.656,-0.27,True
14:21:43.911,326.631,138.656,-0.27,True
14:21:44.684,326.631,138.656,-0.27,True
14:21:44.910,326.631,138.656,-0.269,True
14:21:45.088,326.631,138.656,-0.269,True
14:21:45.344,326.631,138.656,-0.269,True
14:21:45.496,326.631,138.656,-0.269,True
14:21:45.674,326.631,138.656,-0.269,True
14:21:45.852,326.631,138.656,-0.269,True
14:21:46.030,326.631,138.656,-0.269,True
14:21:46.208,326.631,138.656,-0.269,True
14:21:46.386,326.631,138.656,-0.269,True
14:21:46.509,326.631,138.656,-0.269,True
14:21:47.237,326.631,138.656,-0.269,True
14:21:47.493,326.631,138.656,-0.269,True
14:21:47.670,326.631,138.656,-0.269,True
14:21:47.848,389.962,138.65,-0.252,True
14:21:48.141,389.962,138.65,-0.252,True
14:21:48.321,389.962,138.65,-0.252,True
14:21:48.500,389.962,138.65,-0.252,True
14:21:48.648,389.962,138.65,-0.252,True
14:21:49.434,389.962,138.65,-0.252,True
14:21:49.654,389.962,138.65,-0.244,True
14:21:49.834,389.962,138.65,-0.244,True
14:21:50.088,389.962,138.65,-0.244,True
14:21:50.265,389.962,138.65,-0.244,True
14:21:50.444,389.962,138.65,-0.244,True
14:21:50.622,389.962,138.65,-0.244,True
14:21:50.800,389.962,138.65,-0.244,True
14:21:50.979,389.962,138.65,-0.244,True
14:21:51.151,389.962,138.65,-0.244,True
14:21:51.265,389.962,138.65,-0.244,True
14:21:51.965,389.962,138.65,-0.244,True
14:21:52.220,389.962,138.65,-0.244,True
14:21:52.399,389.962,138.65,-0.244,True
14:21:52.576,389.962,199.975,-0.225,True
14:21:52.866,389.962,199.975,-0.225,True
14:21:53.044,389.962,199.975,-0.225,True
14:21:53.221,389.962,199.975,-0.225,True
14:21:53.372,389.962,199.975,-0.225,True
14:21:54.159,389.962,199.975,-0.225,True
14:21:54.426,389.962,199.975,-0.225,True
14:21:54.643,389.962,199.975,-0.225,True
14:21:54.973,389.962,199.975,-0.225,True
14:21:55.151,389.962,199.975,-0.225,True
14:21:55.329,389.962,199.975,-0.225,True
14:21:55.508,389.962,199.975,-0.225,True
14:21:55.686,389.962,199.975,-0.225,True
14:21:55.863,389.962,199.975,-0.225,True
14:21:56.007,389.962,199.975,-0.225,True
14:21:56.718,389.962,199.975,-0.225,True
14:21:56.972,389.962,199.975,-0.225,True
14:21:57.150,389.962,199.975,-0.225,True
14:21:57.329,389.962,199.975,-0.225,True
14:21:57.445,326.638,199.988,-0.186,True
14:21:57.616,326.638,199.988,-0.186,True
14:21:57.871,326.638,199.988,-0.186,True
14:21:58.049,326.638,199.988,-0.186,True
14:21:58.201,326.638,199.988,-0.186,True
14:21:58.935,326.638,199.988,-0.186,True
14:21:59.163,326.638,199.988,-0.186,True
14:21:59.319,326.638,199.988,-0.186,True
14:21:59.573,326.638,199.988,-0.186,True
14:21:59.751,326.638,199.988,-0.186,True
14:21:59.929,326.638,199.988,-0.186,True
14:22:00.106,326.638,199.988,-0.186,True
14:22:00.285,326.638,199.988,-0.186,True
14:22:00.464,326.638,199.988,-0.186,True
14:22:00.643,326.638,199.988,-0.186,True
14:22:00.755,326.638,199.988,-0.186,True
14:22:01.481,326.638,199.988,-0.186,True
14:22:01.737,326.638,199.988,-0.186,True
14:22:01.915,326.638,199.988,-0.186,True
14:22:02.076,263.306,199.981,-0.0575,True
14:22:02.358,263.306,199.981,-0.0575,True
14:22:02.536,263.306,199.981,-0.0575,True
14:22:02.714,263.306,199.981,-0.0575,True
14:22:02.862,263.306,199.981,-0.0575,True
14:22:03.651,263.306,199.981,-0.0575,True
14:22:03.878,263.306,199.981,-0.0787,True
14:22:04.056,263.306,199.981,-0.0787,True
14:22:04.311,263.306,199.981,-0.0787,True
14:22:04.490,263.306,199.981,-0.0787,True
14:22:04.601,263.306,199.981,-0.0787,True
14:22:04.879,263.306,199.981,-0.0787,True
14:22:05.463,263.306,199.981,-0.0787,True
14:22:05.686,263.306,199.981,-0.08,True
14:22:05.864,263.306,199.981,-0.08,True
14:22:06.119,263.306,199.981,-0.08,True
14:22:06.297,263.306,199.981,-0.08,True
14:22:06.475,263.306,199.981,-0.08,True
14:22:06.628,263.306,199.981,-0.08,True
14:22:06.807,263.306,199.981,-0.08,True
14:22:06.985,263.306,199.981,-0.08,True
14:22:07.162,263.306,199.981,-0.08,True
14:22:07.273,263.306,199.981,-0.08,True
14:22:07.996,263.306,199.981,-0.08,True
14:22:08.255,263.306,199.981,-0.08,True
14:22:08.430,263.306,199.981,-0.08,True
14:22:08.590,199.981,199.981,-0.035,True
14:22:08.873,199.981,199.981,-0.035,True
14:22:09.050,199.981,199.981,-0.035,True
14:22:09.226,199.981,199.981,-0.035,True
14:22:09.376,199.981,199.981,-0.035,True
14:22:10.165,199.981,199.981,-0.035,True
14:22:10.389,199.981,199.981,-0.045,True
14:22:10.568,199.981,199.981,-0.045,True
14:22:10.822,199.981,199.981,-0.045,True
14:22:11.000,199.981,199.981,-0.045,True
14:22:11.178,199.981,199.981,-0.045,True
14:22:11.356,199.981,199.981,-0.045,True
14:22:11.534,199.981,199.981,-0.045,True
14:22:11.715,199.981,199.981,-0.045,True
14:22:11.876,199.981,199.981,-0.045,True
14:22:11.986,199.981,199.981,-0.045,True
14:22:12.693,199.981,199.981,-0.045,True
14:22:12.949,199.981,199.981,-0.045,True
14:22:13.127,199.981,199.981,-0.045,True
14:22:13.293,136.656,199.981,-0.0825,True
14:22:13.575,136.656,199.981,-0.0825,True
14:22:13.754,136.656,199.981,-0.0825,True
14:22:13.931,136.656,199.981,-0.0825,True
14:22:14.081,136.656,199.981,-0.0825,True
14:22:14.828,136.656,199.981,-0.0825,True
14:22:15.025,136.656,199.981,-0.0825,True
14:22:15.211,136.656,199.981,-0.102,True
14:22:15.542,136.656,199.981,-0.102,True
14:22:15.721,136.656,199.981,-0.102,True
14:22:15.898,136.656,199.981,-0.102,True
14:22:16.076,136.656,199.981,-0.102,True
14:22:16.255,136.656,199.981,-0.102,True
14:22:16.433,136.656,199.981,-0.102,True
14:22:16.582,136.656,199.981,-0.102,True
14:22:17.371,136.656,199.981,-0.102,True
14:22:17.550,136.656,199.981,-0.102,True
14:22:17.729,136.656,199.981,-0.102,True
14:22:17.907,136.656,199.981,-0.102,True
14:22:18.041,73.331,199.981,-0.17,True
14:22:18.239,73.331,199.981,-0.17,True
14:22:18.493,73.331,199.981,-0.17,True
14:22:18.671,73.331,199.981,-0.17,True
14:22:18.803,73.331,199.981,-0.17,True
14:22:19.539,73.331,199.981,-0.17,True
14:22:19.764,73.331,199.981,-0.168,True
14:22:19.943,73.331,199.981,-0.168,True
14:22:20.198,73.331,199.981,-0.168,True
14:22:20.377,73.331,199.981,-0.168,True
14:22:20.556,73.331,199.981,-0.168,True
14:22:20.735,73.331,199.981,-0.168,True
14:22:20.911,73.331,199.981,-0.168,True
14:22:21.088,73.331,199.981,-0.168,True
14:22:21.264,73.331,199.981,-0.168,True
14:22:21.375,73.331,199.981,-0.168,True
14:22:22.078,73.331,199.981,-0.168,True
14:22:22.333,73.331,199.981,-0.168,True
14:22:22.511,73.331,199.981,-0.168,True
14:22:22.689,73.331,199.981,-0.168,True
14:22:22.814,10,199.988,-0.336,True
14:22:22.985,10,199.988,-0.336,True
14:22:23.240,10,199.988,-0.336,True
14:22:23.418,10,199.988,-0.336,True
14:22:23.570,10,199.988,-0.336,True
14:22:24.308,10,199.988,-0.336,True
14:22:24.528,10,199.988,-0.336,True
14:22:24.706,10,199.988,-0.336,True
14:22:24.960,10,199.988,-0.336,True
14:22:25.141,10,199.988,-0.336,True
14:22:25.333,10,199.988,-0.336,True
14:22:25.517,10,199.988,-0.336,True
14:22:25.848,10,199.988,-0.336,True
14:22:26.026,10,199.988,-0.336,True
14:22:26.136,10,199.988,-0.336,True
14:22:26.850,10,199.988,-0.336,True
14:22:27.105,10,199.988,-0.336,True
14:22:27.285,10,199.988,-0.336,True
14:22:27.463,9.994,261.306,-0.23,True
14:22:27.751,9.994,261.306,-0.23,True
14:22:27.931,9.994,261.306,-0.23,True
14:22:28.107,9.994,261.306,-0.23,True
14:22:28.254,9.994,261.306,-0.23,True
14:22:29.046,9.994,261.306,-0.23,True
14:22:29.269,9.994,261.306,-0.241,True
14:22:29.423,9.994,261.306,-0.241,True
14:22:29.681,9.994,261.306,-0.241,True
14:22:29.856,9.994,261.306,-0.241,True
14:22:30.035,9.994,261.306,-0.241,True
14:22:30.212,9.994,261.306,-0.241,True
14:22:30.390,9.994,261.306,-0.241,True
14:22:30.568,9.994,261.306,-0.241,True
14:22:30.746,9.994,261.306,-0.241,True
14:22:30.861,9.994,261.306,-0.241,True
14:22:31.594,9.994,261.306,-0.241,True
14:22:31.849,9.994,261.306,-0.241,True
14:22:32.030,9.994,261.306,-0.241,True
14:22:32.202,73.319,261.319,-0.144,True
14:22:32.487,73.319,261.319,-0.144,True
14:22:32.662,73.319,261.319,-0.144,True
14:22:32.840,73.319,261.319,-0.144,True
14:22:32.987,73.319,261.319,-0.144,True
14:22:33.778,73.319,261.319,-0.144,True
14:22:34.001,73.319,261.319,-0.136,True
14:22:34.178,73.319,261.319,-0.136,True
14:22:34.433,73.319,261.319,-0.136,True
14:22:34.612,73.319,261.319,-0.136,True
14:22:34.791,73.319,261.319,-0.136,True
14:22:34.967,73.319,261.319,-0.136,True
14:22:35.145,73.319,261.319,-0.136,True
14:22:35.325,73.319,261.319,-0.136,True
14:22:35.437,73.319,261.319,-0.136,True
14:22:35.586,73.319,261.319,-0.136,True
14:22:36.354,73.319,261.319,-0.136,True
14:22:36.533,73.319,261.319,-0.136,True
14:22:36.712,73.319,261.319,-0.136,True
14:22:36.891,73.319,261.319,-0.136,True
14:22:37.015,136.656,261.306,-0.075,True
14:22:37.208,136.656,261.306,-0.075,True
14:22:37.462,136.656,261.306,-0.075,True
14:22:37.640,136.656,261.306,-0.075,True
14:22:37.774,136.656,261.306,-0.075,True
14:22:38.506,136.656,261.306,-0.075,True
14:22:38.729,136.656,261.306,-0.0712,True
14:22:38.909,136.656,261.306,-0.0712,True
14:22:39.164,136.656,261.306,-0.0712,True
14:22:39.341,136.656,261.306,-0.0712,True
14:22:39.519,136.656,261.306,-0.0712,True
14:22:39.674,136.656,261.306,-0.0712,True
14:22:39.850,136.656,261.306,-0.0712,True
14:22:40.028,136.656,261.306,-0.0712,True
14:22:40.207,136.656,261.306,-0.0712,True
14:22:40.316,136.656,261.306,-0.0712,True
14:22:41.037,136.656,261.306,-0.0712,True
14:22:41.294,136.656,261.306,-0.0712,True
14:22:41.472,136.656,261.306,-0.0712,True
14:22:41.627,199.981,261.306,-0.015,True
14:22:41.909,199.981,261.306,-0.015,True
14:22:42.087,199.981,261.306,-0.015,True
14:22:42.240,199.981,261.306,-0.015,True
14:22:42.412,199.981,261.306,-0.015,True
14:22:43.206,199.981,261.306,-0.015,True
14:22:43.426,199.981,261.306,-0.0125,True
14:22:43.605,199.981,261.306,-0.0125,True
14:22:43.860,199.981,261.306,-0.0125,True
14:22:44.039,199.981,261.306,-0.0125,True
14:22:44.220,199.981,261.306,-0.0125,True
14:22:44.394,199.981,261.306,-0.0125,True
14:22:44.577,199.981,261.306,-0.0125,True
14:22:44.754,199.981,261.306,-0.0125,True
14:22:44.909,199.981,261.306,-0.0125,True
14:22:45.022,199.981,261.306,-0.0125,True
14:22:45.683,199.981,261.306,-0.0125,True
14:22:45.878,199.981,261.306,-0.0125,True
14:22:46.062,199.981,261.306,-0.0125,True
14:22:46.354,263.3,261.3,-0.0675,True
14:22:46.533,263.3,261.3,-0.0675,True
14:22:46.788,263.3,261.3,-0.0675,True
14:22:46.965,263.3,261.3,-0.0675,True
14:22:47.112,263.3,261.3,-0.0675,True
14:22:47.900,263.3,261.3,-0.0675,True
14:22:48.125,263.3,261.3,-0.0587,True
14:22:48.303,263.3,261.3,-0.0587,True
14:22:48.559,263.3,261.3,-0.0587,True
14:22:48.739,263.3,261.3,-0.0587,True
14:22:48.917,263.3,261.3,-0.0587,True
14:22:49.094,263.3,261.3,-0.0587,True
14:22:49.273,263.3,261.3,-0.0587,True
14:22:49.451,263.3,261.3,-0.0587,True
14:22:49.613,263.3,261.3,-0.0587,True
14:22:49.723,263.3,261.3,-0.0587,True
14:22:50.431,263.3,261.3,-0.0587,True
14:22:50.686,263.3,261.3,-0.0587,True
14:22:50.863,263.3,261.3,-0.0587,True
14:22:51.040,326.638,261.312,-0.16,True
14:22:51.321,326.638,261.312,-0.16,True
14:22:51.499,326.638,261.312,-0.16,True
14:22:51.677,326.638,261.312,-0.16,True
14:22:51.827,326.638,261.312,-0.16,True
14:22:52.616,326.638,261.312,-0.16,True
14:22:52.837,326.638,261.312,-0.166,True
14:22:53.016,326.638,261.312,-0.166,True
14:22:53.271,326.638,261.312,-0.166,True
14:22:53.451,326.638,261.312,-0.166,True
14:22:53.626,326.638,261.312,-0.166,True
14:22:53.804,326.638,261.312,-0.166,True
14:22:53.983,326.638,261.312,-0.166,True
14:22:54.161,326.638,261.312,-0.166,True
14:22:54.339,326.638,261.312,-0.166,True
14:22:54.448,326.638,261.312,-0.166,True
14:22:55.158,326.638,261.312,-0.166,True
14:22:55.413,326.638,261.312,-0.166,True
14:22:55.590,326.638,261.312,-0.166,True
14:22:55.768,389.963,261.312,-0.156,True
14:22:56.002,389.963,261.312,-0.156,True
14:22:56.293,389.963,261.312,-0.156,True
14:22:56.581,389.963,261.312,-0.156,True
14:22:57.394,389.963,261.312,-0.156,True
14:22:57.567,389.963,261.312,-0.164,True
14:22:57.702,389.963,261.312,-0.164,True
14:22:57.957,389.963,261.312,-0.164,True
14:22:58.135,389.963,261.312,-0.164,True
14:22:58.313,389.963,261.312,-0.164,True
14:22:58.491,389.963,261.312,-0.164,True
14:22:58.669,389.963,261.312,-0.164,True
14:22:58.847,389.963,261.312,-0.164,True
14:22:59.025,389.963,261.312,-0.164,True
14:22:59.144,389.963,261.312,-0.164,True
14:22:59.875,389.963,261.312,-0.164,True
14:23:00.131,389.963,261.312,-0.164,True
14:23:00.311,389.963,261.312,-0.164,True
14:23:00.477,389.969,322.631,-0.0737,True
14:23:00.755,389.969,322.631,-0.0737,True
14:23:00.908,389.969,322.631,-0.0737,True
14:23:01.086,389.969,322.631,-0.0737,True
14:23:01.259,389.969,322.631,-0.0737,True
14:23:02.056,389.969,322.631,-0.0737,True
14:23:02.276,389.969,322.631,-0.065,True
14:23:02.453,389.969,322.631,-0.065,True
14:23:02.708,389.969,322.631,-0.065,True
14:23:02.886,389.969,322.631,-0.065,True
14:23:03.064,389.969,322.631,-0.065,True
14:23:03.242,389.969,322.631,-0.065,True
14:23:03.420,389.969,322.631,-0.065,True
14:23:03.599,389.969,322.631,-0.065,True
14:23:03.764,389.969,322.631,-0.065,True
14:23:03.875,389.969,322.631,-0.065,True
14:23:04.579,389.969,322.631,-0.065,True
14:23:04.835,389.969,322.631,-0.065,True
14:23:04.988,389.969,322.631,-0.065,True
14:23:05.166,326.644,322.644,-0.106,True
14:23:05.465,326.644,322.644,-0.106,True
14:23:05.723,326.644,322.644,-0.106,True
14:23:05.898,326.644,322.644,-0.106,True
14:23:06.028,326.644,322.644,-0.106,True
14:23:06.658,326.644,322.644,-0.106,True
14:23:06.960,326.644,322.644,-0.123,True
14:23:07.138,326.644,322.644,-0.123,True
14:23:07.394,326.644,322.644,-0.123,True
14:23:07.572,326.644,322.644,-0.123,True
14:23:07.751,326.644,322.644,-0.123,True
14:23:07.928,326.644,322.644,-0.123,True
14:23:08.080,326.644,322.644,-0.123,True
14:23:08.259,326.644,322.644,-0.123,True
14:23:08.428,326.644,322.644,-0.123,True
14:23:08.539,326.644,322.644,-0.123,True
14:23:09.243,326.644,322.644,-0.123,True
14:23:09.499,326.644,322.644,-0.123,True
14:23:09.652,326.644,322.644,-0.123,True
14:23:09.833,263.312,322.638,-0.015,True
14:23:10.118,263.312,322.638,-0.015,True
14:23:10.296,263.312,322.638,-0.015,True
14:23:10.475,263.312,322.638,-0.015,True
14:23:10.621,263.312,322.638,-0.015,True
14:23:11.413,263.312,322.638,-0.015,True
14:23:11.638,263.312,322.638,-0.0338,True
14:23:11.816,263.312,322.638,-0.0338,True
14:23:12.071,263.312,322.638,-0.0338,True
14:23:12.250,263.312,322.638,-0.0338,True
14:23:12.428,263.312,322.638,-0.0338,True
14:23:12.606,263.312,322.638,-0.0338,True
14:23:12.785,263.312,322.638,-0.0338,True
14:23:12.963,263.312,322.638,-0.0338,True
14:23:13.124,263.312,322.638,-0.0338,True
14:23:13.236,263.312,322.638,-0.0338,True
14:23:13.939,263.312,322.638,-0.0338,True
14:23:14.196,263.312,322.638,-0.0338,True
14:23:14.371,263.312,322.638,-0.0338,True
14:23:14.525,199.981,322.631,0.045,True
14:23:14.808,199.981,322.631,0.045,True
14:23:14.987,199.981,322.631,0.045,True
14:23:15.164,199.981,322.631,0.045,True
14:23:15.314,199.981,322.631,0.045,True
14:23:16.101,199.981,322.631,0.045,True
14:23:16.329,199.981,322.631,0.0175,True
14:23:16.508,199.981,322.631,0.0175,True
14:23:16.754,199.981,322.631,0.0175,True
14:23:16.972,199.981,322.631,0.0175,True
14:23:17.262,199.981,322.631,0.0175,True
14:23:17.875,199.981,322.631,0.0175,True
14:23:18.098,199.981,322.631,0.0188,True
14:23:18.277,199.981,322.631,0.0188,True
14:23:18.532,199.981,322.631,0.0188,True
14:23:18.708,199.981,322.631,0.0188,True
14:23:18.887,199.981,322.631,0.0188,True
14:23:19.065,199.981,322.631,0.0188,True
14:23:19.242,199.981,322.631,0.0188,True
14:23:19.421,199.981,322.631,0.0188,True
14:23:19.577,199.981,322.631,0.0188,True
14:23:19.688,199.981,322.631,0.0188,True
14:23:20.392,199.981,322.631,0.0188,True
14:23:20.649,199.981,322.631,0.0188,True
14:23:20.827,199.981,322.631,0.0188,True
14:23:20.984,136.65,322.638,-0.0075,True
14:23:21.265,136.65,322.638,-0.0075,True
14:23:21.443,136.65,322.638,-0.0075,True
14:23:21.621,136.65,322.638,-0.0075,True
14:23:21.772,136.65,322.638,-0.0075,True
14:23:22.557,136.65,322.638,-0.0075,True
14:23:22.781,136.65,322.638,-0.025,True
14:23:22.960,136.65,322.638,-0.025,True
14:23:23.215,136.65,322.638,-0.025,True
14:23:23.368,136.65,322.638,-0.025,True
14:23:23.546,136.65,322.638,-0.025,True
14:23:23.724,136.65,322.638,-0.025,True
14:23:23.902,136.65,322.638,-0.025,True
14:23:24.080,136.65,322.638,-0.025,True
14:23:24.258,136.65,322.638,-0.025,True
14:23:24.370,136.65,322.638,-0.025,True
14:23:25.085,136.65,322.638,-0.025,True
14:23:25.340,136.65,322.638,-0.025,True
14:23:25.518,136.65,322.638,-0.025,True
14:23:25.679,73.325,322.638,-0.045,True
14:23:25.960,73.325,322.638,-0.045,True
14:23:26.138,73.325,322.638,-0.045,True
14:23:26.316,73.325,322.638,-0.045,True
14:23:26.467,73.325,322.638,-0.045,True
14:23:27.287,73.325,322.638,-0.045,True
14:23:27.565,73.325,322.638,-0.0625,True
14:23:27.735,73.325,322.638,-0.0625,True
14:23:27.988,73.325,322.638,-0.0625,True
14:23:28.166,73.325,322.638,-0.0625,True
14:23:28.344,73.325,322.638,-0.0625,True
14:23:28.522,73.325,322.638,-0.0625,True
14:23:28.701,73.325,322.638,-0.0625,True
14:23:28.879,73.325,322.638,-0.0625,True
14:23:29.026,73.325,322.638,-0.0625,True
14:23:29.814,73.325,322.638,-0.0625,True
14:23:30.069,73.325,322.638,-0.0625,True
14:23:30.247,73.325,322.638,-0.0625,True
14:23:30.400,10,322.638,-0.0838,True
14:23:30.700,10,322.638,-0.0838,True
14:23:30.878,10,322.638,-0.0838,True
14:23:31.059,10,322.638,-0.0838,True
14:23:31.203,10,322.638,-0.0838,True
14:23:31.993,10,322.638,-0.0838,True
14:23:32.215,10,322.638,-0.0838,True
14:23:32.392,10,322.638,-0.0838,True
14:23:32.647,10,322.638,-0.0838,True
14:23:32.826,10,322.638,-0.0838,True
14:23:33.004,10,322.638,-0.0838,True
14:23:33.182,10,322.638,-0.0838,True
14:23:33.360,10,322.638,-0.0838,True
14:23:33.539,10,322.638,-0.0838,True
14:23:33.692,10,322.638,-0.0838,True
14:23:33.803,10,322.638,-0.0838,True
14:23:34.509,10,322.638,-0.0838,True
14:23:34.765,10,322.638,-0.0838,True
14:23:34.942,10,322.638,-0.0838,True
14:23:35.101,9.994,383.956,-0.00875,True
14:23:35.382,9.994,383.956,-0.00875,True
14:23:35.559,9.994,383.956,-0.00875,True
14:23:35.737,9.994,383.956,-0.00875,True
14:23:35.885,9.994,383.956,-0.00875,True
14:23:36.676,9.994,383.956,-0.00875,True
14:23:36.900,9.994,383.956,-0.0188,True
14:23:37.081,9.994,383.956,-0.0188,True
14:23:37.292,9.994,383.956,-0.0188,True
14:23:37.582,9.994,383.956,-0.0188,True
14:23:37.912,9.994,383.956,-0.0188,True
14:23:38.090,9.994,383.956,-0.0188,True
14:23:38.269,9.994,383.956,-0.0188,True
14:23:38.413,9.994,383.956,-0.0188,True
14:23:39.203,9.994,383.956,-0.0188,True
14:23:39.457,9.994,383.956,-0.0188,True
14:23:39.635,9.994,383.956,-0.0188,True
14:23:39.812,73.319,383.969,0.0637,True
14:23:39.946,73.319,383.969,0.0637,True
14:23:40.201,73.319,383.969,0.0637,True
14:23:40.378,73.319,383.969,0.0637,True
14:23:40.544,73.319,383.969,0.0637,True
14:23:40.656,73.319,383.969,0.0637,True
14:23:41.363,73.319,383.969,0.0637,True
14:23:41.583,73.319,383.969,0.0587,True
14:23:41.738,73.319,383.969,0.0587,True
14:23:41.993,73.319,383.969,0.0587,True
14:23:42.177,73.319,383.969,0.0587,True
14:23:42.349,73.319,383.969,0.0587,True
14:23:42.527,73.319,383.969,0.0587,True
14:23:42.706,73.319,383.969,0.0587,True
14:23:42.884,73.319,383.969,0.0587,True
14:23:43.063,73.319,383.969,0.0587,True
14:23:43.172,73.319,383.969,0.0587,True
14:23:43.883,73.319,383.969,0.0587,True
14:23:44.138,73.319,383.969,0.0587,True
14:23:44.316,73.319,383.969,0.0587,True
14:23:44.471,136.65,383.962,0.0137,True
14:23:44.754,136.65,383.962,0.0137,True
14:23:44.932,136.65,383.962,0.0137,True
14:23:45.110,136.65,383.962,0.0137,True
14:23:45.256,136.65,383.962,0.0137,True
14:23:46.049,136.65,383.962,0.0137,True
14:23:46.269,136.65,383.962,0.01,True
14:23:46.448,136.65,383.962,0.01,True
14:23:46.703,136.65,383.962,0.01,True
14:23:46.882,136.65,383.962,0.01,True
14:23:47.059,136.65,383.962,0.01,True
14:23:47.237,136.65,383.962,0.01,True
14:23:47.415,136.65,383.962,0.01,True
14:23:47.526,136.65,383.962,0.01,True
14:23:47.816,136.65,383.962,0.01,True
14:23:48.550,136.65,383.962,0.01,True
14:23:48.806,136.65,383.962,0.01,True
14:23:48.983,136.65,383.962,0.01,True
14:23:49.138,199.981,383.969,-0.0137,True
14:23:49.421,199.981,383.969,-0.0137,True
14:23:49.598,199.981,383.969,-0.0137,True
14:23:49.777,199.981,383.969,-0.0137,True
14:23:49.926,199.981,383.969,-0.0137,True
14:23:50.713,199.981,383.969,-0.0137,True
14:23:50.934,199.981,383.969,-0.01,True
14:23:51.112,199.981,383.969,-0.01,True
14:23:51.366,199.981,383.969,-0.01,True
14:23:51.545,199.981,383.969,-0.01,True
14:23:51.723,199.981,383.969,-0.01,True
14:23:51.901,199.981,383.969,-0.01,True
14:23:52.079,199.981,383.969,-0.01,True
14:23:52.257,199.981,383.969,-0.01,True
14:23:52.418,199.981,383.969,-0.01,True
14:23:52.532,199.981,383.969,-0.01,True
14:23:53.242,199.981,383.969,-0.01,True
14:23:53.494,199.981,383.969,-0.01,True
14:23:53.672,199.981,383.969,-0.01,True
14:23:53.833,263.312,383.963,-0.0262,True
14:23:54.115,263.312,383.963,-0.0262,True
14:23:54.268,263.312,383.963,-0.0262,True
14:23:54.447,263.312,383.963,-0.0262,True
14:23:54.620,263.312,383.963,-0.0262,True
14:23:55.420,263.312,383.963,-0.0262,True
14:23:55.640,263.312,383.963,-0.0225,True
14:23:55.818,263.312,383.963,-0.0225,True
14:23:56.073,263.312,383.963,-0.0225,True
14:23:56.251,263.312,383.963,-0.0225,True
14:23:56.428,263.312,383.963,-0.0225,True
14:23:56.607,263.312,383.963,-0.0225,True
14:23:56.786,263.312,383.963,-0.0225,True
14:23:56.963,263.312,383.963,-0.0225,True
14:23:57.126,263.312,383.963,-0.0225,True
14:23:57.236,263.312,383.963,-0.0225,True
14:23:57.960,263.312,383.963,-0.0225,True
14:23:58.175,263.312,383.963,-0.0225,True
14:23:58.505,263.312,383.963,-0.0225,True
14:23:58.622,326.637,383.962,-0.0575,True
14:23:58.793,326.637,383.962,-0.0575,True
14:23:59.048,326.637,383.962,-0.0575,True
14:23:59.226,326.637,383.962,-0.0575,True
14:23:59.377,326.637,383.962,-0.0575,True
14:24:00.111,326.637,383.962,-0.0575,True
14:24:00.334,326.637,383.962,-0.0562,True
14:24:00.487,326.637,383.962,-0.0562,True
14:24:00.742,326.637,383.962,-0.0562,True
14:24:00.921,326.637,383.962,-0.0562,True
14:24:01.099,326.637,383.962,-0.0562,True
14:24:01.277,326.637,383.962,-0.0562,True
14:24:01.454,326.637,383.962,-0.0562,True
14:24:01.633,326.637,383.962,-0.0562,True
14:24:01.811,326.637,383.962,-0.0562,True
14:24:01.922,326.637,383.962,-0.0562,True
14:24:02.612,326.637,383.962,-0.0562,True
14:24:02.869,326.637,383.962,-0.0562,True
14:24:03.045,326.637,383.962,-0.0562,True
14:24:03.226,389.962,383.962,-0.0775,True
14:24:03.520,389.962,383.962,-0.0775,True
14:24:03.698,389.962,383.962,-0.0775,True
14:24:03.876,389.962,383.962,-0.0775,True
14:24:04.025,389.962,383.962,-0.0775,True
14:24:04.818,389.962,383.962,-0.0775,True
14:24:05.038,389.962,383.962,-0.0712,True
14:24:05.216,389.962,383.962,-0.0712,True
14:24:05.470,389.962,383.962,-0.0712,True
14:24:05.649,389.962,383.962,-0.0712,True
14:24:05.828,389.962,383.962,-0.0712,True
14:24:06.005,389.962,383.962,-0.0712,True
14:24:06.167,389.962,383.962,-0.0712,True
14:24:06.304,389.962,383.962,4.97,True
14:24:06.459,389.962,383.962,4.97,True
14:24:13.623,389.962,383.962,200,True
14:24:13.801,389.962,383.962,200,True
14:24:13.979,389.962,383.962,200,True
14:24:14.157,389.962,383.962,200,True
14:24:14.336,389.962,383.962,200,True
14:24:14.514,389.962,383.962,200,True
14:24:14.695,389.962,383.962,200,True
14:24:14.873,389.962,383.962,200,True
14:24:15.050,389.962,383.962,200,True
14:24:15.229,389.962,383.962,200,True
14:24:15.407,389.962,383.962,200,True
14:24:15.585,389.962,383.962,200,True
14:24:15.763,389.962,383.962,200,True
14:24:15.942,389.962,383.962,200,True
14:24:16.122,389.962,383.962,200,True
14:24:16.301,389.962,383.962,200,True
14:24:16.479,389.962,383.962,200,True
14:24:16.658,389.962,383.962,200,True
14:24:16.838,389.962,383.962,200,True
14:24:17.017,389.962,383.962,200,True
14:24:17.196,389.962,383.962,200,True
14:24:17.374,389.962,383.962,200,True
14:24:17.554,389.962,383.962,200,True
14:24:17.730,389.962,383.962,200,True
14:24:17.910,389.962,383.962,200,True
14:24:18.087,389.962,383.962,200,True
14:24:18.267,389.962,383.962,200,True
14:24:18.379,389.962,383.962,200,True
14:24:18.570,389.962,383.962,200,True
14:24:18.754,389.962,383.962,200,True
14:24:19.161,389.962,383.962,200,True
14:24:19.343,389.962,383.962,200,True
14:24:19.519,389.962,383.962,200,True
14:24:19.699,389.962,383.962,200,True
14:24:19.876,389.962,383.962,200,True
14:24:20.054,389.962,383.962,200,True
14:24:20.232,389.962,383.962,200,True
14:24:20.410,389.962,383.962,200,True
14:24:20.588,389.962,383.962,200,True
14:24:20.766,389.962,383.962,200,True
14:24:20.945,389.962,383.962,200,True
14:24:21.123,389.962,383.962,200,True
14:24:21.301,389.962,383.962,200,True
14:24:21.479,389.962,383.962,200,True
14:24:21.657,389.962,383.962,200,True
14:24:21.835,389.962,383.962,200,True
14:24:22.016,389.962,383.962,200,True
14:24:22.193,389.962,383.962,200,True
14:24:22.370,389.962,383.962,200,True
14:24:22.548,389.962,383.962,200,True
14:24:22.726,389.962,383.962,200,True
14:24:22.904,389.962,383.962,200,True
14:24:23.084,389.962,383.962,200,True
14:24:23.261,389.962,383.962,200,True
14:24:23.439,389.962,383.962,200,True
14:24:23.618,389.962,383.962,200,True
14:24:23.796,389.962,383.962,200,True
14:24:23.974,389.962,383.962,200,True
14:24:24.152,389.962,383.962,200,True
14:24:24.330,389.962,383.962,200,True
14:24:24.508,389.962,383.962,200,True
14:24:24.686,389.962,383.962,200,True
14:24:24.865,389.962,383.962,200,True
14:24:25.043,389.962,383.962,200,True
14:24:25.221,389.962,383.962,200,True
14:24:25.399,389.962,383.962,200,True
14:24:25.577,389.962,383.962,200,True
14:24:25.757,389.962,383.962,200,True
14:24:25.933,389.962,383.962,200,True
