2026-09-13 02:39:56 INFO Change detected: 02:39:55/opt/dsf/sd/sys/duetBackup/ (duetBackup.log CLOSE_WRITE,CLOSE)
2026-09-13 02:39:56 INFO Push started
2026-09-13 02:39:56 INFO Synced /opt/dsf/sd/sys
2026-09-13 02:40:31 INFO Synced /opt/dsf/sd/macros
2026-09-13 02:40:31 INFO Push complete
2026-09-13 02:40:31 INFO Change detected: 02:40:29/opt/dsf/sd/sys/duetBackup/ (duetBackup.log CLOSE_WRITE,CLOSE)
2026-09-13 02:40:31 INFO Push started
2026-09-13 02:40:31 INFO Synced /opt/dsf/sd/sys
2026-09-13 02:40:32 INFO Synced /opt/dsf/sd/macros
2026-09-13 02:40:32 INFO Push complete
2026-09-13 08:40:28 INFO Change detected: 08:40:27/opt/dsf/sd/sys/duetBackup/ (duetBackup.log CLOSE_WRITE,CLOSE)
2026-09-13 08:40:28 INFO Push started
2026-09-13 08:40:28 INFO Synced /opt/dsf/sd/sys
2026-09-13 08:40:29 INFO Synced /opt/dsf/sd/macros
2026-09-13 08:40:29 INFO Push complete
2026-09-13 08:41:01 INFO Change detected: 08:41:00/opt/dsf/sd/sys/duetBackup/ (duetBackup.log CLOSE_WRITE,CLOSE)
2026-09-13 08:41:01 INFO Push started
2026-09-13 08:41:35 INFO Synced /opt/dsf/sd/sys
2026-09-13 08:41:35 INFO Synced /opt/dsf/sd/macros
2026-09-13 08:41:35 INFO Push complete
2026-09-13 14:34:55 INFO Watcher started
2026-09-13 14:34:55 INFO Push started
2026-09-13 14:35:06 INFO   eventlog.txt: Copied (replaced existing)
2026-09-13 14:35:06 INFO Synced /opt/dsf/sd/sys
2026-09-13 14:35:06 INFO Synced /opt/dsf/sd/macros
2026-09-13 14:35:06 INFO Push complete
2026-09-13 20:09:49 INFO Change detected: 20:09:49/opt/dsf/sd/sys/duetBackup/ (duetBackup.log CLOSE_WRITE,CLOSE)
2026-09-13 20:09:49 INFO Push started
2026-09-13 20:09:50 INFO Synced /opt/dsf/sd/sys
2026-09-13 20:09:51 INFO Synced /opt/dsf/sd/macros
2026-09-13 20:09:51 INFO Push complete
2026-09-13 20:11:13 INFO Change detected: 20:11:13/opt/dsf/sd/sys/duetBackup/ (duetBackup.log CLOSE_WRITE,CLOSE)
2026-09-13 20:11:13 INFO Push started
2026-09-13 20:11:31 INFO Synced /opt/dsf/sd/sys
2026-09-13 20:11:32 INFO Synced /opt/dsf/sd/macros
2026-09-13 20:11:32 INFO Push complete
2026-09-13 20:13:59 INFO Change detected: 20:13:59/opt/dsf/sd/sys/ (slicer_brief.txt.tmp.897.81149b420757 CREATE)
2026-09-13 20:13:59 INFO Push started
2026-09-13 20:14:51 INFO   slicer_brief.txt: Copied (new)
2026-09-13 20:14:51 INFO Synced /opt/dsf/sd/sys
2026-09-13 20:14:52 INFO Synced /opt/dsf/sd/macros
2026-09-13 20:14:52 INFO Push complete
2026-09-13 20:14:52 INFO Change detected: 20:13:59/opt/dsf/sd/sys/ (slicer_brief.txt.tmp.897.81149b420757 CLOSE_WRITE,CLOSE)
2026-09-13 20:14:52 INFO Push started
2026-09-13 20:14:52 INFO Synced /opt/dsf/sd/sys
2026-09-13 20:14:53 INFO Synced /opt/dsf/sd/macros
2026-09-13 20:14:53 INFO Push complete
2026-09-13 20:14:53 INFO Change detected: 20:13:59/opt/dsf/sd/sys/ (slicer_brief.txt MOVED_TO)
2026-09-13 20:14:53 INFO Push started
2026-09-13 20:14:53 INFO Synced /opt/dsf/sd/sys
2026-09-13 20:14:54 INFO Synced /opt/dsf/sd/macros
2026-09-13 20:14:54 INFO Push complete
2026-09-13 20:17:55 INFO Change detected: 20:17:55/opt/dsf/sd/sys/ (slicer_brief.txt.tmp.897.095552b0abe4 CREATE)
2026-09-13 20:17:55 INFO Push started
2026-09-13 20:17:57 INFO   slicer_brief.txt: Copied (replaced existing)
2026-09-13 20:17:57 INFO Synced /opt/dsf/sd/sys
2026-09-13 20:18:48 INFO Synced /opt/dsf/sd/macros
2026-09-13 20:18:48 INFO Push complete
2026-09-13 20:18:48 INFO Change detected: 20:17:55/opt/dsf/sd/sys/ (slicer_brief.txt.tmp.897.095552b0abe4 CLOSE_WRITE,CLOSE)
2026-09-13 20:18:48 INFO Push started
2026-09-13 20:18:50 INFO   slicer_brief.txt: Copied (replaced existing)
2026-09-13 20:18:50 INFO Synced /opt/dsf/sd/sys
2026-09-13 20:18:50 INFO Synced /opt/dsf/sd/macros
2026-09-13 20:18:50 INFO Push complete
2026-09-13 20:18:50 INFO Change detected: 20:17:55/opt/dsf/sd/sys/ (slicer_brief.txt MOVED_TO)
2026-09-13 20:18:50 INFO Push started
2026-09-13 20:18:51 INFO Synced /opt/dsf/sd/sys
2026-09-13 20:18:52 INFO Synced /opt/dsf/sd/macros
2026-09-13 20:18:52 INFO Push complete
2026-09-13 20:18:52 INFO Change detected: 20:17:58/opt/dsf/sd/sys/ (slicer_brief.txt.tmp.897.504bfa7c6af9 CREATE)
2026-09-13 20:18:52 INFO Push started
2026-09-13 20:18:52 INFO Synced /opt/dsf/sd/sys
2026-09-13 20:18:53 INFO Synced /opt/dsf/sd/macros
2026-09-13 20:18:53 INFO Push complete
2026-09-13 20:18:53 INFO Change detected: 20:17:58/opt/dsf/sd/sys/ (slicer_brief.txt.tmp.897.504bfa7c6af9 CLOSE_WRITE,CLOSE)
2026-09-13 20:18:53 INFO Push started
2026-09-13 20:18:53 INFO Synced /opt/dsf/sd/sys
2026-09-13 20:18:54 INFO Synced /opt/dsf/sd/macros
2026-09-13 20:18:54 INFO Push complete
2026-09-13 20:18:54 INFO Change detected: 20:17:58/opt/dsf/sd/sys/ (slicer_brief.txt MOVED_TO)
2026-09-13 20:18:54 INFO Push started
2026-09-13 20:18:55 INFO Synced /opt/dsf/sd/sys
2026-09-13 20:19:05 INFO Synced /opt/dsf/sd/macros
2026-09-13 20:19:05 INFO Push complete
2026-09-13 20:19:05 INFO Change detected: 20:18:01/opt/dsf/sd/sys/ (slicer_brief.txt.tmp.897.764157bc1046 CREATE)
2026-09-13 20:19:05 INFO Push started
2026-09-13 20:19:23 INFO Synced /opt/dsf/sd/sys
2026-09-13 20:19:25 INFO Synced /opt/dsf/sd/macros
2026-09-13 20:19:25 INFO Push complete
2026-09-13 20:19:25 INFO Change detected: 20:18:01/opt/dsf/sd/sys/ (slicer_brief.txt.tmp.897.764157bc1046 CLOSE_WRITE,CLOSE)
2026-09-13 20:19:25 INFO Push started
2026-09-13 20:19:25 INFO Synced /opt/dsf/sd/sys
2026-09-13 20:19:27 INFO Synced /opt/dsf/sd/macros
2026-09-13 20:19:27 INFO Push complete
2026-09-13 20:19:27 INFO Change detected: 20:18:01/opt/dsf/sd/sys/ (slicer_brief.txt MOVED_TO)
2026-09-13 20:19:27 INFO Push started
2026-09-13 20:19:28 INFO Synced /opt/dsf/sd/sys
2026-09-13 20:19:28 INFO Synced /opt/dsf/sd/macros
2026-09-13 20:19:28 INFO Push complete
2026-09-13 20:19:28 INFO Change detected: 20:18:15/opt/dsf/sd/sys/ (slicer_brief.txt.tmp.897.f461cc3fe90f CREATE)
2026-09-13 20:19:28 INFO Push started
2026-09-13 20:19:29 INFO Synced /opt/dsf/sd/sys
2026-09-13 20:19:30 INFO Synced /opt/dsf/sd/macros
2026-09-13 20:19:30 INFO Push complete
2026-09-13 20:19:30 INFO Change detected: 20:18:15/opt/dsf/sd/sys/ (slicer_brief.txt.tmp.897.f461cc3fe90f CLOSE_WRITE,CLOSE)
2026-09-13 20:19:30 INFO Push started
2026-09-13 20:19:30 INFO Synced /opt/dsf/sd/sys
2026-09-13 20:19:31 INFO Synced /opt/dsf/sd/macros
2026-09-13 20:19:31 INFO Push complete
2026-09-13 20:19:31 INFO Change detected: 20:18:15/opt/dsf/sd/sys/ (slicer_brief.txt MOVED_TO)
2026-09-13 20:19:31 INFO Push started
2026-09-13 20:19:31 INFO Synced /opt/dsf/sd/sys
2026-09-13 20:19:32 INFO Synced /opt/dsf/sd/macros
2026-09-13 20:19:32 INFO Push complete
2026-09-13 20:19:32 INFO Change detected: 20:18:17/opt/dsf/sd/sys/ (slicer_brief.txt.tmp.897.16f375c95770 CREATE)
2026-09-13 20:19:32 INFO Push started
2026-09-13 20:19:33 INFO Synced /opt/dsf/sd/sys
2026-09-13 20:19:34 INFO Synced /opt/dsf/sd/macros
2026-09-13 20:19:34 INFO Push complete
2026-09-13 20:19:34 INFO Change detected: 20:18:17/opt/dsf/sd/sys/ (slicer_brief.txt.tmp.897.16f375c95770 CLOSE_WRITE,CLOSE)
2026-09-13 20:19:34 INFO Push started
2026-09-13 20:19:34 INFO Synced /opt/dsf/sd/sys
2026-09-13 20:19:35 INFO Synced /opt/dsf/sd/macros
2026-09-13 20:19:35 INFO Push complete
2026-09-13 20:19:35 INFO Change detected: 20:18:17/opt/dsf/sd/sys/ (slicer_brief.txt MOVED_TO)
2026-09-13 20:19:35 INFO Push started
2026-09-13 20:19:35 INFO Synced /opt/dsf/sd/sys
2026-09-13 20:19:36 INFO Synced /opt/dsf/sd/macros
2026-09-13 20:19:36 INFO Push complete
2026-09-13 20:19:36 INFO Change detected: 20:18:25/opt/dsf/sd/sys/ (slicer_brief.txt.tmp.897.028d64c03d10 CREATE)
2026-09-13 20:19:36 INFO Push started
2026-09-13 20:19:37 INFO Synced /opt/dsf/sd/sys
2026-09-13 20:19:37 INFO Synced /opt/dsf/sd/macros
2026-09-13 20:19:37 INFO Push complete
2026-09-13 20:19:37 INFO Change detected: 20:18:25/opt/dsf/sd/sys/ (slicer_brief.txt.tmp.897.028d64c03d10 CLOSE_WRITE,CLOSE)
2026-09-13 20:19:37 INFO Push started
2026-09-13 20:19:38 INFO Synced /opt/dsf/sd/sys
2026-09-13 20:19:39 INFO Synced /opt/dsf/sd/macros
2026-09-13 20:19:39 INFO Push complete
2026-09-13 20:19:39 INFO Change detected: 20:18:25/opt/dsf/sd/sys/ (slicer_brief.txt MOVED_TO)
2026-09-13 20:19:39 INFO Push started
2026-09-13 20:19:39 INFO Synced /opt/dsf/sd/sys
2026-09-13 20:19:40 INFO Synced /opt/dsf/sd/macros
2026-09-13 20:19:40 INFO Push complete
2026-09-13 20:19:40 INFO Change detected: 20:18:27/opt/dsf/sd/sys/ (slicer_brief.txt.tmp.897.f5b35a10bbf1 CREATE)
2026-09-13 20:19:40 INFO Push started
2026-09-13 20:19:41 INFO Synced /opt/dsf/sd/sys
2026-09-13 20:19:42 INFO Synced /opt/dsf/sd/macros
2026-09-13 20:19:42 INFO Push complete
2026-09-13 20:19:42 INFO Change detected: 20:18:27/opt/dsf/sd/sys/ (slicer_brief.txt.tmp.897.f5b35a10bbf1 CLOSE_WRITE,CLOSE)
2026-09-13 20:19:42 INFO Push started
2026-09-13 20:19:42 INFO Synced /opt/dsf/sd/sys
2026-09-13 20:19:43 INFO Synced /opt/dsf/sd/macros
2026-09-13 20:19:43 INFO Push complete
2026-09-13 20:19:43 INFO Change detected: 20:18:27/opt/dsf/sd/sys/ (slicer_brief.txt MOVED_TO)
2026-09-13 20:19:43 INFO Push started
2026-09-13 20:19:43 INFO Synced /opt/dsf/sd/sys
2026-09-13 20:19:44 INFO Synced /opt/dsf/sd/macros
2026-09-13 20:19:44 INFO Push complete
2026-09-13 20:19:44 INFO Change detected: 20:18:29/opt/dsf/sd/sys/ (slicer_brief.txt.tmp.897.0ee448515890 CREATE)
2026-09-13 20:19:44 INFO Push started
2026-09-13 20:19:45 INFO Synced /opt/dsf/sd/sys
2026-09-13 20:19:45 INFO Synced /opt/dsf/sd/macros
2026-09-13 20:19:45 INFO Push complete
2026-09-13 20:19:45 INFO Change detected: 20:18:29/opt/dsf/sd/sys/ (slicer_brief.txt.tmp.897.0ee448515890 CLOSE_WRITE,CLOSE)
2026-09-13 20:19:45 INFO Push started
2026-09-13 20:19:46 INFO Synced /opt/dsf/sd/sys
2026-09-13 20:19:47 INFO Synced /opt/dsf/sd/macros
2026-09-13 20:19:47 INFO Push complete
2026-09-13 20:19:47 INFO Change detected: 20:18:29/opt/dsf/sd/sys/ (slicer_brief.txt MOVED_TO)
2026-09-13 20:19:47 INFO Push started
2026-09-13 20:19:47 INFO Synced /opt/dsf/sd/sys
2026-09-13 20:19:48 INFO Synced /opt/dsf/sd/macros
2026-09-13 20:19:48 INFO Push complete
2026-09-13 20:19:48 INFO Change detected: 20:18:30/opt/dsf/sd/sys/ (slicer_brief.txt.tmp.897.3dfced155585 CREATE)
2026-09-13 20:19:48 INFO Push started
2026-09-13 20:19:48 INFO Synced /opt/dsf/sd/sys
2026-09-13 20:19:49 INFO Synced /opt/dsf/sd/macros
2026-09-13 20:19:49 INFO Push complete
2026-09-13 20:19:49 INFO Change detected: 20:18:30/opt/dsf/sd/sys/ (slicer_brief.txt.tmp.897.3dfced155585 CLOSE_WRITE,CLOSE)
2026-09-13 20:19:49 INFO Push started
2026-09-13 20:19:50 INFO Synced /opt/dsf/sd/sys
2026-09-13 20:19:50 INFO Synced /opt/dsf/sd/macros
2026-09-13 20:19:50 INFO Push complete
2026-09-13 20:19:50 INFO Change detected: 20:18:30/opt/dsf/sd/sys/ (slicer_brief.txt MOVED_TO)
2026-09-13 20:19:50 INFO Push started
2026-09-13 20:19:51 INFO Synced /opt/dsf/sd/sys
2026-09-13 20:19:51 INFO Synced /opt/dsf/sd/macros
2026-09-13 20:19:51 INFO Push complete
2026-09-13 21:32:18 INFO Change detected: 21:32:18/opt/dsf/sd/sys/ (dwc-settings.json.part CREATE)
2026-09-13 21:32:18 INFO Push started
2026-09-13 21:32:28 INFO   dwc-settings.json: Copied (replaced existing)
2026-09-13 21:32:28 INFO Synced /opt/dsf/sd/sys
2026-09-13 21:32:29 INFO Synced /opt/dsf/sd/macros
2026-09-13 21:32:29 INFO Push complete
2026-09-13 21:32:29 INFO Change detected: 21:32:18/opt/dsf/sd/sys/ (dwc-settings.json.part CLOSE_WRITE,CLOSE)
2026-09-13 21:32:29 INFO Push started
2026-09-13 21:32:29 INFO Synced /opt/dsf/sd/sys
2026-09-13 21:32:30 INFO Synced /opt/dsf/sd/macros
2026-09-13 21:32:30 INFO Push complete
2026-09-13 21:32:30 INFO Change detected: 21:32:18/opt/dsf/sd/sys/ (dwc-settings.json MOVED_TO)
2026-09-13 21:32:30 INFO Push started
2026-09-13 21:32:31 INFO Synced /opt/dsf/sd/sys
2026-09-13 21:32:31 INFO Synced /opt/dsf/sd/macros
2026-09-13 21:32:31 INFO Push complete
2026-09-14 02:11:13 INFO Change detected: 02:11:12/opt/dsf/sd/sys/duetBackup/ (duetBackup.log CLOSE_WRITE,CLOSE)
2026-09-14 02:11:13 INFO Push started
2026-09-14 02:11:30 INFO Synced /opt/dsf/sd/sys
2026-09-14 02:11:31 INFO Synced /opt/dsf/sd/macros
2026-09-14 02:11:31 INFO Push complete
2026-09-14 02:11:45 INFO Change detected: 02:11:45/opt/dsf/sd/sys/duetBackup/ (duetBackup.log CLOSE_WRITE,CLOSE)
2026-09-14 02:11:45 INFO Push started
2026-09-14 02:11:46 INFO Synced /opt/dsf/sd/sys
2026-09-14 02:11:47 INFO Synced /opt/dsf/sd/macros
2026-09-14 02:11:47 INFO Push complete
2026-09-14 08:11:45 INFO Change detected: 08:11:44/opt/dsf/sd/sys/duetBackup/ (duetBackup.log CLOSE_WRITE,CLOSE)
2026-09-14 08:11:45 INFO Push started
2026-09-14 08:11:45 INFO Synced /opt/dsf/sd/sys
2026-09-14 08:11:46 INFO Synced /opt/dsf/sd/macros
2026-09-14 08:11:46 INFO Push complete
2026-09-14 08:12:16 INFO Change detected: 08:12:16/opt/dsf/sd/sys/duetBackup/ (duetBackup.log CLOSE_WRITE,CLOSE)
2026-09-14 08:12:17 INFO Push started
2026-09-14 08:12:26 INFO Synced /opt/dsf/sd/sys
2026-09-14 08:12:27 INFO Synced /opt/dsf/sd/macros
2026-09-14 08:12:27 INFO Push complete
2026-09-14 14:12:16 INFO Change detected: 14:12:15/opt/dsf/sd/sys/duetBackup/ (duetBackup.log CLOSE_WRITE,CLOSE)
2026-09-14 14:12:16 INFO Push started
2026-09-14 14:12:25 INFO Synced /opt/dsf/sd/sys
2026-09-14 14:12:26 INFO Synced /opt/dsf/sd/macros
2026-09-14 14:12:26 INFO Push complete
2026-09-14 14:12:51 INFO Change detected: 14:12:51/opt/dsf/sd/sys/duetBackup/ (duetBackup.log CLOSE_WRITE,CLOSE)
2026-09-14 14:12:51 INFO Push started
2026-09-14 14:12:52 INFO Synced /opt/dsf/sd/sys
2026-09-14 14:12:52 INFO Synced /opt/dsf/sd/macros
2026-09-14 14:12:52 INFO Push complete
2026-09-14 20:12:50 INFO Change detected: 20:12:49/opt/dsf/sd/sys/duetBackup/ (duetBackup.log CLOSE_WRITE,CLOSE)
2026-09-14 20:12:50 INFO Push started
2026-09-14 20:12:50 INFO Synced /opt/dsf/sd/sys
2026-09-14 20:12:53 INFO Synced /opt/dsf/sd/macros
2026-09-14 20:12:53 INFO Push complete
2026-09-14 20:13:23 INFO Change detected: 20:13:23/opt/dsf/sd/sys/duetBackup/ (duetBackup.log CLOSE_WRITE,CLOSE)
2026-09-14 20:13:23 INFO Push started
2026-09-14 20:13:28 INFO Synced /opt/dsf/sd/sys
2026-09-14 20:13:29 INFO Synced /opt/dsf/sd/macros
2026-09-14 20:13:29 INFO Push complete
2026-09-15 02:13:22 INFO Change detected: 02:13:21/opt/dsf/sd/sys/duetBackup/ (duetBackup.log CLOSE_WRITE,CLOSE)
2026-09-15 02:13:22 INFO Push started
2026-09-15 02:13:27 INFO Synced /opt/dsf/sd/sys
2026-09-15 02:13:27 INFO Synced /opt/dsf/sd/macros
2026-09-15 02:13:27 INFO Push complete
2026-09-15 02:13:54 INFO Change detected: 02:13:53/opt/dsf/sd/sys/duetBackup/ (duetBackup.log CLOSE_WRITE,CLOSE)
2026-09-15 02:13:54 INFO Push started
2026-09-15 02:13:54 INFO Synced /opt/dsf/sd/sys
2026-09-15 02:13:55 INFO Synced /opt/dsf/sd/macros
2026-09-15 02:13:55 INFO Push complete
2026-09-15 08:13:52 INFO Change detected: 08:13:52/opt/dsf/sd/sys/duetBackup/ (duetBackup.log CLOSE_WRITE,CLOSE)
2026-09-15 08:13:52 INFO Push started
2026-09-15 08:13:52 INFO Synced /opt/dsf/sd/sys
2026-09-15 08:13:53 INFO Synced /opt/dsf/sd/macros
2026-09-15 08:13:53 INFO Push complete
2026-09-15 08:14:25 INFO Change detected: 08:14:24/opt/dsf/sd/sys/duetBackup/ (duetBackup.log CLOSE_WRITE,CLOSE)
2026-09-15 08:14:25 INFO Push started
2026-09-15 08:14:25 INFO Synced /opt/dsf/sd/sys
2026-09-15 08:14:26 INFO Synced /opt/dsf/sd/macros
2026-09-15 08:14:26 INFO Push complete
2026-09-15 11:50:32 INFO Change detected: 11:50:32/opt/dsf/sd/sys/ (dwc-settings.json.part CREATE)
2026-09-15 11:50:32 INFO Push started
2026-09-15 11:50:33 INFO   dwc-settings.json: Updated modification time in destination
2026-09-15 11:50:33 INFO Synced /opt/dsf/sd/sys
2026-09-15 11:50:34 INFO Synced /opt/dsf/sd/macros
2026-09-15 11:50:34 INFO Push complete
2026-09-15 11:50:34 INFO Change detected: 11:50:32/opt/dsf/sd/sys/ (dwc-settings.json.part CLOSE_WRITE,CLOSE)
2026-09-15 11:50:34 INFO Push started
2026-09-15 11:50:35 INFO Synced /opt/dsf/sd/sys
2026-09-15 11:50:35 INFO Synced /opt/dsf/sd/macros
2026-09-15 11:50:35 INFO Push complete
2026-09-15 11:50:35 INFO Change detected: 11:50:32/opt/dsf/sd/sys/ (dwc-settings.json MOVED_TO)
2026-09-15 11:50:35 INFO Push started
2026-09-15 11:50:36 INFO Synced /opt/dsf/sd/sys
2026-09-15 11:50:37 INFO Synced /opt/dsf/sd/macros
2026-09-15 11:50:37 INFO Push complete
2026-09-15 13:14:38 INFO Change detected: 13:14:38/opt/dsf/sd/sys/ (project.txt.tmp.897.4c05f0a483a0 CREATE)
2026-09-15 13:14:38 INFO Push started
2026-09-15 13:14:41 INFO   project.txt: Copied (replaced existing)
2026-09-15 13:14:41 INFO Synced /opt/dsf/sd/sys
2026-09-15 13:14:42 INFO Synced /opt/dsf/sd/macros
2026-09-15 13:14:42 INFO Push complete
2026-09-15 13:14:42 INFO Change detected: 13:14:38/opt/dsf/sd/sys/ (project.txt.tmp.897.4c05f0a483a0 CLOSE_WRITE,CLOSE)
2026-09-15 13:14:42 INFO Push started
2026-09-15 13:14:43 INFO Synced /opt/dsf/sd/sys
2026-09-15 13:14:44 INFO Synced /opt/dsf/sd/macros
2026-09-15 13:14:44 INFO Push complete
2026-09-15 13:14:44 INFO Change detected: 13:14:38/opt/dsf/sd/sys/ (project.txt MOVED_TO)
2026-09-15 13:14:44 INFO Push started
2026-09-15 13:14:44 INFO Synced /opt/dsf/sd/sys
2026-09-15 13:14:45 INFO Synced /opt/dsf/sd/macros
2026-09-15 13:14:45 INFO Push complete
2026-09-15 14:14:24 INFO Change detected: 14:14:23/opt/dsf/sd/sys/duetBackup/ (duetBackup.log CLOSE_WRITE,CLOSE)
2026-09-15 14:14:24 INFO Push started
2026-09-15 14:14:28 INFO   eventlog.txt: Copied (replaced existing)
2026-09-15 14:14:28 INFO Synced /opt/dsf/sd/sys
2026-09-15 14:14:29 INFO Synced /opt/dsf/sd/macros
2026-09-15 14:14:29 INFO Push complete
2026-09-15 14:14:58 INFO Change detected: 14:14:58/opt/dsf/sd/sys/duetBackup/ (duetBackup.log CLOSE_WRITE,CLOSE)
2026-09-15 14:14:58 INFO Push started
2026-09-15 14:15:33 INFO Synced /opt/dsf/sd/sys
2026-09-15 14:15:36 INFO Synced /opt/dsf/sd/macros
2026-09-15 14:15:36 INFO Push complete
2026-09-15 15:54:33 INFO Change detected: 15:54:33/opt/dsf/sd/sys/ (project.txt.tmp.897.d2a8a4642e57 CREATE)
2026-09-15 15:54:33 INFO Push started
2026-09-15 15:54:35 INFO   project.txt: Copied (replaced existing)
2026-09-15 15:54:35 INFO Synced /opt/dsf/sd/sys
2026-09-15 15:54:36 INFO Synced /opt/dsf/sd/macros
2026-09-15 15:54:36 INFO Push complete
2026-09-15 15:54:36 INFO Change detected: 15:54:33/opt/dsf/sd/sys/ (project.txt.tmp.897.d2a8a4642e57 CLOSE_WRITE,CLOSE)
2026-09-15 15:54:36 INFO Push started
2026-09-15 15:54:37 INFO Synced /opt/dsf/sd/sys
2026-09-15 15:54:38 INFO Synced /opt/dsf/sd/macros
2026-09-15 15:54:38 INFO Push complete
2026-09-15 15:54:38 INFO Change detected: 15:54:33/opt/dsf/sd/sys/ (project.txt MOVED_TO)
2026-09-15 15:54:38 INFO Push started
2026-09-15 15:54:38 INFO Synced /opt/dsf/sd/sys
2026-09-15 15:54:39 INFO Synced /opt/dsf/sd/macros
2026-09-15 15:54:39 INFO Push complete
2026-09-15 16:02:26 INFO Change detected: 16:02:26/opt/dsf/sd/sys/ (config.g.tmp.897.97aff2884296 CREATE)
2026-09-15 16:02:26 INFO Push started
2026-09-15 16:02:28 INFO   config.g: Copied (replaced existing)
2026-09-15 16:02:28 INFO Synced /opt/dsf/sd/sys
2026-09-15 16:02:29 INFO Synced /opt/dsf/sd/macros
2026-09-15 16:02:29 INFO Push complete
2026-09-15 16:02:29 INFO Change detected: 16:02:26/opt/dsf/sd/sys/ (config.g.tmp.897.97aff2884296 CLOSE_WRITE,CLOSE)
2026-09-15 16:02:29 INFO Push started
2026-09-15 16:02:30 INFO Synced /opt/dsf/sd/sys
2026-09-15 16:02:31 INFO Synced /opt/dsf/sd/macros
2026-09-15 16:02:31 INFO Push complete
2026-09-15 16:02:31 INFO Change detected: 16:02:26/opt/dsf/sd/sys/ (config.g MOVED_TO)
2026-09-15 16:02:31 INFO Push started
2026-09-15 16:02:32 INFO Synced /opt/dsf/sd/sys
2026-09-15 16:02:33 INFO Synced /opt/dsf/sd/macros
2026-09-15 16:02:33 INFO Push complete
2026-09-15 16:02:38 INFO Change detected: 16:02:38/opt/dsf/sd/sys/ (config.g.tmp.897.3f613097d6f5 CREATE)
2026-09-15 16:02:38 INFO Push started
2026-09-15 16:02:40 INFO   config.g: Copied (replaced existing)
2026-09-15 16:02:40 INFO Synced /opt/dsf/sd/sys
2026-09-15 16:02:41 INFO Synced /opt/dsf/sd/macros
2026-09-15 16:02:41 INFO Push complete
2026-09-15 16:02:41 INFO Change detected: 16:02:38/opt/dsf/sd/sys/ (config.g.tmp.897.3f613097d6f5 CLOSE_WRITE,CLOSE)
2026-09-15 16:02:41 INFO Push started
2026-09-15 16:02:42 INFO Synced /opt/dsf/sd/sys
2026-09-15 16:02:43 INFO Synced /opt/dsf/sd/macros
2026-09-15 16:02:43 INFO Push complete
2026-09-15 16:02:43 INFO Change detected: 16:02:38/opt/dsf/sd/sys/ (config.g MOVED_TO)
2026-09-15 16:02:43 INFO Push started
2026-09-15 16:02:43 INFO Synced /opt/dsf/sd/sys
2026-09-15 16:02:44 INFO Synced /opt/dsf/sd/macros
2026-09-15 16:02:44 INFO Push complete
2026-09-15 16:03:06 INFO Change detected: 16:03:06/opt/dsf/sd/sys/ (eventlog.txt CLOSE_WRITE,CLOSE)
2026-09-15 16:03:06 INFO Push started
2026-09-15 16:03:30 INFO   eventlog.txt: Copied (replaced existing)
2026-09-15 16:03:30 INFO Synced /opt/dsf/sd/sys
2026-09-15 16:03:31 INFO Synced /opt/dsf/sd/macros
2026-09-15 16:03:31 INFO Push complete
2026-09-15 16:03:31 INFO Change detected: 16:03:11/opt/dsf/sd/sys/duetBackup/ (duetBackup.log CLOSE_WRITE,CLOSE)
2026-09-15 16:03:31 INFO Push started
2026-09-15 16:03:32 INFO Synced /opt/dsf/sd/sys
2026-09-15 16:03:33 INFO Synced /opt/dsf/sd/macros
2026-09-15 16:03:33 INFO Push complete
2026-09-15 16:05:36 INFO Change detected: 16:05:36/opt/dsf/sd/sys/ (config.g.tmp.897.fc74a139e6b1 CREATE)
2026-09-15 16:05:36 INFO Push started
2026-09-15 16:05:38 INFO   config.g: Copied (replaced existing)
2026-09-15 16:05:38 INFO Synced /opt/dsf/sd/sys
2026-09-15 16:05:39 INFO Synced /opt/dsf/sd/macros
2026-09-15 16:05:39 INFO Push complete
2026-09-15 16:05:39 INFO Change detected: 16:05:36/opt/dsf/sd/sys/ (config.g.tmp.897.fc74a139e6b1 CLOSE_WRITE,CLOSE)
2026-09-15 16:05:39 INFO Push started
2026-09-15 16:05:41 INFO   config.g: Copied (replaced existing)
2026-09-15 16:05:41 INFO Synced /opt/dsf/sd/sys
2026-09-15 16:05:42 INFO Synced /opt/dsf/sd/macros
2026-09-15 16:05:42 INFO Push complete
2026-09-15 16:05:42 INFO Change detected: 16:05:36/opt/dsf/sd/sys/ (config.g MOVED_TO)
2026-09-15 16:05:42 INFO Push started
2026-09-15 16:05:43 INFO Synced /opt/dsf/sd/sys
2026-09-15 16:05:44 INFO Synced /opt/dsf/sd/macros
2026-09-15 16:05:44 INFO Push complete
2026-09-15 16:05:44 INFO Change detected: 16:05:39/opt/dsf/sd/sys/ (config.g.tmp.897.4f8fd7514274 CREATE)
2026-09-15 16:05:44 INFO Push started
2026-09-15 16:05:44 INFO Synced /opt/dsf/sd/sys
2026-09-15 16:05:45 INFO Synced /opt/dsf/sd/macros
2026-09-15 16:05:45 INFO Push complete
2026-09-15 16:05:45 INFO Change detected: 16:05:39/opt/dsf/sd/sys/ (config.g.tmp.897.4f8fd7514274 CLOSE_WRITE,CLOSE)
2026-09-15 16:05:45 INFO Push started
2026-09-15 16:05:46 INFO Synced /opt/dsf/sd/sys
2026-09-15 16:05:47 INFO Synced /opt/dsf/sd/macros
2026-09-15 16:05:47 INFO Push complete
2026-09-15 16:05:47 INFO Change detected: 16:05:39/opt/dsf/sd/sys/ (config.g MOVED_TO)
2026-09-15 16:05:47 INFO Push started
2026-09-15 16:05:48 INFO Synced /opt/dsf/sd/sys
2026-09-15 16:05:49 INFO Synced /opt/dsf/sd/macros
2026-09-15 16:05:49 INFO Push complete
2026-09-15 16:22:32 INFO Change detected: 16:22:32/opt/dsf/sd/sys/ (project.txt.tmp.897.7d40591218ce CREATE)
2026-09-15 16:22:32 INFO Push started
2026-09-15 16:22:34 INFO   project.txt: Copied (replaced existing)
2026-09-15 16:22:35 INFO Synced /opt/dsf/sd/sys
2026-09-15 16:22:35 INFO Synced /opt/dsf/sd/macros
2026-09-15 16:22:35 INFO Push complete
2026-09-15 16:22:35 INFO Change detected: 16:22:32/opt/dsf/sd/sys/ (project.txt.tmp.897.7d40591218ce CLOSE_WRITE,CLOSE)
2026-09-15 16:22:35 INFO Push started
2026-09-15 16:22:38 INFO   project-long.txt: Copied (replaced existing)
2026-09-15 16:22:38 INFO Synced /opt/dsf/sd/sys
2026-09-15 16:22:39 INFO Synced /opt/dsf/sd/macros
2026-09-15 16:22:39 INFO Push complete
2026-09-15 16:22:39 INFO Change detected: 16:22:32/opt/dsf/sd/sys/ (project.txt MOVED_TO)
2026-09-15 16:22:39 INFO Push started
2026-09-15 16:22:41 INFO   slicer_brief.txt: Copied (replaced existing)
2026-09-15 16:22:41 INFO Synced /opt/dsf/sd/sys
2026-09-15 16:22:42 INFO Synced /opt/dsf/sd/macros
2026-09-15 16:22:42 INFO Push complete
2026-09-15 16:22:42 INFO Change detected: 16:22:36/opt/dsf/sd/sys/ (project-long.txt.tmp.897.6d80950fe6ab CREATE)
2026-09-15 16:22:42 INFO Push started
2026-09-15 16:22:43 INFO Synced /opt/dsf/sd/sys
2026-09-15 16:22:44 INFO Synced /opt/dsf/sd/macros
2026-09-15 16:22:44 INFO Push complete
2026-09-15 16:22:44 INFO Change detected: 16:22:36/opt/dsf/sd/sys/ (project-long.txt.tmp.897.6d80950fe6ab CLOSE_WRITE,CLOSE)
2026-09-15 16:22:44 INFO Push started
2026-09-15 16:22:45 INFO Synced /opt/dsf/sd/sys
2026-09-15 16:22:46 INFO Synced /opt/dsf/sd/macros
2026-09-15 16:22:46 INFO Push complete
2026-09-15 16:22:46 INFO Change detected: 16:22:36/opt/dsf/sd/sys/ (project-long.txt MOVED_TO)
2026-09-15 16:22:46 INFO Push started
2026-09-15 16:22:46 INFO Synced /opt/dsf/sd/sys
2026-09-15 16:22:47 INFO Synced /opt/dsf/sd/macros
2026-09-15 16:22:47 INFO Push complete
2026-09-15 16:22:47 INFO Change detected: 16:22:39/opt/dsf/sd/sys/ (slicer_brief.txt.tmp.897.1c1148e6563f CREATE)
2026-09-15 16:22:47 INFO Push started
2026-09-15 16:22:48 INFO Synced /opt/dsf/sd/sys
2026-09-15 16:22:49 INFO Synced /opt/dsf/sd/macros
2026-09-15 16:22:49 INFO Push complete
2026-09-15 16:22:49 INFO Change detected: 16:22:39/opt/dsf/sd/sys/ (slicer_brief.txt.tmp.897.1c1148e6563f CLOSE_WRITE,CLOSE)
2026-09-15 16:22:49 INFO Push started
2026-09-15 16:22:50 INFO Synced /opt/dsf/sd/sys
2026-09-15 16:22:51 INFO Synced /opt/dsf/sd/macros
2026-09-15 16:22:51 INFO Push complete
2026-09-15 16:22:51 INFO Change detected: 16:22:39/opt/dsf/sd/sys/ (slicer_brief.txt MOVED_TO)
2026-09-15 16:22:51 INFO Push started
2026-09-15 16:22:51 INFO Synced /opt/dsf/sd/sys
2026-09-15 16:22:52 INFO Synced /opt/dsf/sd/macros
2026-09-15 16:22:52 INFO Push complete
2026-09-15 20:15:29 INFO Change detected: 20:15:28/opt/dsf/sd/sys/duetBackup/ (duetBackup.log CLOSE_WRITE,CLOSE)
2026-09-15 20:15:29 INFO Push started
2026-09-15 20:15:30 INFO Synced /opt/dsf/sd/sys
2026-09-15 20:15:30 INFO Synced /opt/dsf/sd/macros
2026-09-15 20:15:30 INFO Push complete
2026-09-15 20:16:08 INFO Change detected: 20:16:08/opt/dsf/sd/sys/duetBackup/ (duetBackup.log CLOSE_WRITE,CLOSE)
2026-09-15 20:16:08 INFO Push started
2026-09-15 20:16:42 INFO Synced /opt/dsf/sd/sys
2026-09-15 20:16:42 INFO Synced /opt/dsf/sd/macros
2026-09-15 20:16:42 INFO Push complete
2026-09-15 20:40:42 INFO Change detected: 20:40:41/opt/dsf/sd/sys/ (config.g.tmp.897.d1997f09b32d CREATE)
2026-09-15 20:40:42 INFO Push started
2026-09-15 20:40:44 INFO   config.g: Copied (replaced existing)
2026-09-15 20:40:44 INFO Synced /opt/dsf/sd/sys
2026-09-15 20:40:45 INFO Synced /opt/dsf/sd/macros
2026-09-15 20:40:45 INFO Push complete
2026-09-15 20:40:45 INFO Change detected: 20:40:42/opt/dsf/sd/sys/ (config.g.tmp.897.d1997f09b32d CLOSE_WRITE,CLOSE)
2026-09-15 20:40:45 INFO Push started
2026-09-15 20:40:45 INFO Synced /opt/dsf/sd/sys
2026-09-15 20:40:46 INFO Synced /opt/dsf/sd/macros
2026-09-15 20:40:46 INFO Push complete
2026-09-15 20:40:46 INFO Change detected: 20:40:42/opt/dsf/sd/sys/ (config.g MOVED_TO)
2026-09-15 20:40:46 INFO Push started
2026-09-15 20:40:46 INFO Synced /opt/dsf/sd/sys
2026-09-15 20:40:47 INFO Synced /opt/dsf/sd/macros
2026-09-15 20:40:47 INFO Push complete
2026-09-15 20:41:01 INFO Change detected: 20:41:01/opt/dsf/sd/sys/ (eventlog.txt CLOSE_WRITE,CLOSE)
2026-09-15 20:41:01 INFO Push started
2026-09-15 20:41:53 INFO   eventlog.txt: Copied (replaced existing)
2026-09-15 20:41:53 INFO Synced /opt/dsf/sd/sys
2026-09-15 20:41:54 INFO Synced /opt/dsf/sd/macros
2026-09-15 20:41:54 INFO Push complete
2026-09-15 20:41:54 INFO Change detected: 20:41:06/opt/dsf/sd/sys/duetBackup/ (duetBackup.log CLOSE_WRITE,CLOSE)
2026-09-15 20:41:54 INFO Push started
2026-09-15 20:41:55 INFO Synced /opt/dsf/sd/sys
2026-09-15 20:41:55 INFO Synced /opt/dsf/sd/macros
2026-09-15 20:41:55 INFO Push complete
2026-09-15 20:42:15 INFO Change detected: 20:42:15/opt/dsf/sd/sys/ (project.txt.tmp.897.c53a412f5d41 CREATE)
2026-09-15 20:42:15 INFO Push started
2026-09-15 20:42:35 INFO   project.txt: Copied (replaced existing)
2026-09-15 20:42:35 INFO Synced /opt/dsf/sd/sys
2026-09-15 20:42:36 INFO Synced /opt/dsf/sd/macros
2026-09-15 20:42:36 INFO Push complete
2026-09-15 20:42:36 INFO Change detected: 20:42:15/opt/dsf/sd/sys/ (project.txt.tmp.897.c53a412f5d41 CLOSE_WRITE,CLOSE)
2026-09-15 20:42:36 INFO Push started
2026-09-15 20:42:36 INFO Synced /opt/dsf/sd/sys
2026-09-15 20:42:37 INFO Synced /opt/dsf/sd/macros
2026-09-15 20:42:37 INFO Push complete
2026-09-15 20:42:37 INFO Change detected: 20:42:15/opt/dsf/sd/sys/ (project.txt MOVED_TO)
2026-09-15 20:42:37 INFO Push started
2026-09-15 20:42:38 INFO Synced /opt/dsf/sd/sys
2026-09-15 20:42:39 INFO Synced /opt/dsf/sd/macros
2026-09-15 20:42:39 INFO Push complete
2026-09-15 20:42:39 INFO Change detected: 20:42:22/opt/dsf/sd/sys/ (project.txt.tmp.897.a62d3f7a9057 CREATE)
2026-09-15 20:42:39 INFO Push started
2026-09-15 20:42:39 INFO Synced /opt/dsf/sd/sys
2026-09-15 20:42:40 INFO Synced /opt/dsf/sd/macros
2026-09-15 20:42:40 INFO Push complete
2026-09-15 20:42:40 INFO Change detected: 20:42:22/opt/dsf/sd/sys/ (project.txt.tmp.897.a62d3f7a9057 CLOSE_WRITE,CLOSE)
2026-09-15 20:42:40 INFO Push started
2026-09-15 20:42:40 INFO Synced /opt/dsf/sd/sys
2026-09-15 20:42:41 INFO Synced /opt/dsf/sd/macros
2026-09-15 20:42:41 INFO Push complete
2026-09-15 20:42:41 INFO Change detected: 20:42:22/opt/dsf/sd/sys/ (project.txt MOVED_TO)
2026-09-15 20:42:41 INFO Push started
2026-09-15 20:42:43 INFO   project.txt: Copied (replaced existing)
2026-09-15 20:42:43 INFO Synced /opt/dsf/sd/sys
2026-09-15 20:42:44 INFO Synced /opt/dsf/sd/macros
2026-09-15 20:42:44 INFO Push complete
2026-09-15 20:42:44 INFO Change detected: 20:42:30/opt/dsf/sd/sys/ (project.txt.tmp.897.1c1114cf1cb9 CREATE)
2026-09-15 20:42:44 INFO Push started
2026-09-15 20:42:45 INFO Synced /opt/dsf/sd/sys
2026-09-15 20:42:45 INFO Synced /opt/dsf/sd/macros
2026-09-15 20:42:45 INFO Push complete
2026-09-15 20:42:45 INFO Change detected: 20:42:30/opt/dsf/sd/sys/ (project.txt.tmp.897.1c1114cf1cb9 CLOSE_WRITE,CLOSE)
2026-09-15 20:42:45 INFO Push started
2026-09-15 20:42:46 INFO Synced /opt/dsf/sd/sys
2026-09-15 20:42:47 INFO Synced /opt/dsf/sd/macros
2026-09-15 20:42:47 INFO Push complete
2026-09-15 20:42:47 INFO Change detected: 20:42:30/opt/dsf/sd/sys/ (project.txt MOVED_TO)
2026-09-15 20:42:47 INFO Push started
2026-09-15 20:42:47 INFO Synced /opt/dsf/sd/sys
2026-09-15 20:42:48 INFO Synced /opt/dsf/sd/macros
2026-09-15 20:42:48 INFO Push complete
2026-09-15 20:42:48 INFO Change detected: 20:42:40/opt/dsf/sd/sys/ (project.txt.tmp.897.049180797f8a CREATE)
2026-09-15 20:42:48 INFO Push started
2026-09-15 20:42:49 INFO Synced /opt/dsf/sd/sys
2026-09-15 20:42:49 INFO Synced /opt/dsf/sd/macros
2026-09-15 20:42:49 INFO Push complete
2026-09-15 20:42:49 INFO Change detected: 20:42:40/opt/dsf/sd/sys/ (project.txt.tmp.897.049180797f8a CLOSE_WRITE,CLOSE)
2026-09-15 20:42:49 INFO Push started
2026-09-15 20:42:50 INFO Synced /opt/dsf/sd/sys
2026-09-15 20:42:51 INFO Synced /opt/dsf/sd/macros
2026-09-15 20:42:51 INFO Push complete
2026-09-15 20:42:51 INFO Change detected: 20:42:40/opt/dsf/sd/sys/ (project.txt MOVED_TO)
2026-09-15 20:42:51 INFO Push started
2026-09-15 20:42:51 INFO Synced /opt/dsf/sd/sys
2026-09-15 20:42:52 INFO Synced /opt/dsf/sd/macros
2026-09-15 20:42:52 INFO Push complete
2026-09-15 21:01:43 INFO Change detected: 21:01:43/opt/dsf/sd/sys/ (config.g.tmp.897.9ba84cfb54b8 CREATE)
2026-09-15 21:01:43 INFO Push started
2026-09-15 21:01:45 INFO   config.g: Copied (replaced existing)
2026-09-15 21:01:45 INFO Synced /opt/dsf/sd/sys
2026-09-15 21:01:46 INFO Synced /opt/dsf/sd/macros
2026-09-15 21:01:46 INFO Push complete
2026-09-15 21:01:46 INFO Change detected: 21:01:43/opt/dsf/sd/sys/ (config.g.tmp.897.9ba84cfb54b8 CLOSE_WRITE,CLOSE)
2026-09-15 21:01:46 INFO Push started
2026-09-15 21:01:46 INFO Synced /opt/dsf/sd/sys
2026-09-15 21:01:47 INFO Synced /opt/dsf/sd/macros
2026-09-15 21:01:47 INFO Push complete
2026-09-15 21:01:47 INFO Change detected: 21:01:43/opt/dsf/sd/sys/ (config.g MOVED_TO)
2026-09-15 21:01:47 INFO Push started
2026-09-15 21:01:47 INFO Synced /opt/dsf/sd/sys
2026-09-15 21:01:48 INFO Synced /opt/dsf/sd/macros
2026-09-15 21:01:48 INFO Push complete
2026-09-15 21:02:09 INFO Change detected: 21:02:09/opt/dsf/sd/sys/ (project.txt.tmp.897.ee3d8861f4a0 CREATE)
2026-09-15 21:02:09 INFO Push started
2026-09-15 21:02:45 INFO   project.txt: Copied (replaced existing)
2026-09-15 21:02:45 INFO Synced /opt/dsf/sd/sys
2026-09-15 21:02:46 INFO Synced /opt/dsf/sd/macros
2026-09-15 21:02:46 INFO Push complete
2026-09-15 21:02:46 INFO Change detected: 21:02:09/opt/dsf/sd/sys/ (project.txt.tmp.897.ee3d8861f4a0 CLOSE_WRITE,CLOSE)
2026-09-15 21:02:46 INFO Push started
2026-09-15 21:02:48 INFO   slicer_brief.txt: Copied (replaced existing)
2026-09-15 21:02:48 INFO Synced /opt/dsf/sd/sys
2026-09-15 21:02:49 INFO Synced /opt/dsf/sd/macros
2026-09-15 21:02:49 INFO Push complete
2026-09-15 21:02:49 INFO Change detected: 21:02:09/opt/dsf/sd/sys/ (project.txt MOVED_TO)
2026-09-15 21:02:49 INFO Push started
2026-09-15 21:02:50 INFO Synced /opt/dsf/sd/sys
2026-09-15 21:02:51 INFO Synced /opt/dsf/sd/macros
2026-09-15 21:02:51 INFO Push complete
2026-09-15 21:02:51 INFO Change detected: 21:02:11/opt/dsf/sd/sys/ (project.txt.tmp.897.d210dc2aa9f9 CREATE)
2026-09-15 21:02:51 INFO Push started
2026-09-15 21:02:51 INFO Synced /opt/dsf/sd/sys
2026-09-15 21:02:52 INFO Synced /opt/dsf/sd/macros
2026-09-15 21:02:52 INFO Push complete
2026-09-15 21:02:52 INFO Change detected: 21:02:11/opt/dsf/sd/sys/ (project.txt.tmp.897.d210dc2aa9f9 CLOSE_WRITE,CLOSE)
2026-09-15 21:02:52 INFO Push started
2026-09-15 21:02:52 INFO Synced /opt/dsf/sd/sys
2026-09-15 21:02:53 INFO Synced /opt/dsf/sd/macros
2026-09-15 21:02:53 INFO Push complete
2026-09-15 21:02:53 INFO Change detected: 21:02:11/opt/dsf/sd/sys/ (project.txt MOVED_TO)
2026-09-15 21:02:53 INFO Push started
2026-09-15 21:02:54 INFO Synced /opt/dsf/sd/sys
2026-09-15 21:03:30 INFO Synced /opt/dsf/sd/macros
2026-09-15 21:03:30 INFO Push complete
2026-09-15 21:03:30 INFO Change detected: 21:02:13/opt/dsf/sd/sys/ (project.txt.tmp.897.a96836b2fa40 CREATE)
2026-09-15 21:03:30 INFO Push started
2026-09-15 21:03:31 INFO Synced /opt/dsf/sd/sys
2026-09-15 21:03:32 INFO Synced /opt/dsf/sd/macros
2026-09-15 21:03:32 INFO Push complete
2026-09-15 21:03:32 INFO Change detected: 21:02:13/opt/dsf/sd/sys/ (project.txt.tmp.897.a96836b2fa40 CLOSE_WRITE,CLOSE)
2026-09-15 21:03:32 INFO Push started
2026-09-15 21:03:32 INFO Synced /opt/dsf/sd/sys
2026-09-15 21:03:33 INFO Synced /opt/dsf/sd/macros
2026-09-15 21:03:33 INFO Push complete
2026-09-15 21:03:33 INFO Change detected: 21:02:13/opt/dsf/sd/sys/ (project.txt MOVED_TO)
2026-09-15 21:03:33 INFO Push started
2026-09-15 21:03:33 INFO Synced /opt/dsf/sd/sys
2026-09-15 21:03:34 INFO Synced /opt/dsf/sd/macros
2026-09-15 21:03:34 INFO Push complete
2026-09-15 21:03:34 INFO Change detected: 21:02:26/opt/dsf/sd/sys/ (slicer_brief.txt.tmp.897.5cecee0e7a47 CREATE)
2026-09-15 21:03:34 INFO Push started
2026-09-15 21:03:35 INFO Synced /opt/dsf/sd/sys
2026-09-15 21:03:35 INFO Synced /opt/dsf/sd/macros
2026-09-15 21:03:35 INFO Push complete
2026-09-15 21:03:35 INFO Change detected: 21:02:26/opt/dsf/sd/sys/ (slicer_brief.txt.tmp.897.5cecee0e7a47 CLOSE_WRITE,CLOSE)
2026-09-15 21:03:36 INFO Push started
2026-09-15 21:03:36 INFO Synced /opt/dsf/sd/sys
2026-09-15 21:03:37 INFO Synced /opt/dsf/sd/macros
2026-09-15 21:03:37 INFO Push complete
2026-09-15 21:03:37 INFO Change detected: 21:02:26/opt/dsf/sd/sys/ (slicer_brief.txt MOVED_TO)
2026-09-15 21:03:37 INFO Push started
2026-09-15 21:03:37 INFO Synced /opt/dsf/sd/sys
2026-09-15 21:03:38 INFO Synced /opt/dsf/sd/macros
2026-09-15 21:03:38 INFO Push complete
2026-09-15 21:04:01 INFO Change detected: 21:04:01/opt/dsf/sd/sys/ (config.g.tmp.897.a821195b1a1f CREATE)
2026-09-15 21:04:01 INFO Push started
2026-09-15 21:04:52 INFO   config.g: Copied (replaced existing)
2026-09-15 21:04:52 INFO Synced /opt/dsf/sd/sys
2026-09-15 21:04:53 INFO Synced /opt/dsf/sd/macros
2026-09-15 21:04:53 INFO Push complete
2026-09-15 21:04:53 INFO Change detected: 21:04:01/opt/dsf/sd/sys/ (config.g.tmp.897.a821195b1a1f CLOSE_WRITE,CLOSE)
2026-09-15 21:04:53 INFO Push started
2026-09-15 21:04:55 INFO   project.txt: Copied (replaced existing)
2026-09-15 21:04:55 INFO Synced /opt/dsf/sd/sys
2026-09-15 21:05:47 INFO Synced /opt/dsf/sd/macros
2026-09-15 21:05:47 INFO Push complete
2026-09-15 21:05:47 INFO Change detected: 21:04:01/opt/dsf/sd/sys/ (config.g MOVED_TO)
2026-09-15 21:05:47 INFO Push started
2026-09-15 21:05:48 INFO Synced /opt/dsf/sd/sys
2026-09-15 21:05:49 INFO Synced /opt/dsf/sd/macros
2026-09-15 21:05:49 INFO Push complete
2026-09-15 21:05:49 INFO Change detected: 21:04:11/opt/dsf/sd/sys/ (project.txt.tmp.897.d9490b55de47 CREATE)
2026-09-15 21:05:49 INFO Push started
2026-09-15 21:05:49 INFO Synced /opt/dsf/sd/sys
2026-09-15 21:05:50 INFO Synced /opt/dsf/sd/macros
2026-09-15 21:05:50 INFO Push complete
2026-09-15 21:05:50 INFO Change detected: 21:04:11/opt/dsf/sd/sys/ (project.txt.tmp.897.d9490b55de47 CLOSE_WRITE,CLOSE)
2026-09-15 21:05:50 INFO Push started
2026-09-15 21:05:50 INFO Synced /opt/dsf/sd/sys
2026-09-15 21:05:51 INFO Synced /opt/dsf/sd/macros
2026-09-15 21:05:51 INFO Push complete
2026-09-15 21:05:51 INFO Change detected: 21:04:11/opt/dsf/sd/sys/ (project.txt MOVED_TO)
2026-09-15 21:05:51 INFO Push started
2026-09-15 21:05:52 INFO Synced /opt/dsf/sd/sys
2026-09-15 21:05:53 INFO Synced /opt/dsf/sd/macros
2026-09-15 21:05:53 INFO Push complete
2026-09-15 21:12:44 INFO Change detected: 21:12:44/opt/dsf/sd/sys/ (config.g.tmp.897.4642246080b6 CREATE)
2026-09-15 21:12:44 INFO Push started
2026-09-15 21:12:46 INFO   config.g: Copied (replaced existing)
2026-09-15 21:12:46 INFO Synced /opt/dsf/sd/sys
2026-09-15 21:12:47 INFO Synced /opt/dsf/sd/macros
2026-09-15 21:12:47 INFO Push complete
2026-09-15 21:12:47 INFO Change detected: 21:12:44/opt/dsf/sd/sys/ (config.g.tmp.897.4642246080b6 CLOSE_WRITE,CLOSE)
2026-09-15 21:12:47 INFO Push started
2026-09-15 21:12:47 INFO Synced /opt/dsf/sd/sys
2026-09-15 21:12:48 INFO Synced /opt/dsf/sd/macros
2026-09-15 21:12:48 INFO Push complete
2026-09-15 21:12:48 INFO Change detected: 21:12:44/opt/dsf/sd/sys/ (config.g MOVED_TO)
2026-09-15 21:12:48 INFO Push started
2026-09-15 21:12:53 INFO   project.txt: Copied (new)
2026-09-15 21:12:53 INFO Synced /opt/dsf/sd/sys
2026-09-15 21:12:54 INFO Synced /opt/dsf/sd/macros
2026-09-15 21:12:54 INFO Push complete
2026-09-15 21:12:54 INFO Change detected: 21:12:48/opt/dsf/sd/sys/ (project.txt.tmp.897.0625a3e0148d CREATE)
2026-09-15 21:12:54 INFO Push started
2026-09-15 21:12:56 INFO   slicer_brief.txt: Copied (replaced existing)
2026-09-15 21:12:56 INFO Synced /opt/dsf/sd/sys
2026-09-15 21:12:56 INFO Synced /opt/dsf/sd/macros
2026-09-15 21:12:56 INFO Push complete
2026-09-15 21:12:56 INFO Change detected: 21:12:48/opt/dsf/sd/sys/ (project.txt.tmp.897.0625a3e0148d CLOSE_WRITE,CLOSE)
2026-09-15 21:12:56 INFO Push started
2026-09-15 21:12:57 INFO Synced /opt/dsf/sd/sys
2026-09-15 21:13:45 INFO Synced /opt/dsf/sd/macros
2026-09-15 21:13:45 INFO Push complete
2026-09-15 21:13:45 INFO Change detected: 21:12:48/opt/dsf/sd/sys/ (project.txt MOVED_TO)
2026-09-15 21:13:45 INFO Push started
2026-09-15 21:13:46 INFO Synced /opt/dsf/sd/sys
2026-09-15 21:13:46 INFO Synced /opt/dsf/sd/macros
2026-09-15 21:13:46 INFO Push complete
2026-09-15 21:13:46 INFO Change detected: 21:12:50/opt/dsf/sd/sys/ (project.txt.tmp.897.ad1c072d929b CREATE)
2026-09-15 21:13:46 INFO Push started
2026-09-15 21:13:47 INFO Synced /opt/dsf/sd/sys
2026-09-15 21:13:48 INFO Synced /opt/dsf/sd/macros
2026-09-15 21:13:48 INFO Push complete
2026-09-15 21:13:48 INFO Change detected: 21:12:50/opt/dsf/sd/sys/ (project.txt.tmp.897.ad1c072d929b CLOSE_WRITE,CLOSE)
2026-09-15 21:13:48 INFO Push started
2026-09-15 21:13:48 INFO Synced /opt/dsf/sd/sys
2026-09-15 21:13:49 INFO Synced /opt/dsf/sd/macros
2026-09-15 21:13:49 INFO Push complete
2026-09-15 21:13:49 INFO Change detected: 21:12:50/opt/dsf/sd/sys/ (project.txt MOVED_TO)
2026-09-15 21:13:49 INFO Push started
2026-09-15 21:13:49 INFO Synced /opt/dsf/sd/sys
2026-09-15 21:13:50 INFO Synced /opt/dsf/sd/macros
2026-09-15 21:13:50 INFO Push complete
2026-09-15 21:13:50 INFO Change detected: 21:12:51/opt/dsf/sd/sys/ (slicer_brief.txt.tmp.897.b8bfcaf44304 CREATE)
2026-09-15 21:13:50 INFO Push started
2026-09-15 21:13:51 INFO Synced /opt/dsf/sd/sys
2026-09-15 21:13:52 INFO Synced /opt/dsf/sd/macros
2026-09-15 21:13:52 INFO Push complete
2026-09-15 21:13:52 INFO Change detected: 21:12:51/opt/dsf/sd/sys/ (slicer_brief.txt.tmp.897.b8bfcaf44304 CLOSE_WRITE,CLOSE)
2026-09-15 21:13:52 INFO Push started
2026-09-15 21:13:52 INFO Synced /opt/dsf/sd/sys
2026-09-15 21:13:53 INFO Synced /opt/dsf/sd/macros
2026-09-15 21:13:53 INFO Push complete
2026-09-15 21:13:53 INFO Change detected: 21:12:51/opt/dsf/sd/sys/ (slicer_brief.txt MOVED_TO)
2026-09-15 21:13:53 INFO Push started
2026-09-15 21:13:53 INFO Synced /opt/dsf/sd/sys
2026-09-15 21:13:54 INFO Synced /opt/dsf/sd/macros
2026-09-15 21:13:54 INFO Push complete
2026-09-15 21:37:21 INFO Change detected: 21:37:21/opt/dsf/sd/sys/ (config.g.tmp.897.d2656cdf9fa8 CREATE)
2026-09-15 21:37:21 INFO Push started
2026-09-15 21:37:28 INFO   config.g: Copied (replaced existing)
2026-09-15 21:37:29 INFO Synced /opt/dsf/sd/sys
2026-09-15 21:37:29 INFO Synced /opt/dsf/sd/macros
2026-09-15 21:37:29 INFO Push complete
2026-09-15 21:37:29 INFO Change detected: 21:37:21/opt/dsf/sd/sys/ (config.g.tmp.897.d2656cdf9fa8 CLOSE_WRITE,CLOSE)
2026-09-15 21:37:29 INFO Push started
2026-09-15 21:37:31 INFO   slicer_brief.txt: Copied (replaced existing)
2026-09-15 21:37:31 INFO   project.txt: Copied (replaced existing)
2026-09-15 21:37:31 INFO Synced /opt/dsf/sd/sys
2026-09-15 21:37:32 INFO Synced /opt/dsf/sd/macros
2026-09-15 21:37:32 INFO Push complete
2026-09-15 21:37:32 INFO Change detected: 21:37:21/opt/dsf/sd/sys/ (config.g MOVED_TO)
2026-09-15 21:37:32 INFO Push started
2026-09-15 21:37:33 INFO Synced /opt/dsf/sd/sys
2026-09-15 21:37:33 INFO Synced /opt/dsf/sd/macros
2026-09-15 21:37:33 INFO Push complete
2026-09-15 21:37:33 INFO Change detected: 21:37:22/opt/dsf/sd/sys/ (project.txt.tmp.897.e5bec9ab2391 CREATE)
2026-09-15 21:37:33 INFO Push started
2026-09-15 21:37:34 INFO Synced /opt/dsf/sd/sys
2026-09-15 21:37:35 INFO Synced /opt/dsf/sd/macros
2026-09-15 21:37:35 INFO Push complete
2026-09-15 21:37:35 INFO Change detected: 21:37:22/opt/dsf/sd/sys/ (project.txt.tmp.897.e5bec9ab2391 CLOSE_WRITE,CLOSE)
2026-09-15 21:37:35 INFO Push started
2026-09-15 21:37:35 INFO Synced /opt/dsf/sd/sys
2026-09-15 21:37:36 INFO Synced /opt/dsf/sd/macros
2026-09-15 21:37:36 INFO Push complete
2026-09-15 21:37:36 INFO Change detected: 21:37:22/opt/dsf/sd/sys/ (project.txt MOVED_TO)
2026-09-15 21:37:36 INFO Push started
2026-09-15 21:37:37 INFO Synced /opt/dsf/sd/sys
2026-09-15 21:37:37 INFO Synced /opt/dsf/sd/macros
2026-09-15 21:37:37 INFO Push complete
2026-09-15 21:37:37 INFO Change detected: 21:37:24/opt/dsf/sd/sys/ (project.txt.tmp.897.6aba8fa89622 CREATE)
2026-09-15 21:37:37 INFO Push started
2026-09-15 21:37:38 INFO Synced /opt/dsf/sd/sys
2026-09-15 21:37:39 INFO Synced /opt/dsf/sd/macros
2026-09-15 21:37:39 INFO Push complete
2026-09-15 21:37:39 INFO Change detected: 21:37:24/opt/dsf/sd/sys/ (project.txt.tmp.897.6aba8fa89622 CLOSE_WRITE,CLOSE)
2026-09-15 21:37:39 INFO Push started
2026-09-15 21:37:39 INFO Synced /opt/dsf/sd/sys
2026-09-15 21:37:40 INFO Synced /opt/dsf/sd/macros
2026-09-15 21:37:40 INFO Push complete
2026-09-15 21:37:40 INFO Change detected: 21:37:24/opt/dsf/sd/sys/ (project.txt MOVED_TO)
2026-09-15 21:37:40 INFO Push started
2026-09-15 21:37:41 INFO Synced /opt/dsf/sd/sys
2026-09-15 21:37:41 INFO Synced /opt/dsf/sd/macros
2026-09-15 21:37:41 INFO Push complete
2026-09-15 21:37:41 INFO Change detected: 21:37:25/opt/dsf/sd/sys/ (slicer_brief.txt.tmp.897.441dc7ae81d6 CREATE)
2026-09-15 21:37:41 INFO Push started
2026-09-15 21:37:42 INFO Synced /opt/dsf/sd/sys
2026-09-15 21:37:43 INFO Synced /opt/dsf/sd/macros
2026-09-15 21:37:43 INFO Push complete
2026-09-15 21:37:43 INFO Change detected: 21:37:25/opt/dsf/sd/sys/ (slicer_brief.txt.tmp.897.441dc7ae81d6 CLOSE_WRITE,CLOSE)
2026-09-15 21:37:43 INFO Push started
2026-09-15 21:37:43 INFO Synced /opt/dsf/sd/sys
2026-09-15 21:37:44 INFO Synced /opt/dsf/sd/macros
2026-09-15 21:37:44 INFO Push complete
2026-09-15 21:37:44 INFO Change detected: 21:37:25/opt/dsf/sd/sys/ (slicer_brief.txt MOVED_TO)
2026-09-15 21:37:44 INFO Push started
2026-09-15 21:37:45 INFO Synced /opt/dsf/sd/sys
2026-09-15 21:37:46 INFO Synced /opt/dsf/sd/macros
2026-09-15 21:37:46 INFO Push complete
2026-09-15 21:45:54 INFO Change detected: 21:45:54/opt/dsf/sd/sys/ (slicer_brief.txt.tmp.897.f566644eb716 CREATE)
2026-09-15 21:45:54 INFO Push started
2026-09-15 21:46:48 INFO   slicer_brief.txt: Copied (new)
2026-09-15 21:46:48 INFO Synced /opt/dsf/sd/sys
2026-09-15 21:46:49 INFO Synced /opt/dsf/sd/macros
2026-09-15 21:46:49 INFO Push complete
2026-09-15 21:46:49 INFO Change detected: 21:45:54/opt/dsf/sd/sys/ (slicer_brief.txt.tmp.897.f566644eb716 CLOSE_WRITE,CLOSE)
2026-09-15 21:46:49 INFO Push started
2026-09-15 21:46:49 INFO Synced /opt/dsf/sd/sys
2026-09-15 21:46:50 INFO Synced /opt/dsf/sd/macros
2026-09-15 21:46:50 INFO Push complete
2026-09-15 21:46:50 INFO Change detected: 21:45:54/opt/dsf/sd/sys/ (slicer_brief.txt MOVED_TO)
2026-09-15 21:46:50 INFO Push started
2026-09-15 21:46:51 INFO Synced /opt/dsf/sd/sys
2026-09-15 21:46:52 INFO Synced /opt/dsf/sd/macros
2026-09-15 21:46:52 INFO Push complete
2026-09-15 21:46:52 INFO Change detected: 21:45:56/opt/dsf/sd/sys/ (slicer_brief.txt.tmp.897.fa5dc291cc86 CREATE)
2026-09-15 21:46:52 INFO Push started
2026-09-15 21:46:52 INFO Synced /opt/dsf/sd/sys
2026-09-15 21:46:53 INFO Synced /opt/dsf/sd/macros
2026-09-15 21:46:53 INFO Push complete
2026-09-15 21:46:53 INFO Change detected: 21:45:56/opt/dsf/sd/sys/ (slicer_brief.txt.tmp.897.fa5dc291cc86 CLOSE_WRITE,CLOSE)
2026-09-15 21:46:53 INFO Push started
2026-09-15 21:46:54 INFO Synced /opt/dsf/sd/sys
2026-09-15 21:46:54 INFO Synced /opt/dsf/sd/macros
2026-09-15 21:46:54 INFO Push complete
2026-09-15 21:46:54 INFO Change detected: 21:45:56/opt/dsf/sd/sys/ (slicer_brief.txt MOVED_TO)
2026-09-15 21:46:54 INFO Push started
2026-09-15 21:46:55 INFO Synced /opt/dsf/sd/sys
2026-09-15 21:46:56 INFO Synced /opt/dsf/sd/macros
2026-09-15 21:46:56 INFO Push complete
2026-09-15 21:46:56 INFO Change detected: 21:45:58/opt/dsf/sd/sys/ (slicer_brief.txt.tmp.897.f2bc0dc1e434 CREATE)
2026-09-15 21:46:56 INFO Push started
2026-09-15 21:46:57 INFO Synced /opt/dsf/sd/sys
2026-09-15 21:47:00 INFO Synced /opt/dsf/sd/macros
2026-09-15 21:47:00 INFO Push complete
2026-09-15 21:47:00 INFO Change detected: 21:45:58/opt/dsf/sd/sys/ (slicer_brief.txt.tmp.897.f2bc0dc1e434 CLOSE_WRITE,CLOSE)
2026-09-15 21:47:00 INFO Push started
2026-09-15 21:47:04 INFO Synced /opt/dsf/sd/sys
2026-09-15 21:47:54 INFO Synced /opt/dsf/sd/macros
2026-09-15 21:47:54 INFO Push complete
2026-09-15 21:47:55 INFO Change detected: 21:45:58/opt/dsf/sd/sys/ (slicer_brief.txt MOVED_TO)
2026-09-15 21:47:55 INFO Push started
2026-09-15 21:47:55 INFO Synced /opt/dsf/sd/sys
2026-09-15 21:48:45 INFO Synced /opt/dsf/sd/macros
2026-09-15 21:48:45 INFO Push complete
2026-09-16 02:16:40 INFO Change detected: 02:16:39/opt/dsf/sd/sys/duetBackup/ (duetBackup.log CLOSE_WRITE,CLOSE)
2026-09-16 02:16:40 INFO Push started
2026-09-16 02:16:40 INFO Synced /opt/dsf/sd/sys
2026-09-16 02:16:41 INFO Synced /opt/dsf/sd/macros
2026-09-16 02:16:41 INFO Push complete
2026-09-16 02:17:15 INFO Change detected: 02:17:15/opt/dsf/sd/sys/duetBackup/ (duetBackup.log CLOSE_WRITE,CLOSE)
2026-09-16 02:17:16 INFO Push started
2026-09-16 02:17:33 INFO Synced /opt/dsf/sd/sys
2026-09-16 02:17:34 INFO Synced /opt/dsf/sd/macros
2026-09-16 02:17:34 INFO Push complete
2026-09-16 03:26:59 INFO Change detected: 03:26:59/opt/dsf/sd/sys/ (config.g.tmp.897.6388a67c652e CREATE)
2026-09-16 03:26:59 INFO Push started
2026-09-16 03:27:50 INFO   config.g: Copied (replaced existing)
2026-09-16 03:27:50 INFO Synced /opt/dsf/sd/sys
2026-09-16 03:27:51 INFO Synced /opt/dsf/sd/macros
2026-09-16 03:27:51 INFO Push complete
2026-09-16 03:27:51 INFO Change detected: 03:26:59/opt/dsf/sd/sys/ (config.g.tmp.897.6388a67c652e CLOSE_WRITE,CLOSE)
2026-09-16 03:27:51 INFO Push started
2026-09-16 03:27:53 INFO   eventlog.txt: Copied (replaced existing)
2026-09-16 03:27:53 INFO Synced /opt/dsf/sd/sys
2026-09-16 03:27:54 INFO Synced /opt/dsf/sd/macros
2026-09-16 03:27:54 INFO Push complete
2026-09-16 03:27:54 INFO Change detected: 03:26:59/opt/dsf/sd/sys/ (config.g MOVED_TO)
2026-09-16 03:27:54 INFO Push started
2026-09-16 03:27:54 INFO Synced /opt/dsf/sd/sys
2026-09-16 03:27:55 INFO Synced /opt/dsf/sd/macros
2026-09-16 03:27:55 INFO Push complete
2026-09-16 03:27:55 INFO Change detected: 03:27:10/opt/dsf/sd/sys/ (eventlog.txt CLOSE_WRITE,CLOSE)
2026-09-16 03:27:55 INFO Push started
2026-09-16 03:27:56 INFO Synced /opt/dsf/sd/sys
2026-09-16 03:27:57 INFO Synced /opt/dsf/sd/macros
2026-09-16 03:27:57 INFO Push complete
2026-09-16 03:27:57 INFO Change detected: 03:27:16/opt/dsf/sd/sys/duetBackup/ (duetBackup.log CLOSE_WRITE,CLOSE)
2026-09-16 03:27:57 INFO Push started
2026-09-16 03:28:07 INFO Synced /opt/dsf/sd/sys
2026-09-16 03:28:41 INFO Synced /opt/dsf/sd/macros
2026-09-16 03:28:41 INFO Push complete
2026-09-16 04:44:35 INFO Change detected: 04:44:35/opt/dsf/sd/sys/ (project.txt.tmp.897.e9df234b0db9 CREATE)
2026-09-16 04:44:35 INFO Push started
2026-09-16 04:44:37 INFO   project.txt: Copied (replaced existing)
2026-09-16 04:44:37 INFO Synced /opt/dsf/sd/sys
2026-09-16 04:44:38 INFO Synced /opt/dsf/sd/macros
2026-09-16 04:44:38 INFO Push complete
2026-09-16 04:44:38 INFO Change detected: 04:44:35/opt/dsf/sd/sys/ (project.txt.tmp.897.e9df234b0db9 CLOSE_WRITE,CLOSE)
2026-09-16 04:44:38 INFO Push started
2026-09-16 04:44:39 INFO Synced /opt/dsf/sd/sys
2026-09-16 04:44:39 INFO Synced /opt/dsf/sd/macros
2026-09-16 04:44:39 INFO Push complete
2026-09-16 04:44:39 INFO Change detected: 04:44:35/opt/dsf/sd/sys/ (project.txt MOVED_TO)
2026-09-16 04:44:39 INFO Push started
2026-09-16 04:44:40 INFO Synced /opt/dsf/sd/sys
2026-09-16 04:44:41 INFO Synced /opt/dsf/sd/macros
2026-09-16 04:44:41 INFO Push complete
2026-09-16 07:46:55 INFO Change detected: 07:46:55/opt/dsf/sd/sys/ (config.g.tmp.897.49aa619865f4 CREATE)
2026-09-16 07:46:55 INFO Push started
2026-09-16 07:46:57 INFO   config.g: Copied (replaced existing)
2026-09-16 07:46:57 INFO Synced /opt/dsf/sd/sys
2026-09-16 07:47:48 INFO Synced /opt/dsf/sd/macros
2026-09-16 07:47:48 INFO Push complete
2026-09-16 07:47:48 INFO Change detected: 07:46:55/opt/dsf/sd/sys/ (config.g.tmp.897.49aa619865f4 CLOSE_WRITE,CLOSE)
2026-09-16 07:47:48 INFO Push started
2026-09-16 07:47:50 INFO   project.txt: Copied (replaced existing)
2026-09-16 07:47:50 INFO Synced /opt/dsf/sd/sys
2026-09-16 07:47:51 INFO Synced /opt/dsf/sd/macros
2026-09-16 07:47:51 INFO Push complete
2026-09-16 07:47:51 INFO Change detected: 07:46:55/opt/dsf/sd/sys/ (config.g MOVED_TO)
2026-09-16 07:47:51 INFO Push started
2026-09-16 07:47:51 INFO Synced /opt/dsf/sd/sys
2026-09-16 07:47:52 INFO Synced /opt/dsf/sd/macros
2026-09-16 07:47:52 INFO Push complete
2026-09-16 07:47:52 INFO Change detected: 07:47:15/opt/dsf/sd/sys/ (project.txt.tmp.897.d125f9271c2a CREATE)
2026-09-16 07:47:52 INFO Push started
2026-09-16 07:47:53 INFO Synced /opt/dsf/sd/sys
2026-09-16 07:47:54 INFO Synced /opt/dsf/sd/macros
2026-09-16 07:47:54 INFO Push complete
2026-09-16 07:47:54 INFO Change detected: 07:47:15/opt/dsf/sd/sys/ (project.txt.tmp.897.d125f9271c2a CLOSE_WRITE,CLOSE)
2026-09-16 07:47:54 INFO Push started
2026-09-16 07:47:54 INFO Synced /opt/dsf/sd/sys
2026-09-16 07:47:55 INFO Synced /opt/dsf/sd/macros
2026-09-16 07:47:55 INFO Push complete
2026-09-16 07:47:55 INFO Change detected: 07:47:15/opt/dsf/sd/sys/ (project.txt MOVED_TO)
2026-09-16 07:47:55 INFO Push started
2026-09-16 07:47:56 INFO Synced /opt/dsf/sd/sys
2026-09-16 07:48:32 INFO Synced /opt/dsf/sd/macros
2026-09-16 07:48:32 INFO Push complete
2026-09-16 08:00:23 INFO Change detected: 08:00:23/opt/dsf/sd/sys/ (config.g.tmp.897.e6cadd625655 CREATE)
2026-09-16 08:00:23 INFO Push started
2026-09-16 08:00:25 INFO   config.g: Copied (replaced existing)
2026-09-16 08:00:25 INFO Synced /opt/dsf/sd/sys
2026-09-16 08:00:32 INFO Synced /opt/dsf/sd/macros
2026-09-16 08:00:32 INFO Push complete
2026-09-16 08:00:32 INFO Change detected: 08:00:23/opt/dsf/sd/sys/ (config.g.tmp.897.e6cadd625655 CLOSE_WRITE,CLOSE)
2026-09-16 08:00:32 INFO Push started
2026-09-16 08:00:33 INFO Synced /opt/dsf/sd/sys
2026-09-16 08:00:34 INFO Synced /opt/dsf/sd/macros
2026-09-16 08:00:34 INFO Push complete
2026-09-16 08:00:34 INFO Change detected: 08:00:23/opt/dsf/sd/sys/ (config.g MOVED_TO)
2026-09-16 08:00:34 INFO Push started
2026-09-16 08:00:34 INFO Synced /opt/dsf/sd/sys
2026-09-16 08:00:36 INFO Synced /opt/dsf/sd/macros
2026-09-16 08:00:36 INFO Push complete
2026-09-16 08:17:46 INFO Change detected: 08:17:45/opt/dsf/sd/sys/duetBackup/ (duetBackup.log CLOSE_WRITE,CLOSE)
2026-09-16 08:17:46 INFO Push started
2026-09-16 08:17:47 INFO Synced /opt/dsf/sd/sys
2026-09-16 08:17:47 INFO Synced /opt/dsf/sd/macros
2026-09-16 08:17:47 INFO Push complete
2026-09-16 08:18:21 INFO Change detected: 08:18:21/opt/dsf/sd/sys/duetBackup/ (duetBackup.log CLOSE_WRITE,CLOSE)
2026-09-16 08:18:21 INFO Push started
2026-09-16 08:18:25 INFO Synced /opt/dsf/sd/sys
2026-09-16 08:18:27 INFO Synced /opt/dsf/sd/macros
2026-09-16 08:18:27 INFO Push complete
2026-09-16 09:26:21 INFO Change detected: 09:26:21/opt/dsf/sd/sys/ (config.g.tmp.897.0c99e7264385 CREATE)
2026-09-16 09:26:21 INFO Push started
2026-09-16 09:26:28 INFO   config.g: Copied (replaced existing)
2026-09-16 09:26:28 INFO Synced /opt/dsf/sd/sys
2026-09-16 09:26:29 INFO Synced /opt/dsf/sd/macros
2026-09-16 09:26:29 INFO Push complete
2026-09-16 09:26:29 INFO Change detected: 09:26:21/opt/dsf/sd/sys/ (config.g.tmp.897.0c99e7264385 CLOSE_WRITE,CLOSE)
2026-09-16 09:26:29 INFO Push started
2026-09-16 09:26:31 INFO   project.txt: Copied (replaced existing)
2026-09-16 09:26:31 INFO Synced /opt/dsf/sd/sys
2026-09-16 09:26:32 INFO Synced /opt/dsf/sd/macros
2026-09-16 09:26:32 INFO Push complete
2026-09-16 09:26:32 INFO Change detected: 09:26:21/opt/dsf/sd/sys/ (config.g MOVED_TO)
2026-09-16 09:26:32 INFO Push started
2026-09-16 09:26:32 INFO Synced /opt/dsf/sd/sys
2026-09-16 09:26:33 INFO Synced /opt/dsf/sd/macros
2026-09-16 09:26:33 INFO Push complete
2026-09-16 09:26:33 INFO Change detected: 09:26:25/opt/dsf/sd/sys/ (project.txt.tmp.897.0ce3ffba55bb CREATE)
2026-09-16 09:26:33 INFO Push started
2026-09-16 09:26:34 INFO Synced /opt/dsf/sd/sys
2026-09-16 09:26:35 INFO Synced /opt/dsf/sd/macros
2026-09-16 09:26:35 INFO Push complete
2026-09-16 09:26:35 INFO Change detected: 09:26:25/opt/dsf/sd/sys/ (project.txt.tmp.897.0ce3ffba55bb CLOSE_WRITE,CLOSE)
2026-09-16 09:26:35 INFO Push started
2026-09-16 09:26:36 INFO Synced /opt/dsf/sd/sys
2026-09-16 09:26:36 INFO Synced /opt/dsf/sd/macros
2026-09-16 09:26:36 INFO Push complete
2026-09-16 09:26:36 INFO Change detected: 09:26:25/opt/dsf/sd/sys/ (project.txt MOVED_TO)
2026-09-16 09:26:36 INFO Push started
2026-09-16 09:26:37 INFO Synced /opt/dsf/sd/sys
2026-09-16 09:26:38 INFO Synced /opt/dsf/sd/macros
2026-09-16 09:26:38 INFO Push complete
2026-09-16 09:34:21 INFO Change detected: 09:34:21/opt/dsf/sd/sys/ (heightmap.csv CLOSE_WRITE,CLOSE)
2026-09-16 09:34:21 INFO Push started
2026-09-16 09:34:29 INFO   heightmap.csv: Copied (replaced existing)
2026-09-16 09:34:29 INFO Synced /opt/dsf/sd/sys
2026-09-16 09:34:30 INFO Synced /opt/dsf/sd/macros
2026-09-16 09:34:30 INFO Push complete
2026-09-16 09:40:03 INFO Change detected: 09:40:03/opt/dsf/sd/sys/ (eventlog.txt CLOSE_WRITE,CLOSE)
2026-09-16 09:40:03 INFO Push started
2026-09-16 09:41:31 INFO   eventlog.txt: Copied (replaced existing)
2026-09-16 09:41:31 INFO Synced /opt/dsf/sd/sys
2026-09-16 09:41:32 INFO Synced /opt/dsf/sd/macros
2026-09-16 09:41:32 INFO Push complete
2026-09-16 09:41:32 INFO Change detected: 09:40:09/opt/dsf/sd/sys/duetBackup/ (duetBackup.log CLOSE_WRITE,CLOSE)
2026-09-16 09:41:32 INFO Push started
2026-09-16 09:41:33 INFO Synced /opt/dsf/sd/sys
2026-09-16 09:41:34 INFO Synced /opt/dsf/sd/macros
2026-09-16 09:41:34 INFO Push complete
2026-09-16 09:44:14 INFO Change detected: 09:44:14/opt/dsf/sd/sys/ (eventlog.txt CLOSE_WRITE,CLOSE)
2026-09-16 09:44:14 INFO Push started
2026-09-16 09:44:50 INFO   eventlog.txt: Copied (replaced existing)
2026-09-16 09:44:50 INFO Synced /opt/dsf/sd/sys
2026-09-16 09:44:51 INFO Synced /opt/dsf/sd/macros
2026-09-16 09:44:51 INFO Push complete
2026-09-16 09:44:51 INFO Change detected: 09:44:19/opt/dsf/sd/sys/duetBackup/ (duetBackup.log CLOSE_WRITE,CLOSE)
2026-09-16 09:44:51 INFO Push started
2026-09-16 09:44:51 INFO Synced /opt/dsf/sd/sys
2026-09-16 09:44:52 INFO Synced /opt/dsf/sd/macros
2026-09-16 09:44:52 INFO Push complete
2026-09-16 12:15:12 INFO Change detected: 12:15:12/opt/dsf/sd/sys/ (config.g.tmp.897.e60e31255bd0 CREATE)
2026-09-16 12:15:12 INFO Push started
2026-09-16 12:15:49 INFO   eventlog.txt: Copied (replaced existing)
2026-09-16 12:15:49 INFO   config.g: Copied (replaced existing)
2026-09-16 12:15:49 INFO Synced /opt/dsf/sd/sys
2026-09-16 12:15:50 INFO Synced /opt/dsf/sd/macros
2026-09-16 12:15:50 INFO Push complete
2026-09-16 12:15:50 INFO Change detected: 12:15:12/opt/dsf/sd/sys/ (config.g.tmp.897.e60e31255bd0 CLOSE_WRITE,CLOSE)
2026-09-16 12:15:50 INFO Push started
2026-09-16 12:15:51 INFO Synced /opt/dsf/sd/sys
2026-09-16 12:15:52 INFO Synced /opt/dsf/sd/macros
2026-09-16 12:15:52 INFO Push complete
2026-09-16 12:15:52 INFO Change detected: 12:15:12/opt/dsf/sd/sys/ (config.g MOVED_TO)
2026-09-16 12:15:52 INFO Push started
2026-09-16 12:15:52 INFO Synced /opt/dsf/sd/sys
2026-09-16 12:15:53 INFO Synced /opt/dsf/sd/macros
2026-09-16 12:15:53 INFO Push complete
2026-09-16 12:15:59 INFO Change detected: 12:15:59/opt/dsf/sd/sys/ (config.g.tmp.897.1e537d9c2fcf CREATE)
2026-09-16 12:15:59 INFO Push started
2026-09-16 12:16:52 INFO   config.g: Copied (replaced existing)
2026-09-16 12:16:52 INFO Synced /opt/dsf/sd/sys
2026-09-16 12:16:53 INFO Synced /opt/dsf/sd/macros
2026-09-16 12:16:53 INFO Push complete
2026-09-16 12:16:53 INFO Change detected: 12:15:59/opt/dsf/sd/sys/ (config.g.tmp.897.1e537d9c2fcf CLOSE_WRITE,CLOSE)
2026-09-16 12:16:53 INFO Push started
2026-09-16 12:16:54 INFO Synced /opt/dsf/sd/sys
2026-09-16 12:16:55 INFO Synced /opt/dsf/sd/macros
2026-09-16 12:16:55 INFO Push complete
2026-09-16 12:16:55 INFO Change detected: 12:15:59/opt/dsf/sd/sys/ (config.g MOVED_TO)
2026-09-16 12:16:55 INFO Push started
2026-09-16 12:16:56 INFO Synced /opt/dsf/sd/sys
2026-09-16 12:17:33 INFO Synced /opt/dsf/sd/macros
2026-09-16 12:17:33 INFO Push complete
2026-09-16 12:43:05 INFO Watcher started
2026-09-16 12:43:05 INFO Push started
2026-09-16 12:50:46 ERROR Failed to sync /opt/dsf/sd/sys (rclone exit 5)
2026-09-16 12:50:46 ERROR   Transferred:   	          0 B / 0 B, -, 0 B/s, ETA -
2026-09-16 12:50:46 ERROR   Errors:                 1 (retrying may help)
2026-09-16 12:50:46 ERROR   Elapsed time:      7m39.8s
2026-09-16 12:50:46 ERROR   Failed to copy: couldn't list directory: Get "https://www.googleapis.com/drive/v3/files?alt=json&fields=files%28id%2Cname%2Csize%2Cmd5Checksum%2Ctrashed%2CexplicitlyTrashed%2CmodifiedTime%2CcreatedTime%2CmimeType%2Cparents%2CwebViewLink%2CshortcutDetails%2CexportLinks%2CresourceKey%29%2CnextPageToken%2CincompleteSearch&includeItemsFromAllDrives=true&pageSize=1000&prettyPrint=false&q=trashed%3Dfalse+and+%28%271gLAcXXCszW8oZrBpZwaeeRTaJNPs9gTI%27+in+parents%29&supportsAllDrives=true": dial tcp: lookup www.googleapis.com on 192.168.32.1:53: read udp 192.168.32.70:57198->192.168.32.1:53: i/o timeout
2026-09-16 12:58:22 ERROR Failed to sync /opt/dsf/sd/macros (rclone exit 5)
2026-09-16 12:58:22 ERROR   Transferred:   	          0 B / 0 B, -, 0 B/s, ETA -
2026-09-16 12:58:22 ERROR   Errors:                 1 (retrying may help)
2026-09-16 12:58:22 ERROR   Elapsed time:      7m35.7s
2026-09-16 12:58:22 ERROR   Failed to copy: couldn't list directory: Get "https://www.googleapis.com/drive/v3/files?alt=json&fields=files%28id%2Cname%2Csize%2Cmd5Checksum%2Ctrashed%2CexplicitlyTrashed%2CmodifiedTime%2CcreatedTime%2CmimeType%2Cparents%2CwebViewLink%2CshortcutDetails%2CexportLinks%2CresourceKey%29%2CnextPageToken%2CincompleteSearch&includeItemsFromAllDrives=true&pageSize=1000&prettyPrint=false&q=trashed%3Dfalse+and+%28%271oXYyhdUJHUqfROvr4jJeL3fo5T1uOwUI%27+in+parents%29&supportsAllDrives=true": dial tcp: lookup www.googleapis.com on 192.168.32.1:53: read udp 192.168.32.70:43373->192.168.32.1:53: i/o timeout
2026-09-16 12:58:22 ERROR Push finished with errors
2026-09-16 13:39:26 INFO Watcher started
2026-09-16 13:39:26 INFO Push started
2026-09-16 13:39:37 INFO   eventlog.txt: Copied (replaced existing)
2026-09-16 13:39:37 INFO Synced /opt/dsf/sd/sys
2026-09-16 13:39:38 INFO Synced /opt/dsf/sd/macros
2026-09-16 13:39:38 INFO Push complete
2026-09-16 15:10:02 INFO Change detected: 15:10:02/opt/dsf/sd/sys/duetBackup/ (duetBackup.log CLOSE_WRITE,CLOSE)
2026-09-16 15:10:02 INFO Push started
2026-09-16 15:10:03 INFO Synced /opt/dsf/sd/sys
2026-09-16 15:10:04 INFO Synced /opt/dsf/sd/macros
2026-09-16 15:10:04 INFO Push complete
2026-09-16 15:11:10 INFO Change detected: 15:11:10/opt/dsf/sd/sys/duetBackup/ (duetBackup.log CLOSE_WRITE,CLOSE)
2026-09-16 15:11:10 INFO Push started
2026-09-16 15:11:10 INFO Synced /opt/dsf/sd/sys
2026-09-16 15:11:11 INFO Synced /opt/dsf/sd/macros
2026-09-16 15:11:11 INFO Push complete
2026-09-16 15:14:23 INFO Change detected: 15:14:23/opt/dsf/sd/sys/ (dwc-settings.json.part CREATE)
2026-09-16 15:14:23 INFO Push started
2026-09-16 15:14:24 INFO   dwc-settings.json: Updated modification time in destination
2026-09-16 15:14:24 INFO Synced /opt/dsf/sd/sys
2026-09-16 15:14:25 INFO Synced /opt/dsf/sd/macros
2026-09-16 15:14:25 INFO Push complete
2026-09-16 15:14:25 INFO Change detected: 15:14:23/opt/dsf/sd/sys/ (dwc-settings.json.part CLOSE_WRITE,CLOSE)
2026-09-16 15:14:25 INFO Push started
2026-09-16 15:14:26 INFO Synced /opt/dsf/sd/sys
2026-09-16 15:14:27 INFO Synced /opt/dsf/sd/macros
2026-09-16 15:14:27 INFO Push complete
2026-09-16 15:14:27 INFO Change detected: 15:14:23/opt/dsf/sd/sys/ (dwc-settings.json MOVED_TO)
2026-09-16 15:14:27 INFO Push started
2026-09-16 15:14:27 INFO Synced /opt/dsf/sd/sys
2026-09-16 15:14:28 INFO Synced /opt/dsf/sd/macros
2026-09-16 15:14:28 INFO Push complete
2026-09-16 15:15:09 INFO Change detected: 15:15:09/opt/dsf/sd/sys/ (config.g.tmp.895.4fbdba3f54cb CREATE)
2026-09-16 15:15:09 INFO Push started
2026-09-16 15:15:12 INFO   config.g: Copied (replaced existing)
2026-09-16 15:15:12 INFO Synced /opt/dsf/sd/sys
2026-09-16 15:15:13 INFO Synced /opt/dsf/sd/macros
2026-09-16 15:15:13 INFO Push complete
2026-09-16 15:15:13 INFO Change detected: 15:15:09/opt/dsf/sd/sys/ (config.g.tmp.895.4fbdba3f54cb CLOSE_WRITE,CLOSE)
2026-09-16 15:15:13 INFO Push started
2026-09-16 15:15:13 INFO Synced /opt/dsf/sd/sys
2026-09-16 15:15:47 INFO Synced /opt/dsf/sd/macros
2026-09-16 15:15:47 INFO Push complete
2026-09-16 15:15:47 INFO Change detected: 15:15:09/opt/dsf/sd/sys/ (config.g MOVED_TO)
2026-09-16 15:15:47 INFO Push started
2026-09-16 15:15:50 INFO   project.txt: Copied (replaced existing)
2026-09-16 15:15:50 INFO Synced /opt/dsf/sd/sys
2026-09-16 15:15:51 INFO Synced /opt/dsf/sd/macros
2026-09-16 15:15:51 INFO Push complete
2026-09-16 15:15:51 INFO Change detected: 15:15:24/opt/dsf/sd/sys/ (project.txt.tmp.895.bf5c9bcdc5b5 CREATE)
2026-09-16 15:15:51 INFO Push started
2026-09-16 15:15:51 INFO Synced /opt/dsf/sd/sys
2026-09-16 15:15:52 INFO Synced /opt/dsf/sd/macros
2026-09-16 15:15:52 INFO Push complete
2026-09-16 15:15:52 INFO Change detected: 15:15:24/opt/dsf/sd/sys/ (project.txt.tmp.895.bf5c9bcdc5b5 CLOSE_WRITE,CLOSE)
2026-09-16 15:15:52 INFO Push started
2026-09-16 15:15:53 INFO Synced /opt/dsf/sd/sys
2026-09-16 15:15:54 INFO Synced /opt/dsf/sd/macros
2026-09-16 15:15:54 INFO Push complete
2026-09-16 15:15:54 INFO Change detected: 15:15:24/opt/dsf/sd/sys/ (project.txt MOVED_TO)
2026-09-16 15:15:54 INFO Push started
2026-09-16 15:15:55 INFO Synced /opt/dsf/sd/sys
2026-09-16 15:15:56 INFO Synced /opt/dsf/sd/macros
2026-09-16 15:15:56 INFO Push complete
2026-09-16 15:15:56 INFO Change detected: 15:15:36/opt/dsf/sd/sys/ (project.txt.tmp.895.ce54a012bde9 CREATE)
2026-09-16 15:15:56 INFO Push started
2026-09-16 15:15:56 INFO Synced /opt/dsf/sd/sys
2026-09-16 15:15:57 INFO Synced /opt/dsf/sd/macros
2026-09-16 15:15:57 INFO Push complete
2026-09-16 15:15:57 INFO Change detected: 15:15:36/opt/dsf/sd/sys/ (project.txt.tmp.895.ce54a012bde9 CLOSE_WRITE,CLOSE)
2026-09-16 15:15:57 INFO Push started
2026-09-16 15:15:58 INFO Synced /opt/dsf/sd/sys
2026-09-16 15:15:59 INFO Synced /opt/dsf/sd/macros
2026-09-16 15:15:59 INFO Push complete
2026-09-16 15:15:59 INFO Change detected: 15:15:36/opt/dsf/sd/sys/ (project.txt MOVED_TO)
2026-09-16 15:15:59 INFO Push started
2026-09-16 15:15:59 INFO Synced /opt/dsf/sd/sys
2026-09-16 15:16:00 INFO Synced /opt/dsf/sd/macros
2026-09-16 15:16:00 INFO Push complete
2026-09-16 15:16:00 INFO Change detected: 15:15:46/opt/dsf/sd/sys/ (project.txt.tmp.895.b35ca97fbae0 CREATE)
2026-09-16 15:16:00 INFO Push started
2026-09-16 15:16:01 INFO Synced /opt/dsf/sd/sys
2026-09-16 15:16:02 INFO Synced /opt/dsf/sd/macros
2026-09-16 15:16:02 INFO Push complete
2026-09-16 15:16:02 INFO Change detected: 15:15:46/opt/dsf/sd/sys/ (project.txt.tmp.895.b35ca97fbae0 CLOSE_WRITE,CLOSE)
2026-09-16 15:16:02 INFO Push started
2026-09-16 15:16:02 INFO Synced /opt/dsf/sd/sys
2026-09-16 15:16:03 INFO Synced /opt/dsf/sd/macros
2026-09-16 15:16:03 INFO Push complete
2026-09-16 15:16:03 INFO Change detected: 15:15:46/opt/dsf/sd/sys/ (project.txt MOVED_TO)
2026-09-16 15:16:03 INFO Push started
2026-09-16 15:16:06 INFO   project.txt: Copied (replaced existing)
2026-09-16 15:16:06 INFO Synced /opt/dsf/sd/sys
2026-09-16 15:16:07 INFO Synced /opt/dsf/sd/macros
2026-09-16 15:16:07 INFO Push complete
2026-09-16 15:16:07 INFO Change detected: 15:16:02/opt/dsf/sd/sys/ (project.txt.tmp.895.9ab6ab263555 CREATE)
2026-09-16 15:16:07 INFO Push started
2026-09-16 15:16:08 INFO Synced /opt/dsf/sd/sys
2026-09-16 15:16:09 INFO Synced /opt/dsf/sd/macros
2026-09-16 15:16:09 INFO Push complete
2026-09-16 15:16:09 INFO Change detected: 15:16:02/opt/dsf/sd/sys/ (project.txt.tmp.895.9ab6ab263555 CLOSE_WRITE,CLOSE)
2026-09-16 15:16:09 INFO Push started
2026-09-16 15:16:09 INFO Synced /opt/dsf/sd/sys
2026-09-16 15:16:10 INFO Synced /opt/dsf/sd/macros
2026-09-16 15:16:10 INFO Push complete
2026-09-16 15:16:10 INFO Change detected: 15:16:02/opt/dsf/sd/sys/ (project.txt MOVED_TO)
2026-09-16 15:16:10 INFO Push started
2026-09-16 15:16:11 INFO Synced /opt/dsf/sd/sys
2026-09-16 15:16:43 INFO Synced /opt/dsf/sd/macros
2026-09-16 15:16:43 INFO Push complete
2026-09-16 15:25:46 INFO Change detected: 15:25:46/opt/dsf/sd/sys/ (heightmap.csv CLOSE_WRITE,CLOSE)
2026-09-16 15:25:46 INFO Push started
2026-09-16 15:25:52 INFO   heightmap.csv: Copied (replaced existing)
2026-09-16 15:25:52 INFO   eventlog.txt: Copied (replaced existing)
2026-09-16 15:25:52 INFO Synced /opt/dsf/sd/sys
2026-09-16 15:25:52 INFO Synced /opt/dsf/sd/macros
2026-09-16 15:25:52 INFO Push complete
2026-09-16 15:39:15 INFO Change detected: 15:39:15/opt/dsf/sd/sys/ (eventlog.txt CLOSE_WRITE,CLOSE)
2026-09-16 15:39:15 INFO Push started
2026-09-16 15:39:36 INFO   eventlog.txt: Copied (replaced existing)
2026-09-16 15:39:36 INFO Synced /opt/dsf/sd/sys
2026-09-16 15:39:37 INFO Synced /opt/dsf/sd/macros
2026-09-16 15:39:37 INFO Push complete
2026-09-16 15:39:37 INFO Change detected: 15:39:21/opt/dsf/sd/sys/duetBackup/ (duetBackup.log CLOSE_WRITE,CLOSE)
2026-09-16 15:39:37 INFO Push started
2026-09-16 15:39:38 INFO Synced /opt/dsf/sd/sys
2026-09-16 15:39:39 INFO Synced /opt/dsf/sd/macros
2026-09-16 15:39:39 INFO Push complete
2026-09-16 15:48:30 INFO Change detected: 15:48:30/opt/dsf/sd/sys/ (deployprobe.g.tmp.895.9319d90a469b CREATE)
2026-09-16 15:48:30 INFO Push started
2026-09-16 15:48:33 INFO   deployprobe.g: Copied (replaced existing)
2026-09-16 15:48:33 INFO Synced /opt/dsf/sd/sys
2026-09-16 15:48:34 INFO Synced /opt/dsf/sd/macros
2026-09-16 15:48:34 INFO Push complete
2026-09-16 15:48:34 INFO Change detected: 15:48:30/opt/dsf/sd/sys/ (deployprobe.g.tmp.895.9319d90a469b CLOSE_WRITE,CLOSE)
2026-09-16 15:48:34 INFO Push started
2026-09-16 15:48:34 INFO Synced /opt/dsf/sd/sys
2026-09-16 15:48:35 INFO Synced /opt/dsf/sd/macros
2026-09-16 15:48:35 INFO Push complete
2026-09-16 15:48:35 INFO Change detected: 15:48:30/opt/dsf/sd/sys/ (deployprobe.g MOVED_TO)
2026-09-16 15:48:35 INFO Push started
2026-09-16 15:48:36 INFO Synced /opt/dsf/sd/sys
2026-09-16 15:48:37 INFO Synced /opt/dsf/sd/macros
2026-09-16 15:48:37 INFO Push complete
2026-09-16 15:50:44 INFO Change detected: 15:50:44/opt/dsf/sd/sys/ (deployprobe.g.tmp.895.55532cf8dbbc CREATE)
2026-09-16 15:50:44 INFO Push started
2026-09-16 15:50:47 INFO   deployprobe.g: Copied (replaced existing)
2026-09-16 15:50:47 INFO Synced /opt/dsf/sd/sys
2026-09-16 15:50:48 INFO Synced /opt/dsf/sd/macros
2026-09-16 15:50:48 INFO Push complete
2026-09-16 15:50:48 INFO Change detected: 15:50:44/opt/dsf/sd/sys/ (deployprobe.g.tmp.895.55532cf8dbbc CLOSE_WRITE,CLOSE)
2026-09-16 15:50:48 INFO Push started
2026-09-16 15:50:48 INFO Synced /opt/dsf/sd/sys
2026-09-16 15:50:49 INFO Synced /opt/dsf/sd/macros
2026-09-16 15:50:49 INFO Push complete
2026-09-16 15:50:49 INFO Change detected: 15:50:44/opt/dsf/sd/sys/ (deployprobe.g MOVED_TO)
2026-09-16 15:50:49 INFO Push started
2026-09-16 15:50:50 INFO Synced /opt/dsf/sd/sys
2026-09-16 15:50:51 INFO Synced /opt/dsf/sd/macros
2026-09-16 15:50:51 INFO Push complete
2026-09-16 15:51:16 INFO Change detected: 15:51:16/opt/dsf/sd/sys/ (mesh.g.tmp.895.28b997d3cc92 CREATE)
2026-09-16 15:51:16 INFO Push started
2026-09-16 15:51:29 INFO   mesh.g: Copied (replaced existing)
2026-09-16 15:51:29 INFO Synced /opt/dsf/sd/sys
2026-09-16 15:51:30 INFO Synced /opt/dsf/sd/macros
2026-09-16 15:51:30 INFO Push complete
2026-09-16 15:51:30 INFO Change detected: 15:51:16/opt/dsf/sd/sys/ (mesh.g.tmp.895.28b997d3cc92 CLOSE_WRITE,CLOSE)
2026-09-16 15:51:30 INFO Push started
2026-09-16 15:51:30 INFO Synced /opt/dsf/sd/sys
2026-09-16 15:51:31 INFO Synced /opt/dsf/sd/macros
2026-09-16 15:51:31 INFO Push complete
2026-09-16 15:51:31 INFO Change detected: 15:51:16/opt/dsf/sd/sys/ (mesh.g MOVED_TO)
2026-09-16 15:51:31 INFO Push started
2026-09-16 15:51:32 INFO Synced /opt/dsf/sd/sys
2026-09-16 15:51:33 INFO Synced /opt/dsf/sd/macros
2026-09-16 15:51:33 INFO Push complete
2026-09-16 15:56:23 INFO Watcher started
2026-09-16 15:56:23 INFO Push started
2026-09-16 15:56:32 ERROR Failed to sync /opt/dsf/sd/sys (rclone exit 1)
2026-09-16 15:56:32 ERROR   Elapsed time:         6.6s
2026-09-16 15:56:32 ERROR   Failed to copy: couldn't list directory: googleapi: Error 401: Request had invalid authentication credentials. Expected OAuth 2 access token, login cookie or other valid authentication credential. See https://developers.google.com/identity/sign-in/web/devconsole-project.
2026-09-16 15:56:32 ERROR   More details:
2026-09-16 15:56:32 ERROR   Reason: authError, Message: Invalid Credentials
2026-09-16 15:56:33 ERROR Failed to sync /opt/dsf/sd/macros (rclone exit 1)
2026-09-16 15:56:33 ERROR   Elapsed time:         0.5s
2026-09-16 15:56:33 ERROR   Failed to copy: couldn't list directory: googleapi: Error 401: Request had invalid authentication credentials. Expected OAuth 2 access token, login cookie or other valid authentication credential. See https://developers.google.com/identity/sign-in/web/devconsole-project.
2026-09-16 15:56:33 ERROR   More details:
2026-09-16 15:56:33 ERROR   Reason: authError, Message: Invalid Credentials
2026-09-16 15:56:33 ERROR Push finished with errors
2026-09-16 16:21:09 INFO Change detected: 16:21:09/opt/dsf/sd/sys/ (heightmap.csv CLOSE_WRITE,CLOSE)
2026-09-16 16:21:09 INFO Push started
2026-09-16 16:21:45 INFO   eventlog.txt: Copied (replaced existing)
2026-09-16 16:21:45 INFO   heightmap.csv: Copied (replaced existing)
2026-09-16 16:21:45 INFO Synced /opt/dsf/sd/sys
2026-09-16 16:21:46 INFO Synced /opt/dsf/sd/macros
2026-09-16 16:21:46 INFO Push complete
2026-09-16 19:34:49 INFO Change detected: 19:34:49/opt/dsf/sd/sys/ (heightmap.csv CLOSE_WRITE,CLOSE)
2026-09-16 19:34:49 INFO Push started
2026-09-16 19:34:52 INFO   eventlog.txt: Copied (replaced existing)
2026-09-16 19:34:52 INFO   heightmap.csv: Copied (replaced existing)
2026-09-16 19:34:52 INFO Synced /opt/dsf/sd/sys
2026-09-16 19:34:53 INFO Synced /opt/dsf/sd/macros
2026-09-16 19:34:53 INFO Push complete
2026-09-16 19:37:50 INFO Change detected: 19:37:50/opt/dsf/sd/sys/ (heightmap.csv CLOSE_WRITE,CLOSE)
2026-09-16 19:37:50 INFO Push started
2026-09-16 19:37:53 INFO   heightmap.csv: Copied (replaced existing)
2026-09-16 19:37:53 INFO Synced /opt/dsf/sd/sys
2026-09-16 19:37:53 INFO Synced /opt/dsf/sd/macros
2026-09-16 19:37:53 INFO Push complete
2026-09-16 19:40:50 INFO Change detected: 19:40:50/opt/dsf/sd/sys/ (heightmap.csv CLOSE_WRITE,CLOSE)
2026-09-16 19:40:50 INFO Push started
2026-09-16 19:40:53 INFO   heightmap.csv: Copied (replaced existing)
2026-09-16 19:40:53 INFO Synced /opt/dsf/sd/sys
2026-09-16 19:40:54 INFO Synced /opt/dsf/sd/macros
2026-09-16 19:40:54 INFO Push complete
2026-09-16 19:43:25 INFO Change detected: 19:43:25/opt/dsf/sd/sys/ (config.g.tmp.898.b29b381ffd06 CREATE)
2026-09-16 19:43:25 INFO Push started
2026-09-16 19:43:28 INFO   config.g: Copied (replaced existing)
2026-09-16 19:43:28 INFO Synced /opt/dsf/sd/sys
2026-09-16 19:43:29 INFO Synced /opt/dsf/sd/macros
2026-09-16 19:43:29 INFO Push complete
2026-09-16 19:43:29 INFO Change detected: 19:43:25/opt/dsf/sd/sys/ (config.g.tmp.898.b29b381ffd06 CLOSE_WRITE,CLOSE)
2026-09-16 19:43:29 INFO Push started
2026-09-16 19:43:31 INFO   mesh.g: Copied (replaced existing)
2026-09-16 19:43:31 INFO Synced /opt/dsf/sd/sys
2026-09-16 19:43:32 INFO Synced /opt/dsf/sd/macros
2026-09-16 19:43:32 INFO Push complete
2026-09-16 19:43:32 INFO Change detected: 19:43:25/opt/dsf/sd/sys/ (config.g MOVED_TO)
2026-09-16 19:43:32 INFO Push started
2026-09-16 19:43:32 INFO Synced /opt/dsf/sd/sys
2026-09-16 19:43:33 INFO Synced /opt/dsf/sd/macros
2026-09-16 19:43:33 INFO Push complete
2026-09-16 19:43:33 INFO Change detected: 19:43:29/opt/dsf/sd/sys/ (mesh.g.tmp.898.d09f66d1f5f9 CREATE)
2026-09-16 19:43:33 INFO Push started
2026-09-16 19:43:34 INFO Synced /opt/dsf/sd/sys
2026-09-16 19:43:35 INFO Synced /opt/dsf/sd/macros
2026-09-16 19:43:35 INFO Push complete
2026-09-16 19:43:35 INFO Change detected: 19:43:29/opt/dsf/sd/sys/ (mesh.g.tmp.898.d09f66d1f5f9 CLOSE_WRITE,CLOSE)
2026-09-16 19:43:35 INFO Push started
2026-09-16 19:43:35 INFO Synced /opt/dsf/sd/sys
2026-09-16 19:43:36 INFO Synced /opt/dsf/sd/macros
2026-09-16 19:43:36 INFO Push complete
2026-09-16 19:43:36 INFO Change detected: 19:43:29/opt/dsf/sd/sys/ (mesh.g MOVED_TO)
2026-09-16 19:43:36 INFO Push started
2026-09-16 19:43:37 INFO Synced /opt/dsf/sd/sys
2026-09-16 19:43:37 INFO Synced /opt/dsf/sd/macros
2026-09-16 19:43:37 INFO Push complete
2026-09-16 19:49:21 INFO Change detected: 19:49:21/opt/dsf/sd/sys/ (dwc-settings.json.part CREATE)
2026-09-16 19:49:21 INFO Push started
2026-09-16 19:49:23 INFO   dwc-settings.json: Copied (replaced existing)
2026-09-16 19:49:23 INFO Synced /opt/dsf/sd/sys
2026-09-16 19:49:25 INFO Synced /opt/dsf/sd/macros
2026-09-16 19:49:25 INFO Push complete
2026-09-16 19:49:25 INFO Change detected: 19:49:21/opt/dsf/sd/sys/ (dwc-settings.json.part CLOSE_WRITE,CLOSE)
2026-09-16 19:49:25 INFO Push started
2026-09-16 19:49:25 INFO Synced /opt/dsf/sd/sys
2026-09-16 19:49:26 INFO Synced /opt/dsf/sd/macros
2026-09-16 19:49:26 INFO Push complete
2026-09-16 19:49:26 INFO Change detected: 19:49:21/opt/dsf/sd/sys/ (dwc-settings.json MOVED_TO)
2026-09-16 19:49:26 INFO Push started
2026-09-16 19:49:27 INFO Synced /opt/dsf/sd/sys
2026-09-16 19:49:27 INFO Synced /opt/dsf/sd/macros
2026-09-16 19:49:27 INFO Push complete
2026-09-16 20:39:15 INFO Change detected: 20:39:15/opt/dsf/sd/sys/ (heightmap.csv CLOSE_WRITE,CLOSE)
2026-09-16 20:39:15 INFO Push started
2026-09-16 20:39:34 INFO   heightmap.csv: Copied (replaced existing)
2026-09-16 20:39:34 INFO Synced /opt/dsf/sd/sys
2026-09-16 20:39:35 INFO Synced /opt/dsf/sd/macros
2026-09-16 20:39:35 INFO Push complete
2026-09-16 20:44:47 INFO Change detected: 20:44:47/opt/dsf/sd/sys/ (heightmap.csv CLOSE_WRITE,CLOSE)
2026-09-16 20:44:47 INFO Push started
2026-09-16 20:44:49 INFO   heightmap.csv: Copied (replaced existing)
2026-09-16 20:44:49 INFO Synced /opt/dsf/sd/sys
2026-09-16 20:44:50 INFO Synced /opt/dsf/sd/macros
2026-09-16 20:44:50 INFO Push complete
2026-09-16 21:11:45 INFO Change detected: 21:11:44/opt/dsf/sd/sys/duetBackup/ (duetBackup.log CLOSE_WRITE,CLOSE)
2026-09-16 21:11:45 INFO Push started
2026-09-16 21:11:45 INFO Synced /opt/dsf/sd/sys
2026-09-16 21:11:46 INFO Synced /opt/dsf/sd/macros
2026-09-16 21:11:46 INFO Push complete
2026-09-16 21:12:26 INFO Change detected: 21:12:26/opt/dsf/sd/sys/duetBackup/ (duetBackup.log CLOSE_WRITE,CLOSE)
2026-09-16 21:12:26 INFO Push started
2026-09-16 21:12:26 INFO Synced /opt/dsf/sd/sys
2026-09-16 21:12:27 INFO Synced /opt/dsf/sd/macros
2026-09-16 21:12:27 INFO Push complete
2026-09-16 22:26:22 INFO Change detected: 22:26:22/opt/dsf/sd/sys/ (project.txt.tmp.898.dae6ad245a7a CREATE)
2026-09-16 22:26:22 INFO Push started
2026-09-16 22:26:33 INFO   eventlog.txt: Copied (replaced existing)
2026-09-16 22:26:33 INFO   project.txt: Copied (new)
2026-09-16 22:26:33 INFO Synced /opt/dsf/sd/sys
2026-09-16 22:26:34 INFO Synced /opt/dsf/sd/macros
2026-09-16 22:26:34 INFO Push complete
2026-09-16 22:26:34 INFO Change detected: 22:26:23/opt/dsf/sd/sys/ (project.txt.tmp.898.dae6ad245a7a CLOSE_WRITE,CLOSE)
2026-09-16 22:26:34 INFO Push started
2026-09-16 22:26:34 INFO Synced /opt/dsf/sd/sys
2026-09-16 22:26:35 INFO Synced /opt/dsf/sd/macros
2026-09-16 22:26:35 INFO Push complete
2026-09-16 22:26:35 INFO Change detected: 22:26:23/opt/dsf/sd/sys/ (project.txt MOVED_TO)
2026-09-16 22:26:35 INFO Push started
2026-09-16 22:26:36 INFO Synced /opt/dsf/sd/sys
2026-09-16 22:26:36 INFO Synced /opt/dsf/sd/macros
2026-09-16 22:26:36 INFO Push complete
2026-09-16 22:26:36 INFO Change detected: 22:26:24/opt/dsf/sd/sys/ (project.txt.tmp.898.53a3904e8e9f CREATE)
2026-09-16 22:26:36 INFO Push started
2026-09-16 22:26:38 INFO   project.txt: Copied (replaced existing)
2026-09-16 22:26:38 INFO Synced /opt/dsf/sd/sys
2026-09-16 22:26:39 INFO Synced /opt/dsf/sd/macros
2026-09-16 22:26:39 INFO Push complete
2026-09-16 22:26:39 INFO Change detected: 22:26:25/opt/dsf/sd/sys/ (project.txt.tmp.898.53a3904e8e9f CLOSE_WRITE,CLOSE)
2026-09-16 22:26:39 INFO Push started
2026-09-16 22:26:40 INFO Synced /opt/dsf/sd/sys
2026-09-16 22:26:40 INFO Synced /opt/dsf/sd/macros
2026-09-16 22:26:40 INFO Push complete
2026-09-16 22:26:40 INFO Change detected: 22:26:25/opt/dsf/sd/sys/ (project.txt MOVED_TO)
2026-09-16 22:26:40 INFO Push started
2026-09-16 22:26:41 INFO Synced /opt/dsf/sd/sys
2026-09-16 22:26:42 INFO Synced /opt/dsf/sd/macros
2026-09-16 22:26:42 INFO Push complete
2026-09-16 22:26:42 INFO Change detected: 22:26:26/opt/dsf/sd/sys/ (project.txt.tmp.898.e3b08b1a5904 CREATE)
2026-09-16 22:26:42 INFO Push started
2026-09-16 22:26:42 INFO Synced /opt/dsf/sd/sys
2026-09-16 22:26:43 INFO Synced /opt/dsf/sd/macros
2026-09-16 22:26:43 INFO Push complete
2026-09-16 22:26:43 INFO Change detected: 22:26:26/opt/dsf/sd/sys/ (project.txt.tmp.898.e3b08b1a5904 CLOSE_WRITE,CLOSE)
2026-09-16 22:26:43 INFO Push started
2026-09-16 22:26:44 INFO Synced /opt/dsf/sd/sys
2026-09-16 22:26:44 INFO Synced /opt/dsf/sd/macros
2026-09-16 22:26:44 INFO Push complete
2026-09-16 22:26:44 INFO Change detected: 22:26:26/opt/dsf/sd/sys/ (project.txt MOVED_TO)
2026-09-16 22:26:44 INFO Push started
2026-09-16 22:26:45 INFO Synced /opt/dsf/sd/sys
2026-09-16 22:26:48 INFO Synced /opt/dsf/sd/macros
2026-09-16 22:26:48 INFO Push complete
2026-09-16 22:26:48 INFO Change detected: 22:26:36/opt/dsf/sd/sys/ (project.txt.tmp.898.544b3894dcdc CREATE)
2026-09-16 22:26:48 INFO Push started
2026-09-16 22:26:50 INFO   project.txt: Copied (replaced existing)
2026-09-16 22:26:50 INFO Synced /opt/dsf/sd/sys
2026-09-16 22:26:51 INFO Synced /opt/dsf/sd/macros
2026-09-16 22:26:51 INFO Push complete
2026-09-16 22:26:51 INFO Change detected: 22:26:36/opt/dsf/sd/sys/ (project.txt.tmp.898.544b3894dcdc CLOSE_WRITE,CLOSE)
2026-09-16 22:26:51 INFO Push started
2026-09-16 22:26:51 INFO Synced /opt/dsf/sd/sys
2026-09-16 22:26:52 INFO Synced /opt/dsf/sd/macros
2026-09-16 22:26:52 INFO Push complete
2026-09-16 22:26:52 INFO Change detected: 22:26:36/opt/dsf/sd/sys/ (project.txt MOVED_TO)
2026-09-16 22:26:52 INFO Push started
2026-09-16 22:26:52 INFO Synced /opt/dsf/sd/sys
2026-09-16 22:26:53 INFO Synced /opt/dsf/sd/macros
2026-09-16 22:26:53 INFO Push complete
2026-09-16 22:26:53 INFO Change detected: 22:26:45/opt/dsf/sd/sys/ (project.txt.tmp.898.1cb4538d550b CREATE)
2026-09-16 22:26:53 INFO Push started
2026-09-16 22:26:54 INFO Synced /opt/dsf/sd/sys
2026-09-16 22:26:54 INFO Synced /opt/dsf/sd/macros
2026-09-16 22:26:54 INFO Push complete
2026-09-16 22:26:55 INFO Change detected: 22:26:45/opt/dsf/sd/sys/ (project.txt.tmp.898.1cb4538d550b CLOSE_WRITE,CLOSE)
2026-09-16 22:26:55 INFO Push started
2026-09-16 22:26:55 INFO Synced /opt/dsf/sd/sys
2026-09-16 22:26:56 INFO Synced /opt/dsf/sd/macros
2026-09-16 22:26:56 INFO Push complete
2026-09-16 22:26:56 INFO Change detected: 22:26:45/opt/dsf/sd/sys/ (project.txt MOVED_TO)
2026-09-16 22:26:56 INFO Push started
2026-09-16 22:26:57 INFO Synced /opt/dsf/sd/sys
2026-09-16 22:26:57 INFO Synced /opt/dsf/sd/macros
2026-09-16 22:26:57 INFO Push complete
2026-09-17 03:12:25 INFO Change detected: 03:12:24/opt/dsf/sd/sys/duetBackup/ (duetBackup.log CLOSE_WRITE,CLOSE)
2026-09-17 03:12:25 INFO Push started
2026-09-17 03:12:25 INFO Synced /opt/dsf/sd/sys
2026-09-17 03:12:29 INFO Synced /opt/dsf/sd/macros
2026-09-17 03:12:29 INFO Push complete
2026-09-17 03:12:58 INFO Change detected: 03:12:58/opt/dsf/sd/sys/duetBackup/ (duetBackup.log CLOSE_WRITE,CLOSE)
2026-09-17 03:12:58 INFO Push started
2026-09-17 03:13:32 INFO Synced /opt/dsf/sd/sys
2026-09-17 03:13:33 INFO Synced /opt/dsf/sd/macros
2026-09-17 03:13:33 INFO Push complete
2026-09-17 08:07:54 INFO Change detected: 08:07:54/opt/dsf/sd/sys/ (project.txt.tmp.898.666572e2b1fa CREATE)
2026-09-17 08:07:54 INFO Push started
2026-09-17 08:08:32 INFO   project.txt: Copied (replaced existing)
2026-09-17 08:08:32 INFO Synced /opt/dsf/sd/sys
2026-09-17 08:08:33 INFO Synced /opt/dsf/sd/macros
2026-09-17 08:08:33 INFO Push complete
2026-09-17 08:08:33 INFO Change detected: 08:07:54/opt/dsf/sd/sys/ (project.txt.tmp.898.666572e2b1fa CLOSE_WRITE,CLOSE)
2026-09-17 08:08:33 INFO Push started
2026-09-17 08:08:33 INFO Synced /opt/dsf/sd/sys
2026-09-17 08:08:34 INFO Synced /opt/dsf/sd/macros
2026-09-17 08:08:34 INFO Push complete
2026-09-17 08:08:34 INFO Change detected: 08:07:54/opt/dsf/sd/sys/ (project.txt MOVED_TO)
2026-09-17 08:08:34 INFO Push started
2026-09-17 08:08:35 INFO Synced /opt/dsf/sd/sys
2026-09-17 08:08:36 INFO Synced /opt/dsf/sd/macros
2026-09-17 08:08:36 INFO Push complete
2026-09-17 08:53:53 INFO Change detected: 08:53:53/opt/dsf/sd/sys/ (config.g.tmp.898.afd3d186e8ce CREATE)
2026-09-17 08:53:53 INFO Push started
2026-09-17 08:53:56 INFO   config.g: Copied (replaced existing)
2026-09-17 08:53:56 INFO   eventlog.txt: Copied (replaced existing)
2026-09-17 08:53:56 INFO Synced /opt/dsf/sd/sys
2026-09-17 08:53:57 INFO Synced /opt/dsf/sd/macros
2026-09-17 08:53:57 INFO Push complete
2026-09-17 08:53:57 INFO Change detected: 08:53:53/opt/dsf/sd/sys/ (config.g.tmp.898.afd3d186e8ce CLOSE_WRITE,CLOSE)
2026-09-17 08:53:57 INFO Push started
2026-09-17 08:54:35 INFO   mesh.g: Copied (replaced existing)
2026-09-17 08:54:35 INFO Synced /opt/dsf/sd/sys
2026-09-17 08:54:36 INFO Synced /opt/dsf/sd/macros
2026-09-17 08:54:36 INFO Push complete
2026-09-17 08:54:36 INFO Change detected: 08:53:53/opt/dsf/sd/sys/ (config.g MOVED_TO)
2026-09-17 08:54:36 INFO Push started
2026-09-17 08:54:37 INFO   project.txt: Copied (replaced existing)
2026-09-17 08:54:37 INFO Synced /opt/dsf/sd/sys
2026-09-17 08:54:38 INFO Synced /opt/dsf/sd/macros
2026-09-17 08:54:38 INFO Push complete
2026-09-17 08:54:38 INFO Change detected: 08:53:56/opt/dsf/sd/sys/ (mesh.g.tmp.898.1f63c05c8c3a CREATE)
2026-09-17 08:54:38 INFO Push started
2026-09-17 08:54:39 INFO Synced /opt/dsf/sd/sys
2026-09-17 08:54:40 INFO Synced /opt/dsf/sd/macros
2026-09-17 08:54:40 INFO Push complete
2026-09-17 08:54:40 INFO Change detected: 08:53:56/opt/dsf/sd/sys/ (mesh.g.tmp.898.1f63c05c8c3a CLOSE_WRITE,CLOSE)
2026-09-17 08:54:40 INFO Push started
2026-09-17 08:54:40 INFO Synced /opt/dsf/sd/sys
2026-09-17 08:54:41 INFO Synced /opt/dsf/sd/macros
2026-09-17 08:54:41 INFO Push complete
2026-09-17 08:54:41 INFO Change detected: 08:53:56/opt/dsf/sd/sys/ (mesh.g MOVED_TO)
2026-09-17 08:54:41 INFO Push started
2026-09-17 08:54:42 INFO Synced /opt/dsf/sd/sys
2026-09-17 08:54:43 INFO Synced /opt/dsf/sd/macros
2026-09-17 08:54:43 INFO Push complete
2026-09-17 08:54:43 INFO Change detected: 08:54:14/opt/dsf/sd/sys/ (project.txt.tmp.898.42d0fe678939 CREATE)
2026-09-17 08:54:43 INFO Push started
2026-09-17 08:54:43 INFO Synced /opt/dsf/sd/sys
2026-09-17 08:54:44 INFO Synced /opt/dsf/sd/macros
2026-09-17 08:54:44 INFO Push complete
2026-09-17 08:54:44 INFO Change detected: 08:54:14/opt/dsf/sd/sys/ (project.txt.tmp.898.42d0fe678939 CLOSE_WRITE,CLOSE)
2026-09-17 08:54:44 INFO Push started
2026-09-17 08:54:45 INFO Synced /opt/dsf/sd/sys
2026-09-17 08:54:46 INFO Synced /opt/dsf/sd/macros
2026-09-17 08:54:46 INFO Push complete
2026-09-17 08:54:46 INFO Change detected: 08:54:14/opt/dsf/sd/sys/ (project.txt MOVED_TO)
2026-09-17 08:54:46 INFO Push started
2026-09-17 08:54:46 INFO Synced /opt/dsf/sd/sys
2026-09-17 08:54:47 INFO Synced /opt/dsf/sd/macros
2026-09-17 08:54:47 INFO Push complete
2026-09-17 09:12:58 INFO Change detected: 09:12:57/opt/dsf/sd/sys/duetBackup/ (duetBackup.log CLOSE_WRITE,CLOSE)
2026-09-17 09:12:58 INFO Push started
2026-09-17 09:13:31 INFO Synced /opt/dsf/sd/sys
2026-09-17 09:13:32 INFO Synced /opt/dsf/sd/macros
2026-09-17 09:13:32 INFO Push complete
2026-09-17 09:13:35 INFO Change detected: 09:13:35/opt/dsf/sd/sys/duetBackup/ (duetBackup.log CLOSE_WRITE,CLOSE)
2026-09-17 09:13:35 INFO Push started
2026-09-17 09:13:36 INFO Synced /opt/dsf/sd/sys
2026-09-17 09:13:37 INFO Synced /opt/dsf/sd/macros
2026-09-17 09:13:37 INFO Push complete
2026-09-17 12:01:48 INFO Change detected: 12:01:48/opt/dsf/sd/sys/ (project.txt.tmp.898.7710429d81f3 CREATE)
2026-09-17 12:01:48 INFO Push started
2026-09-17 12:01:51 INFO   project.txt: Copied (replaced existing)
2026-09-17 12:01:51 INFO   eventlog.txt: Copied (replaced existing)
2026-09-17 12:01:51 INFO Synced /opt/dsf/sd/sys
2026-09-17 12:01:52 INFO Synced /opt/dsf/sd/macros
2026-09-17 12:01:52 INFO Push complete
2026-09-17 12:01:52 INFO Change detected: 12:01:48/opt/dsf/sd/sys/ (project.txt.tmp.898.7710429d81f3 CLOSE_WRITE,CLOSE)
2026-09-17 12:01:52 INFO Push started
2026-09-17 12:01:53 INFO Synced /opt/dsf/sd/sys
2026-09-17 12:02:43 INFO Synced /opt/dsf/sd/macros
2026-09-17 12:02:43 INFO Push complete
2026-09-17 12:02:43 INFO Change detected: 12:01:48/opt/dsf/sd/sys/ (project.txt MOVED_TO)
2026-09-17 12:02:43 INFO Push started
2026-09-17 12:02:44 INFO Synced /opt/dsf/sd/sys
2026-09-17 12:02:45 INFO Synced /opt/dsf/sd/macros
2026-09-17 12:02:45 INFO Push complete
2026-09-17 12:46:54 INFO Change detected: 12:46:54/opt/dsf/sd/sys/accelerometer/ (blocktest.csv CREATE)
2026-09-17 12:46:54 INFO Push started
2026-09-17 12:48:40 ERROR Failed to sync /opt/dsf/sd/sys (rclone exit 1)
2026-09-17 12:48:40 ERROR   Checks:                93 / 93, 100%
2026-09-17 12:48:40 ERROR   Transferred:            1 / 1, 100%
2026-09-17 12:48:40 ERROR   Elapsed time:      1m45.5s
2026-09-17 12:48:40 ERROR   Failed to copy: corrupted on transfer: md5 hash differ "40aefc276509483f0c3e8944df79ed47" vs "67a019ed0439a677c88aae5e98e18732"
2026-09-17 12:48:41 INFO Synced /opt/dsf/sd/macros
2026-09-17 12:48:41 ERROR Push finished with errors
2026-09-17 12:48:41 INFO Change detected: 12:46:55/opt/dsf/sd/sys/accelerometer/ (blocktest.csv CLOSE_WRITE,CLOSE)
2026-09-17 12:48:41 INFO Push started
2026-09-17 12:48:43 ERROR Failed to sync /opt/dsf/sd/sys (rclone exit 1)
2026-09-17 12:48:43 ERROR   Errors:                 1 (retrying may help)
2026-09-17 12:48:43 ERROR   Checks:                93 / 93, 100%
2026-09-17 12:48:43 ERROR   Elapsed time:         2.7s
2026-09-17 12:48:43 ERROR   Failed to copy: Post "https://www.googleapis.com/upload/drive/v3/files?alt=json&fields=id%2Cname%2Csize%2Cmd5Checksum%2Ctrashed%2CexplicitlyTrashed%2CmodifiedTime%2CcreatedTime%2CmimeType%2Cparents%2CwebViewLink%2CshortcutDetails%2CexportLinks%2CresourceKey&keepRevisionForever=false&prettyPrint=false&supportsAllDrives=true&uploadType=multipart": googleapi: Copy failed: can't copy - source file is being updated (mod time changed from 2026-09-17 12:48:42.780631989 +0100 BST to 2026-09-17 12:48:43.468620809 +0100 BST)
2026-09-17 12:48:44 INFO Synced /opt/dsf/sd/macros
2026-09-17 12:48:44 ERROR Push finished with errors
2026-09-17 12:48:44 INFO Change detected: 12:47:57/opt/dsf/sd/sys/accelerometer/ (alps_accel_g28z_20260917.csv CREATE)
2026-09-17 12:48:44 INFO Push started
2026-09-17 12:48:50 ERROR Failed to sync /opt/dsf/sd/sys (rclone exit 1)
2026-09-17 12:48:50 ERROR   Errors:                 1 (retrying may help)
2026-09-17 12:48:50 ERROR   Checks:                93 / 93, 100%
2026-09-17 12:48:50 ERROR   Elapsed time:         5.6s
2026-09-17 12:48:50 ERROR   Failed to copy: Post "https://www.googleapis.com/upload/drive/v3/files?alt=json&fields=id%2Cname%2Csize%2Cmd5Checksum%2Ctrashed%2CexplicitlyTrashed%2CmodifiedTime%2CcreatedTime%2CmimeType%2Cparents%2CwebViewLink%2CshortcutDetails%2CexportLinks%2CresourceKey&keepRevisionForever=false&prettyPrint=false&supportsAllDrives=true&uploadType=multipart": googleapi: Copy failed: can't copy - source file is being updated (size changed from 2490368 to 2523136)
2026-09-17 12:48:51 INFO Synced /opt/dsf/sd/macros
2026-09-17 12:48:51 ERROR Push finished with errors
2026-09-17 12:48:52 INFO Change detected: 12:48:52/opt/dsf/sd/sys/accelerometer/ (alps_accel_g28z_20260917.csv CLOSE_WRITE,CLOSE)
2026-09-17 12:48:52 INFO Push started
2026-09-17 12:48:55 INFO   accelerometer/alps_accel_g28z_20260917.csv: Copied (new)
2026-09-17 12:48:55 INFO Synced /opt/dsf/sd/sys
2026-09-17 12:48:58 INFO Synced /opt/dsf/sd/macros
2026-09-17 12:48:58 INFO Push complete
2026-09-17 13:32:01 INFO Change detected: 13:32:01/opt/dsf/sd/sys/ (heightmap.csv CLOSE_WRITE,CLOSE)
2026-09-17 13:32:01 INFO Push started
2026-09-17 13:32:55 INFO   eventlog.txt: Copied (replaced existing)
2026-09-17 13:32:55 INFO   heightmap.csv: Copied (replaced existing)
2026-09-17 13:32:55 INFO Synced /opt/dsf/sd/sys
2026-09-17 13:32:56 INFO Synced /opt/dsf/sd/macros
2026-09-17 13:32:56 INFO Push complete
2026-09-17 13:42:47 INFO Change detected: 13:42:47/opt/dsf/sd/sys/ (config.g.tmp.898.dcf8be7b7dca CREATE)
2026-09-17 13:42:47 INFO Push started
2026-09-17 13:42:49 INFO   config.g: Copied (replaced existing)
2026-09-17 13:42:49 INFO Synced /opt/dsf/sd/sys
2026-09-17 13:42:50 INFO Synced /opt/dsf/sd/macros
2026-09-17 13:42:50 INFO Push complete
2026-09-17 13:42:50 INFO Change detected: 13:42:47/opt/dsf/sd/sys/ (config.g.tmp.898.dcf8be7b7dca CLOSE_WRITE,CLOSE)
2026-09-17 13:42:50 INFO Push started
2026-09-17 13:42:52 INFO   mesh.g: Copied (replaced existing)
2026-09-17 13:42:52 INFO Synced /opt/dsf/sd/sys
2026-09-17 13:42:53 INFO Synced /opt/dsf/sd/macros
2026-09-17 13:42:53 INFO Push complete
2026-09-17 13:42:53 INFO Change detected: 13:42:47/opt/dsf/sd/sys/ (config.g MOVED_TO)
2026-09-17 13:42:53 INFO Push started
2026-09-17 13:42:54 INFO Synced /opt/dsf/sd/sys
2026-09-17 13:42:55 INFO Synced /opt/dsf/sd/macros
2026-09-17 13:42:55 INFO Push complete
2026-09-17 13:42:55 INFO Change detected: 13:42:49/opt/dsf/sd/sys/ (mesh.g.tmp.898.5c8d59d3e5f8 CREATE)
2026-09-17 13:42:55 INFO Push started
2026-09-17 13:43:30 INFO Synced /opt/dsf/sd/sys
2026-09-17 13:43:31 INFO Synced /opt/dsf/sd/macros
2026-09-17 13:43:31 INFO Push complete
2026-09-17 13:43:31 INFO Change detected: 13:42:49/opt/dsf/sd/sys/ (mesh.g.tmp.898.5c8d59d3e5f8 CLOSE_WRITE,CLOSE)
2026-09-17 13:43:31 INFO Push started
2026-09-17 13:43:34 INFO   project.txt: Copied (replaced existing)
2026-09-17 13:43:34 INFO   mesh.g: Copied (replaced existing)
2026-09-17 13:43:34 INFO Synced /opt/dsf/sd/sys
2026-09-17 13:43:35 INFO Synced /opt/dsf/sd/macros
2026-09-17 13:43:35 INFO Push complete
2026-09-17 13:43:35 INFO Change detected: 13:42:49/opt/dsf/sd/sys/ (mesh.g MOVED_TO)
2026-09-17 13:43:35 INFO Push started
2026-09-17 13:43:36 INFO Synced /opt/dsf/sd/sys
2026-09-17 13:43:36 INFO Synced /opt/dsf/sd/macros
2026-09-17 13:43:36 INFO Push complete
2026-09-17 13:43:36 INFO Change detected: 13:43:01/opt/dsf/sd/sys/ (project.txt.tmp.898.01518e980958 CREATE)
2026-09-17 13:43:36 INFO Push started
2026-09-17 13:43:37 INFO Synced /opt/dsf/sd/sys
2026-09-17 13:43:38 INFO Synced /opt/dsf/sd/macros
2026-09-17 13:43:38 INFO Push complete
2026-09-17 13:43:38 INFO Change detected: 13:43:01/opt/dsf/sd/sys/ (project.txt.tmp.898.01518e980958 CLOSE_WRITE,CLOSE)
2026-09-17 13:43:38 INFO Push started
2026-09-17 13:43:39 INFO Synced /opt/dsf/sd/sys
2026-09-17 13:43:40 INFO Synced /opt/dsf/sd/macros
2026-09-17 13:43:40 INFO Push complete
2026-09-17 13:43:40 INFO Change detected: 13:43:01/opt/dsf/sd/sys/ (project.txt MOVED_TO)
2026-09-17 13:43:40 INFO Push started
2026-09-17 13:43:41 INFO Synced /opt/dsf/sd/sys
2026-09-17 13:43:42 INFO Synced /opt/dsf/sd/macros
2026-09-17 13:43:42 INFO Push complete
2026-09-17 13:43:42 INFO Change detected: 13:43:19/opt/dsf/sd/sys/ (sedH1OQr4 CREATE)
2026-09-17 13:43:42 INFO Push started
2026-09-17 13:43:43 INFO Synced /opt/dsf/sd/sys
2026-09-17 13:43:44 INFO Synced /opt/dsf/sd/macros
2026-09-17 13:43:44 INFO Push complete
2026-09-17 13:43:44 INFO Change detected: 13:43:19/opt/dsf/sd/sys/ (sedH1OQr4 CLOSE_WRITE,CLOSE)
2026-09-17 13:43:44 INFO Push started
2026-09-17 13:43:45 INFO Synced /opt/dsf/sd/sys
2026-09-17 13:43:46 INFO Synced /opt/dsf/sd/macros
2026-09-17 13:43:46 INFO Push complete
2026-09-17 13:43:46 INFO Change detected: 13:43:19/opt/dsf/sd/sys/ (project.txt MOVED_TO)
2026-09-17 13:43:46 INFO Push started
2026-09-17 13:43:47 INFO Synced /opt/dsf/sd/sys
2026-09-17 13:43:49 INFO Synced /opt/dsf/sd/macros
2026-09-17 13:43:49 INFO Push complete
2026-09-17 13:43:49 INFO Change detected: 13:43:27/opt/dsf/sd/sys/ (sedbmpvWN CREATE)
2026-09-17 13:43:49 INFO Push started
2026-09-17 13:43:50 INFO Synced /opt/dsf/sd/sys
2026-09-17 13:43:50 INFO Synced /opt/dsf/sd/macros
2026-09-17 13:43:50 INFO Push complete
2026-09-17 13:43:50 INFO Change detected: 13:43:27/opt/dsf/sd/sys/ (sedbmpvWN CLOSE_WRITE,CLOSE)
2026-09-17 13:43:50 INFO Push started
2026-09-17 13:43:51 INFO Synced /opt/dsf/sd/sys
2026-09-17 13:43:52 INFO Synced /opt/dsf/sd/macros
2026-09-17 13:43:52 INFO Push complete
2026-09-17 13:43:52 INFO Change detected: 13:43:27/opt/dsf/sd/sys/ (mesh.g MOVED_TO)
2026-09-17 13:43:52 INFO Push started
2026-09-17 13:43:53 INFO Synced /opt/dsf/sd/sys
2026-09-17 13:43:54 INFO Synced /opt/dsf/sd/macros
2026-09-17 13:43:54 INFO Push complete
2026-09-17 14:17:33 INFO Change detected: 14:17:33/opt/dsf/sd/sys/ (heightmap.csv CLOSE_WRITE,CLOSE)
2026-09-17 14:17:33 INFO Push started
2026-09-17 14:17:36 INFO   heightmap.csv: Copied (replaced existing)
2026-09-17 14:17:36 INFO Synced /opt/dsf/sd/sys
2026-09-17 14:17:37 INFO Synced /opt/dsf/sd/macros
2026-09-17 14:17:37 INFO Push complete
2026-09-17 14:24:06 INFO Change detected: 14:24:06/opt/dsf/sd/sys/ (heightmap.csv CLOSE_WRITE,CLOSE)
2026-09-17 14:24:06 INFO Push started
2026-09-17 14:24:40 INFO   heightmap.csv: Copied (replaced existing)
2026-09-17 14:24:40 INFO Synced /opt/dsf/sd/sys
2026-09-17 14:24:41 INFO Synced /opt/dsf/sd/macros
2026-09-17 14:24:41 INFO Push complete
2026-09-17 14:27:53 INFO Change detected: 14:27:53/opt/dsf/sd/sys/ (project.txt.tmp.898.7ceec505ee4c CREATE)
2026-09-17 14:27:53 INFO Push started
2026-09-17 14:28:41 INFO   project.txt: Copied (new)
2026-09-17 14:28:41 INFO Synced /opt/dsf/sd/sys
2026-09-17 14:28:42 INFO Synced /opt/dsf/sd/macros
2026-09-17 14:28:42 INFO Push complete
2026-09-17 14:28:42 INFO Change detected: 14:27:53/opt/dsf/sd/sys/ (project.txt.tmp.898.7ceec505ee4c CLOSE_WRITE,CLOSE)
2026-09-17 14:28:42 INFO Push started
2026-09-17 14:28:42 INFO Synced /opt/dsf/sd/sys
2026-09-17 14:28:44 INFO Synced /opt/dsf/sd/macros
2026-09-17 14:28:44 INFO Push complete
2026-09-17 14:28:44 INFO Change detected: 14:27:53/opt/dsf/sd/sys/ (project.txt MOVED_TO)
2026-09-17 14:28:44 INFO Push started
2026-09-17 14:28:45 INFO Synced /opt/dsf/sd/sys
2026-09-17 14:28:46 INFO Synced /opt/dsf/sd/macros
2026-09-17 14:28:46 INFO Push complete
2026-09-17 14:28:46 INFO Change detected: 14:27:56/opt/dsf/sd/sys/ (project.txt.tmp.898.70c770c6d616 CREATE)
2026-09-17 14:28:46 INFO Push started
2026-09-17 14:28:46 INFO Synced /opt/dsf/sd/sys
2026-09-17 14:28:47 INFO Synced /opt/dsf/sd/macros
2026-09-17 14:28:47 INFO Push complete
2026-09-17 14:28:47 INFO Change detected: 14:27:56/opt/dsf/sd/sys/ (project.txt.tmp.898.70c770c6d616 CLOSE_WRITE,CLOSE)
2026-09-17 14:28:47 INFO Push started
2026-09-17 14:28:48 INFO Synced /opt/dsf/sd/sys
2026-09-17 14:28:49 INFO Synced /opt/dsf/sd/macros
2026-09-17 14:28:49 INFO Push complete
2026-09-17 14:28:49 INFO Change detected: 14:27:56/opt/dsf/sd/sys/ (project.txt MOVED_TO)
2026-09-17 14:28:49 INFO Push started
2026-09-17 14:28:50 INFO Synced /opt/dsf/sd/sys
2026-09-17 14:28:51 INFO Synced /opt/dsf/sd/macros
2026-09-17 14:28:51 INFO Push complete
2026-09-17 14:29:40 INFO Change detected: 14:29:40/opt/dsf/sd/sys/ (heightmap_bed100_ch60.csv CREATE)
2026-09-17 14:29:40 INFO Push started
2026-09-17 14:29:43 INFO   heightmap_bed100_ch60.csv: Copied (new)
2026-09-17 14:29:43 INFO Synced /opt/dsf/sd/sys
2026-09-17 14:29:43 INFO Synced /opt/dsf/sd/macros
2026-09-17 14:29:43 INFO Push complete
2026-09-17 14:29:43 INFO Change detected: 14:29:40/opt/dsf/sd/sys/ (heightmap_bed100_ch60.csv CLOSE_WRITE,CLOSE)
2026-09-17 14:29:43 INFO Push started
2026-09-17 14:29:44 INFO Synced /opt/dsf/sd/sys
2026-09-17 14:29:45 INFO Synced /opt/dsf/sd/macros
2026-09-17 14:29:45 INFO Push complete
2026-09-17 14:29:49 INFO Change detected: 14:29:49/opt/dsf/sd/sys/ (project.txt.tmp.898.50efa6eb83f8 CREATE)
2026-09-17 14:29:49 INFO Push started
2026-09-17 14:29:51 INFO   project.txt: Copied (replaced existing)
2026-09-17 14:29:51 INFO Synced /opt/dsf/sd/sys
2026-09-17 14:29:52 INFO Synced /opt/dsf/sd/macros
2026-09-17 14:29:52 INFO Push complete
2026-09-17 14:29:52 INFO Change detected: 14:29:49/opt/dsf/sd/sys/ (project.txt.tmp.898.50efa6eb83f8 CLOSE_WRITE,CLOSE)
2026-09-17 14:29:52 INFO Push started
2026-09-17 14:29:53 INFO Synced /opt/dsf/sd/sys
2026-09-17 14:29:54 INFO Synced /opt/dsf/sd/macros
2026-09-17 14:29:54 INFO Push complete
2026-09-17 14:29:54 INFO Change detected: 14:29:49/opt/dsf/sd/sys/ (project.txt MOVED_TO)
2026-09-17 14:29:54 INFO Push started
2026-09-17 14:29:55 INFO Synced /opt/dsf/sd/sys
2026-09-17 14:29:56 INFO Synced /opt/dsf/sd/macros
2026-09-17 14:29:56 INFO Push complete
2026-09-17 14:43:04 INFO Change detected: 14:43:04/opt/dsf/sd/sys/ (dwc-settings.json.part CREATE)
2026-09-17 14:43:04 INFO Push started
2026-09-17 14:43:56 INFO   dwc-settings.json: Copied (replaced existing)
2026-09-17 14:43:56 INFO Synced /opt/dsf/sd/sys
2026-09-17 14:43:57 INFO Synced /opt/dsf/sd/macros
2026-09-17 14:43:57 INFO Push complete
2026-09-17 14:43:57 INFO Change detected: 14:43:04/opt/dsf/sd/sys/ (dwc-settings.json.part CLOSE_WRITE,CLOSE)
2026-09-17 14:43:57 INFO Push started
2026-09-17 14:43:59 INFO Synced /opt/dsf/sd/sys
2026-09-17 14:45:00 INFO Synced /opt/dsf/sd/macros
2026-09-17 14:45:00 INFO Push complete
2026-09-17 14:45:00 INFO Change detected: 14:43:04/opt/dsf/sd/sys/ (dwc-settings.json MOVED_TO)
2026-09-17 14:45:00 INFO Push started
2026-09-17 14:45:49 INFO Synced /opt/dsf/sd/sys
2026-09-17 14:45:50 INFO Synced /opt/dsf/sd/macros
2026-09-17 14:45:50 INFO Push complete
2026-09-17 14:45:50 INFO Change detected: 14:43:10/opt/dsf/sd/sys/ (dwc-settings.json.part CREATE)
2026-09-17 14:45:50 INFO Push started
2026-09-17 14:45:51 INFO Synced /opt/dsf/sd/sys
2026-09-17 14:45:52 INFO Synced /opt/dsf/sd/macros
2026-09-17 14:45:52 INFO Push complete
2026-09-17 14:45:52 INFO Change detected: 14:43:10/opt/dsf/sd/sys/ (dwc-settings.json.part CLOSE_WRITE,CLOSE)
2026-09-17 14:45:52 INFO Push started
2026-09-17 14:45:52 INFO Synced /opt/dsf/sd/sys
2026-09-17 14:45:53 INFO Synced /opt/dsf/sd/macros
2026-09-17 14:45:53 INFO Push complete
2026-09-17 14:45:53 INFO Change detected: 14:43:10/opt/dsf/sd/sys/ (dwc-settings.json MOVED_TO)
2026-09-17 14:45:53 INFO Push started
2026-09-17 14:45:54 INFO Synced /opt/dsf/sd/sys
2026-09-17 14:45:57 INFO Synced /opt/dsf/sd/macros
2026-09-17 14:45:57 INFO Push complete
2026-09-17 14:45:57 INFO Change detected: 14:43:15/opt/dsf/sd/sys/ (dwc-settings.json.part CREATE)
2026-09-17 14:45:57 INFO Push started
2026-09-17 14:46:32 INFO Synced /opt/dsf/sd/sys
2026-09-17 14:46:33 INFO Synced /opt/dsf/sd/macros
2026-09-17 14:46:33 INFO Push complete
2026-09-17 14:46:33 INFO Change detected: 14:43:15/opt/dsf/sd/sys/ (dwc-settings.json.part CLOSE_WRITE,CLOSE)
2026-09-17 14:46:33 INFO Push started
2026-09-17 14:46:34 INFO Synced /opt/dsf/sd/sys
2026-09-17 14:46:35 INFO Synced /opt/dsf/sd/macros
2026-09-17 14:46:35 INFO Push complete
2026-09-17 14:46:35 INFO Change detected: 14:43:15/opt/dsf/sd/sys/ (dwc-settings.json MOVED_TO)
2026-09-17 14:46:35 INFO Push started
2026-09-17 14:46:36 INFO Synced /opt/dsf/sd/sys
2026-09-17 14:46:38 INFO Synced /opt/dsf/sd/macros
2026-09-17 14:46:38 INFO Push complete
2026-09-17 15:13:35 INFO Change detected: 15:13:34/opt/dsf/sd/sys/duetBackup/ (duetBackup.log CLOSE_WRITE,CLOSE)
2026-09-17 15:13:35 INFO Push started
2026-09-17 15:13:36 INFO Synced /opt/dsf/sd/sys
2026-09-17 15:13:37 INFO Synced /opt/dsf/sd/macros
2026-09-17 15:13:37 INFO Push complete
2026-09-17 15:14:16 INFO Change detected: 15:14:16/opt/dsf/sd/sys/duetBackup/ (duetBackup.log CLOSE_WRITE,CLOSE)
2026-09-17 15:14:16 INFO Push started
2026-09-17 15:14:35 INFO Synced /opt/dsf/sd/sys
2026-09-17 15:14:36 INFO Synced /opt/dsf/sd/macros
2026-09-17 15:14:36 INFO Push complete
2026-09-17 15:49:53 INFO Change detected: 15:49:53/opt/dsf/sd/sys/ (heightmap.csv CLOSE_WRITE,CLOSE)
2026-09-17 15:49:53 INFO Push started
2026-09-17 15:49:56 INFO   heightmap.csv: Copied (replaced existing)
2026-09-17 15:49:56 INFO Synced /opt/dsf/sd/sys
2026-09-17 15:50:48 INFO Synced /opt/dsf/sd/macros
2026-09-17 15:50:48 INFO Push complete
2026-09-17 15:50:48 INFO Change detected: 15:49:59/opt/dsf/sd/sys/ (heightmap_bed60_dooropen_m1.csv CREATE)
2026-09-17 15:50:48 INFO Push started
2026-09-17 15:50:50 INFO   heightmap_bed60_dooropen_m1.csv: Copied (new)
2026-09-17 15:50:50 INFO Synced /opt/dsf/sd/sys
2026-09-17 15:50:51 INFO Synced /opt/dsf/sd/macros
2026-09-17 15:50:51 INFO Push complete
2026-09-17 15:50:51 INFO Change detected: 15:49:59/opt/dsf/sd/sys/ (heightmap_bed60_dooropen_m1.csv CLOSE_WRITE,CLOSE)
2026-09-17 15:50:51 INFO Push started
2026-09-17 15:50:52 INFO Synced /opt/dsf/sd/sys
2026-09-17 15:50:53 INFO Synced /opt/dsf/sd/macros
2026-09-17 15:50:53 INFO Push complete
2026-09-17 15:56:50 INFO Change detected: 15:56:50/opt/dsf/sd/sys/ (heightmap.csv CLOSE_WRITE,CLOSE)
2026-09-17 15:56:50 INFO Push started
2026-09-17 15:56:52 INFO   heightmap.csv: Copied (replaced existing)
2026-09-17 15:56:52 INFO Synced /opt/dsf/sd/sys
2026-09-17 15:56:53 INFO Synced /opt/dsf/sd/macros
2026-09-17 15:56:53 INFO Push complete
2026-09-17 15:57:38 INFO Change detected: 15:57:38/opt/dsf/sd/sys/ (heightmap_bed60_dooropen_m2.csv CREATE)
2026-09-17 15:57:38 INFO Push started
2026-09-17 15:57:40 INFO   heightmap_bed60_dooropen_m2.csv: Copied (new)
2026-09-17 15:57:40 INFO Synced /opt/dsf/sd/sys
2026-09-17 15:57:41 INFO Synced /opt/dsf/sd/macros
2026-09-17 15:57:41 INFO Push complete
2026-09-17 15:57:41 INFO Change detected: 15:57:38/opt/dsf/sd/sys/ (heightmap_bed60_dooropen_m2.csv CLOSE_WRITE,CLOSE)
2026-09-17 15:57:41 INFO Push started
2026-09-17 15:57:42 INFO Synced /opt/dsf/sd/sys
2026-09-17 15:57:43 INFO Synced /opt/dsf/sd/macros
2026-09-17 15:57:43 INFO Push complete
2026-09-17 15:58:36 INFO Change detected: 15:58:36/opt/dsf/sd/sys/ (project.txt.tmp.898.86fe76829ed6 CREATE)
2026-09-17 15:58:36 INFO Push started
2026-09-17 15:58:38 INFO   project.txt: Copied (replaced existing)
2026-09-17 15:58:38 INFO Synced /opt/dsf/sd/sys
2026-09-17 15:58:39 INFO Synced /opt/dsf/sd/macros
2026-09-17 15:58:39 INFO Push complete
2026-09-17 15:58:39 INFO Change detected: 15:58:36/opt/dsf/sd/sys/ (project.txt.tmp.898.86fe76829ed6 CLOSE_WRITE,CLOSE)
2026-09-17 15:58:39 INFO Push started
2026-09-17 15:58:40 INFO Synced /opt/dsf/sd/sys
2026-09-17 15:58:41 INFO Synced /opt/dsf/sd/macros
2026-09-17 15:58:41 INFO Push complete
2026-09-17 15:58:41 INFO Change detected: 15:58:36/opt/dsf/sd/sys/ (project.txt MOVED_TO)
2026-09-17 15:58:41 INFO Push started
2026-09-17 15:58:42 INFO Synced /opt/dsf/sd/sys
2026-09-17 15:58:43 INFO Synced /opt/dsf/sd/macros
2026-09-17 15:58:43 INFO Push complete
2026-09-17 16:01:51 INFO Change detected: 16:01:51/opt/dsf/sd/sys/ (deployprobe.g.tmp.898.810fb54e61a3 CREATE)
2026-09-17 16:01:51 INFO Push started
2026-09-17 16:01:53 INFO   deployprobe.g: Copied (replaced existing)
2026-09-17 16:01:53 INFO Synced /opt/dsf/sd/sys
2026-09-17 16:02:47 INFO Synced /opt/dsf/sd/macros
2026-09-17 16:02:47 INFO Push complete
2026-09-17 16:02:47 INFO Change detected: 16:01:51/opt/dsf/sd/sys/ (deployprobe.g.tmp.898.810fb54e61a3 CLOSE_WRITE,CLOSE)
2026-09-17 16:02:47 INFO Push started
2026-09-17 16:02:50 INFO   project.txt: Copied (replaced existing)
2026-09-17 16:02:50 INFO Synced /opt/dsf/sd/sys
2026-09-17 16:02:51 INFO Synced /opt/dsf/sd/macros
2026-09-17 16:02:51 INFO Push complete
2026-09-17 16:02:51 INFO Change detected: 16:01:51/opt/dsf/sd/sys/ (deployprobe.g MOVED_TO)
2026-09-17 16:02:51 INFO Push started
2026-09-17 16:02:52 INFO Synced /opt/dsf/sd/sys
2026-09-17 16:02:52 INFO Synced /opt/dsf/sd/macros
2026-09-17 16:02:52 INFO Push complete
2026-09-17 16:02:52 INFO Change detected: 16:01:54/opt/dsf/sd/sys/ (project.txt.tmp.898.a4ea13a2b063 CREATE)
2026-09-17 16:02:52 INFO Push started
2026-09-17 16:02:53 INFO Synced /opt/dsf/sd/sys
2026-09-17 16:03:29 INFO Synced /opt/dsf/sd/macros
2026-09-17 16:03:29 INFO Push complete
2026-09-17 16:03:29 INFO Change detected: 16:01:54/opt/dsf/sd/sys/ (project.txt.tmp.898.a4ea13a2b063 CLOSE_WRITE,CLOSE)
2026-09-17 16:03:29 INFO Push started
2026-09-17 16:03:30 INFO Synced /opt/dsf/sd/sys
2026-09-17 16:03:33 INFO Synced /opt/dsf/sd/macros
2026-09-17 16:03:33 INFO Push complete
2026-09-17 16:03:33 INFO Change detected: 16:01:54/opt/dsf/sd/sys/ (project.txt MOVED_TO)
2026-09-17 16:03:33 INFO Push started
2026-09-17 16:03:33 INFO Synced /opt/dsf/sd/sys
2026-09-17 16:03:34 INFO Synced /opt/dsf/sd/macros
2026-09-17 16:03:34 INFO Push complete
2026-09-17 18:00:45 INFO Change detected: 18:00:45/opt/dsf/sd/sys/ (mesh.g.tmp.170692.de9e7d564edf CREATE)
2026-09-17 18:00:45 INFO Push started
2026-09-17 18:00:48 INFO   mesh.g: Copied (replaced existing)
2026-09-17 18:00:48 INFO Synced /opt/dsf/sd/sys
2026-09-17 18:00:49 INFO Synced /opt/dsf/sd/macros
2026-09-17 18:00:49 INFO Push complete
2026-09-17 18:00:49 INFO Change detected: 18:00:45/opt/dsf/sd/sys/ (mesh.g.tmp.170692.de9e7d564edf CLOSE_WRITE,CLOSE)
2026-09-17 18:00:49 INFO Push started
2026-09-17 18:00:50 INFO Synced /opt/dsf/sd/sys
2026-09-17 18:00:51 INFO Synced /opt/dsf/sd/macros
2026-09-17 18:00:51 INFO Push complete
2026-09-17 18:00:51 INFO Change detected: 18:00:45/opt/dsf/sd/sys/ (mesh.g MOVED_TO)
2026-09-17 18:00:51 INFO Push started
2026-09-17 18:01:42 INFO Synced /opt/dsf/sd/sys
2026-09-17 18:01:43 INFO Synced /opt/dsf/sd/macros
2026-09-17 18:01:43 INFO Push complete
2026-09-17 18:01:43 INFO Change detected: 18:01:37/opt/dsf/sd/sys/ (config.g.tmp.170692.362e4eeb1b88 CREATE)
2026-09-17 18:01:43 INFO Push started
2026-09-17 18:01:45 INFO   config.g: Copied (replaced existing)
2026-09-17 18:01:45 INFO Synced /opt/dsf/sd/sys
2026-09-17 18:01:46 INFO Synced /opt/dsf/sd/macros
2026-09-17 18:01:46 INFO Push complete
2026-09-17 18:01:46 INFO Change detected: 18:01:37/opt/dsf/sd/sys/ (config.g.tmp.170692.362e4eeb1b88 CLOSE_WRITE,CLOSE)
2026-09-17 18:01:46 INFO Push started
2026-09-17 18:01:48 INFO   mesh.g: Copied (replaced existing)
2026-09-17 18:01:48 INFO Synced /opt/dsf/sd/sys
2026-09-17 18:01:49 INFO Synced /opt/dsf/sd/macros
2026-09-17 18:01:49 INFO Push complete
2026-09-17 18:01:49 INFO Change detected: 18:01:37/opt/dsf/sd/sys/ (config.g MOVED_TO)
2026-09-17 18:01:49 INFO Push started
2026-09-17 18:01:50 INFO Synced /opt/dsf/sd/sys
2026-09-17 18:01:51 INFO Synced /opt/dsf/sd/macros
2026-09-17 18:01:51 INFO Push complete
2026-09-17 18:01:51 INFO Change detected: 18:01:44/opt/dsf/sd/sys/ (mesh.g.tmp.170692.85cce6e64fa9 CREATE)
2026-09-17 18:01:51 INFO Push started
2026-09-17 18:01:52 INFO Synced /opt/dsf/sd/sys
2026-09-17 18:02:41 INFO Synced /opt/dsf/sd/macros
2026-09-17 18:02:41 INFO Push complete
2026-09-17 18:02:41 INFO Change detected: 18:01:44/opt/dsf/sd/sys/ (mesh.g.tmp.170692.85cce6e64fa9 CLOSE_WRITE,CLOSE)
2026-09-17 18:02:41 INFO Push started
2026-09-17 18:02:44 INFO   project-long.txt: Copied (replaced existing)
2026-09-17 18:02:44 INFO   project.txt: Copied (replaced existing)
2026-09-17 18:02:44 INFO Synced /opt/dsf/sd/sys
2026-09-17 18:02:45 INFO Synced /opt/dsf/sd/macros
2026-09-17 18:02:45 INFO Push complete
2026-09-17 18:02:45 INFO Change detected: 18:01:44/opt/dsf/sd/sys/ (mesh.g MOVED_TO)
2026-09-17 18:02:45 INFO Push started
2026-09-17 18:02:46 INFO Synced /opt/dsf/sd/sys
2026-09-17 18:02:47 INFO Synced /opt/dsf/sd/macros
2026-09-17 18:02:47 INFO Push complete
2026-09-17 18:02:47 INFO Change detected: 18:01:59/opt/dsf/sd/sys/ (project.txt.tmp.170692.d00722ded2b1 CREATE)
2026-09-17 18:02:47 INFO Push started
2026-09-17 18:02:48 INFO Synced /opt/dsf/sd/sys
2026-09-17 18:02:48 INFO Synced /opt/dsf/sd/macros
2026-09-17 18:02:48 INFO Push complete
2026-09-17 18:02:48 INFO Change detected: 18:01:59/opt/dsf/sd/sys/ (project.txt.tmp.170692.d00722ded2b1 CLOSE_WRITE,CLOSE)
2026-09-17 18:02:48 INFO Push started
2026-09-17 18:02:49 INFO Synced /opt/dsf/sd/sys
2026-09-17 18:02:50 INFO Synced /opt/dsf/sd/macros
2026-09-17 18:02:50 INFO Push complete
2026-09-17 18:02:50 INFO Change detected: 18:01:59/opt/dsf/sd/sys/ (project.txt MOVED_TO)
2026-09-17 18:02:50 INFO Push started
2026-09-17 18:02:51 INFO Synced /opt/dsf/sd/sys
2026-09-17 18:02:52 INFO Synced /opt/dsf/sd/macros
2026-09-17 18:02:52 INFO Push complete
2026-09-17 18:02:52 INFO Change detected: 18:02:01/opt/dsf/sd/sys/ (project.txt.tmp.170692.9a1b9576e74c CREATE)
2026-09-17 18:02:52 INFO Push started
2026-09-17 18:02:53 INFO Synced /opt/dsf/sd/sys
2026-09-17 18:02:54 INFO Synced /opt/dsf/sd/macros
2026-09-17 18:02:54 INFO Push complete
2026-09-17 18:02:54 INFO Change detected: 18:02:01/opt/dsf/sd/sys/ (project.txt.tmp.170692.9a1b9576e74c CLOSE_WRITE,CLOSE)
2026-09-17 18:02:54 INFO Push started
2026-09-17 18:02:59 INFO Synced /opt/dsf/sd/sys
2026-09-17 18:03:51 INFO Synced /opt/dsf/sd/macros
2026-09-17 18:03:51 INFO Push complete
2026-09-17 18:03:51 INFO Change detected: 18:02:01/opt/dsf/sd/sys/ (project.txt MOVED_TO)
2026-09-17 18:03:51 INFO Push started
2026-09-17 18:03:52 INFO Synced /opt/dsf/sd/sys
2026-09-17 18:03:53 INFO Synced /opt/dsf/sd/macros
2026-09-17 18:03:53 INFO Push complete
2026-09-17 18:03:53 INFO Change detected: 18:02:02/opt/dsf/sd/sys/ (project.txt.tmp.170692.7ccbda1d0ea0 CREATE)
2026-09-17 18:03:53 INFO Push started
2026-09-17 18:03:54 INFO Synced /opt/dsf/sd/sys
2026-09-17 18:03:55 INFO Synced /opt/dsf/sd/macros
2026-09-17 18:03:55 INFO Push complete
2026-09-17 18:03:55 INFO Change detected: 18:02:02/opt/dsf/sd/sys/ (project.txt.tmp.170692.7ccbda1d0ea0 CLOSE_WRITE,CLOSE)
2026-09-17 18:03:55 INFO Push started
2026-09-17 18:04:30 INFO Synced /opt/dsf/sd/sys
2026-09-17 18:04:31 INFO Synced /opt/dsf/sd/macros
2026-09-17 18:04:31 INFO Push complete
2026-09-17 18:04:31 INFO Change detected: 18:02:02/opt/dsf/sd/sys/ (project.txt MOVED_TO)
2026-09-17 18:04:31 INFO Push started
2026-09-17 18:04:32 INFO Synced /opt/dsf/sd/sys
2026-09-17 18:04:33 INFO Synced /opt/dsf/sd/macros
2026-09-17 18:04:33 INFO Push complete
2026-09-17 18:04:33 INFO Change detected: 18:02:04/opt/dsf/sd/sys/ (project.txt.tmp.170692.2335ba38a8b8 CREATE)
2026-09-17 18:04:33 INFO Push started
2026-09-17 18:04:35 INFO Synced /opt/dsf/sd/sys
2026-09-17 18:04:36 INFO Synced /opt/dsf/sd/macros
2026-09-17 18:04:36 INFO Push complete
2026-09-17 18:04:36 INFO Change detected: 18:02:04/opt/dsf/sd/sys/ (project.txt.tmp.170692.2335ba38a8b8 CLOSE_WRITE,CLOSE)
2026-09-17 18:04:36 INFO Push started
2026-09-17 18:04:37 INFO Synced /opt/dsf/sd/sys
2026-09-17 18:04:37 INFO Synced /opt/dsf/sd/macros
2026-09-17 18:04:37 INFO Push complete
2026-09-17 18:04:38 INFO Change detected: 18:02:04/opt/dsf/sd/sys/ (project.txt MOVED_TO)
2026-09-17 18:04:38 INFO Push started
2026-09-17 18:04:38 INFO Synced /opt/dsf/sd/sys
2026-09-17 18:04:39 INFO Synced /opt/dsf/sd/macros
2026-09-17 18:04:39 INFO Push complete
2026-09-17 18:04:39 INFO Change detected: 18:02:13/opt/dsf/sd/sys/ (project.txt.tmp.170692.23ec219f37ad CREATE)
2026-09-17 18:04:39 INFO Push started
2026-09-17 18:04:40 INFO Synced /opt/dsf/sd/sys
2026-09-17 18:04:41 INFO Synced /opt/dsf/sd/macros
2026-09-17 18:04:41 INFO Push complete
2026-09-17 18:04:41 INFO Change detected: 18:02:13/opt/dsf/sd/sys/ (project.txt.tmp.170692.23ec219f37ad CLOSE_WRITE,CLOSE)
2026-09-17 18:04:41 INFO Push started
2026-09-17 18:04:42 INFO Synced /opt/dsf/sd/sys
2026-09-17 18:04:43 INFO Synced /opt/dsf/sd/macros
2026-09-17 18:04:43 INFO Push complete
2026-09-17 18:04:43 INFO Change detected: 18:02:13/opt/dsf/sd/sys/ (project.txt MOVED_TO)
2026-09-17 18:04:43 INFO Push started
2026-09-17 18:04:44 INFO Synced /opt/dsf/sd/sys
2026-09-17 18:04:45 INFO Synced /opt/dsf/sd/macros
2026-09-17 18:04:45 INFO Push complete
2026-09-17 18:04:45 INFO Change detected: 18:02:15/opt/dsf/sd/sys/ (project.txt.tmp.170692.d61d057c0cf8 CREATE)
2026-09-17 18:04:45 INFO Push started
2026-09-17 18:04:46 INFO Synced /opt/dsf/sd/sys
2026-09-17 18:04:47 INFO Synced /opt/dsf/sd/macros
2026-09-17 18:04:47 INFO Push complete
2026-09-17 18:04:47 INFO Change detected: 18:02:15/opt/dsf/sd/sys/ (project.txt.tmp.170692.d61d057c0cf8 CLOSE_WRITE,CLOSE)
2026-09-17 18:04:47 INFO Push started
2026-09-17 18:04:47 INFO Synced /opt/dsf/sd/sys
2026-09-17 18:04:48 INFO Synced /opt/dsf/sd/macros
2026-09-17 18:04:48 INFO Push complete
2026-09-17 18:04:48 INFO Change detected: 18:02:15/opt/dsf/sd/sys/ (project.txt MOVED_TO)
2026-09-17 18:04:48 INFO Push started
2026-09-17 18:04:49 INFO Synced /opt/dsf/sd/sys
2026-09-17 18:04:50 INFO Synced /opt/dsf/sd/macros
2026-09-17 18:04:50 INFO Push complete
2026-09-17 18:04:50 INFO Change detected: 18:02:16/opt/dsf/sd/sys/ (project.txt.tmp.170692.f8e022741097 CREATE)
2026-09-17 18:04:50 INFO Push started
2026-09-17 18:04:51 INFO Synced /opt/dsf/sd/sys
2026-09-17 18:04:52 INFO Synced /opt/dsf/sd/macros
2026-09-17 18:04:52 INFO Push complete
2026-09-17 18:04:52 INFO Change detected: 18:02:16/opt/dsf/sd/sys/ (project.txt.tmp.170692.f8e022741097 CLOSE_WRITE,CLOSE)
2026-09-17 18:04:52 INFO Push started
2026-09-17 18:04:53 INFO Synced /opt/dsf/sd/sys
2026-09-17 18:04:54 INFO Synced /opt/dsf/sd/macros
2026-09-17 18:04:54 INFO Push complete
2026-09-17 18:04:54 INFO Change detected: 18:02:16/opt/dsf/sd/sys/ (project.txt MOVED_TO)
2026-09-17 18:04:54 INFO Push started
2026-09-17 18:04:55 INFO Synced /opt/dsf/sd/sys
2026-09-17 18:04:56 INFO Synced /opt/dsf/sd/macros
2026-09-17 18:04:56 INFO Push complete
2026-09-17 18:04:56 INFO Change detected: 18:02:31/opt/dsf/sd/sys/ (project-long.txt.tmp.170692.aefdac74037b CREATE)
2026-09-17 18:04:56 INFO Push started
2026-09-17 18:05:06 INFO Synced /opt/dsf/sd/sys
2026-09-17 18:05:07 INFO Synced /opt/dsf/sd/macros
2026-09-17 18:05:07 INFO Push complete
2026-09-17 18:05:07 INFO Change detected: 18:02:31/opt/dsf/sd/sys/ (project-long.txt.tmp.170692.aefdac74037b CLOSE_WRITE,CLOSE)
2026-09-17 18:05:07 INFO Push started
2026-09-17 18:05:10 INFO Synced /opt/dsf/sd/sys
2026-09-17 18:05:44 INFO Synced /opt/dsf/sd/macros
2026-09-17 18:05:44 INFO Push complete
2026-09-17 18:05:44 INFO Change detected: 18:02:31/opt/dsf/sd/sys/ (project-long.txt MOVED_TO)
2026-09-17 18:05:44 INFO Push started
2026-09-17 18:05:45 INFO Synced /opt/dsf/sd/sys
2026-09-17 18:05:46 INFO Synced /opt/dsf/sd/macros
2026-09-17 18:05:46 INFO Push complete
2026-09-17 18:05:46 INFO Change detected: 18:02:41/opt/dsf/sd/sys/ (project.txt.tmp.170692.2ce011585eef CREATE)
2026-09-17 18:05:46 INFO Push started
2026-09-17 18:05:47 INFO Synced /opt/dsf/sd/sys
2026-09-17 18:05:48 INFO Synced /opt/dsf/sd/macros
2026-09-17 18:05:48 INFO Push complete
2026-09-17 18:05:48 INFO Change detected: 18:02:41/opt/dsf/sd/sys/ (project.txt.tmp.170692.2ce011585eef CLOSE_WRITE,CLOSE)
2026-09-17 18:05:48 INFO Push started
2026-09-17 18:05:49 INFO Synced /opt/dsf/sd/sys
2026-09-17 18:05:49 INFO Synced /opt/dsf/sd/macros
2026-09-17 18:05:49 INFO Push complete
2026-09-17 18:05:49 INFO Change detected: 18:02:41/opt/dsf/sd/sys/ (project.txt MOVED_TO)
2026-09-17 18:05:49 INFO Push started
2026-09-17 18:05:50 INFO Synced /opt/dsf/sd/sys
2026-09-17 18:05:51 INFO Synced /opt/dsf/sd/macros
2026-09-17 18:05:51 INFO Push complete
2026-09-17 18:19:32 INFO Change detected: 18:19:32/opt/dsf/sd/sys/ (project.txt.tmp.170692.cf03110f7c3a CREATE)
2026-09-17 18:19:32 INFO Push started
2026-09-17 18:19:39 INFO   project.txt: Copied (new)
2026-09-17 18:19:39 INFO Synced /opt/dsf/sd/sys
2026-09-17 18:19:40 INFO Synced /opt/dsf/sd/macros
2026-09-17 18:19:40 INFO Push complete
2026-09-17 18:19:40 INFO Change detected: 18:19:32/opt/dsf/sd/sys/ (project.txt.tmp.170692.cf03110f7c3a CLOSE_WRITE,CLOSE)
2026-09-17 18:19:40 INFO Push started
2026-09-17 18:19:41 INFO Synced /opt/dsf/sd/sys
2026-09-17 18:19:42 INFO Synced /opt/dsf/sd/macros
2026-09-17 18:19:42 INFO Push complete
2026-09-17 18:19:42 INFO Change detected: 18:19:32/opt/dsf/sd/sys/ (project.txt MOVED_TO)
2026-09-17 18:19:42 INFO Push started
2026-09-17 18:19:43 INFO Synced /opt/dsf/sd/sys
2026-09-17 18:19:44 INFO Synced /opt/dsf/sd/macros
2026-09-17 18:19:44 INFO Push complete
2026-09-17 18:19:44 INFO Change detected: 18:19:34/opt/dsf/sd/sys/ (project.txt.tmp.170692.73bbb45d9e4f CREATE)
2026-09-17 18:19:44 INFO Push started
2026-09-17 18:19:45 INFO Synced /opt/dsf/sd/sys
2026-09-17 18:19:46 INFO Synced /opt/dsf/sd/macros
2026-09-17 18:19:46 INFO Push complete
2026-09-17 18:19:46 INFO Change detected: 18:19:34/opt/dsf/sd/sys/ (project.txt.tmp.170692.73bbb45d9e4f CLOSE_WRITE,CLOSE)
2026-09-17 18:19:46 INFO Push started
2026-09-17 18:19:47 INFO Synced /opt/dsf/sd/sys
2026-09-17 18:19:48 INFO Synced /opt/dsf/sd/macros
2026-09-17 18:19:48 INFO Push complete
2026-09-17 18:19:48 INFO Change detected: 18:19:34/opt/dsf/sd/sys/ (project.txt MOVED_TO)
2026-09-17 18:19:48 INFO Push started
2026-09-17 18:19:49 INFO Synced /opt/dsf/sd/sys
2026-09-17 18:19:50 INFO Synced /opt/dsf/sd/macros
2026-09-17 18:19:50 INFO Push complete
2026-09-17 18:20:07 INFO Change detected: 18:20:07/opt/dsf/sd/sys/ (project.txt.tmp.170692.f063eed7fe89 CREATE)
2026-09-17 18:20:07 INFO Push started
2026-09-17 18:21:48 INFO   project.txt: Copied (replaced existing)
2026-09-17 18:21:48 INFO Synced /opt/dsf/sd/sys
2026-09-17 18:21:48 INFO Synced /opt/dsf/sd/macros
2026-09-17 18:21:48 INFO Push complete
2026-09-17 18:21:48 INFO Change detected: 18:20:07/opt/dsf/sd/sys/ (project.txt.tmp.170692.f063eed7fe89 CLOSE_WRITE,CLOSE)
2026-09-17 18:21:48 INFO Push started
2026-09-17 18:21:49 INFO Synced /opt/dsf/sd/sys
2026-09-17 18:21:50 INFO Synced /opt/dsf/sd/macros
2026-09-17 18:21:50 INFO Push complete
2026-09-17 18:21:50 INFO Change detected: 18:20:07/opt/dsf/sd/sys/ (project.txt MOVED_TO)
2026-09-17 18:21:50 INFO Push started
2026-09-17 18:21:51 INFO Synced /opt/dsf/sd/sys
2026-09-17 18:21:52 INFO Synced /opt/dsf/sd/macros
2026-09-17 18:21:52 INFO Push complete
2026-09-17 18:24:33 INFO Change detected: 18:24:33/opt/dsf/sd/sys/ (project.txt.tmp.170692.986997c05520 CREATE)
2026-09-17 18:24:33 INFO Push started
2026-09-17 18:24:36 INFO   project.txt: Copied (replaced existing)
2026-09-17 18:24:36 INFO Synced /opt/dsf/sd/sys
2026-09-17 18:24:37 INFO Synced /opt/dsf/sd/macros
2026-09-17 18:24:37 INFO Push complete
2026-09-17 18:24:37 INFO Change detected: 18:24:33/opt/dsf/sd/sys/ (project.txt.tmp.170692.986997c05520 CLOSE_WRITE,CLOSE)
2026-09-17 18:24:37 INFO Push started
2026-09-17 18:24:39 INFO   project-long.txt: Copied (replaced existing)
2026-09-17 18:24:39 INFO Synced /opt/dsf/sd/sys
2026-09-17 18:24:40 INFO Synced /opt/dsf/sd/macros
2026-09-17 18:24:40 INFO Push complete
2026-09-17 18:24:40 INFO Change detected: 18:24:33/opt/dsf/sd/sys/ (project.txt MOVED_TO)
2026-09-17 18:24:40 INFO Push started
2026-09-17 18:24:41 INFO Synced /opt/dsf/sd/sys
2026-09-17 18:24:42 INFO Synced /opt/dsf/sd/macros
2026-09-17 18:24:42 INFO Push complete
2026-09-17 18:24:42 INFO Change detected: 18:24:34/opt/dsf/sd/sys/ (project-long.txt.tmp.170692.0b221b5db3a9 CREATE)
2026-09-17 18:24:42 INFO Push started
2026-09-17 18:24:43 INFO Synced /opt/dsf/sd/sys
2026-09-17 18:24:44 INFO Synced /opt/dsf/sd/macros
2026-09-17 18:24:44 INFO Push complete
2026-09-17 18:24:44 INFO Change detected: 18:24:34/opt/dsf/sd/sys/ (project-long.txt.tmp.170692.0b221b5db3a9 CLOSE_WRITE,CLOSE)
2026-09-17 18:24:44 INFO Push started
2026-09-17 18:24:45 INFO Synced /opt/dsf/sd/sys
2026-09-17 18:24:46 INFO Synced /opt/dsf/sd/macros
2026-09-17 18:24:46 INFO Push complete
2026-09-17 18:24:46 INFO Change detected: 18:24:34/opt/dsf/sd/sys/ (project-long.txt MOVED_TO)
2026-09-17 18:24:46 INFO Push started
2026-09-17 18:24:47 INFO Synced /opt/dsf/sd/sys
2026-09-17 18:24:48 INFO Synced /opt/dsf/sd/macros
2026-09-17 18:24:48 INFO Push complete
2026-09-17 18:25:43 INFO Change detected: 18:25:43/opt/dsf/sd/sys/ (project.txt.tmp.170692.1cafa915d576 CREATE)
2026-09-17 18:25:43 INFO Push started
2026-09-17 18:25:48 INFO   project.txt: Copied (new)
2026-09-17 18:25:48 INFO Synced /opt/dsf/sd/sys
2026-09-17 18:25:49 INFO Synced /opt/dsf/sd/macros
2026-09-17 18:25:49 INFO Push complete
2026-09-17 18:25:49 INFO Change detected: 18:25:43/opt/dsf/sd/sys/ (project.txt.tmp.170692.1cafa915d576 CLOSE_WRITE,CLOSE)
2026-09-17 18:25:49 INFO Push started
2026-09-17 18:25:50 INFO Synced /opt/dsf/sd/sys
2026-09-17 18:25:51 INFO Synced /opt/dsf/sd/macros
2026-09-17 18:25:51 INFO Push complete
2026-09-17 18:25:51 INFO Change detected: 18:25:43/opt/dsf/sd/sys/ (project.txt MOVED_TO)
2026-09-17 18:25:51 INFO Push started
2026-09-17 18:25:52 INFO Synced /opt/dsf/sd/sys
2026-09-17 18:25:53 INFO Synced /opt/dsf/sd/macros
2026-09-17 18:25:53 INFO Push complete
2026-09-17 18:25:53 INFO Change detected: 18:25:44/opt/dsf/sd/sys/ (project.txt.tmp.170692.dc5307293528 CREATE)
2026-09-17 18:25:53 INFO Push started
2026-09-17 18:25:54 INFO Synced /opt/dsf/sd/sys
2026-09-17 18:25:55 INFO Synced /opt/dsf/sd/macros
2026-09-17 18:25:55 INFO Push complete
2026-09-17 18:25:55 INFO Change detected: 18:25:44/opt/dsf/sd/sys/ (project.txt.tmp.170692.dc5307293528 CLOSE_WRITE,CLOSE)
2026-09-17 18:25:55 INFO Push started
2026-09-17 18:25:56 INFO Synced /opt/dsf/sd/sys
2026-09-17 18:26:45 INFO Synced /opt/dsf/sd/macros
2026-09-17 18:26:45 INFO Push complete
2026-09-17 18:26:45 INFO Change detected: 18:25:44/opt/dsf/sd/sys/ (project.txt MOVED_TO)
2026-09-17 18:26:45 INFO Push started
2026-09-17 18:26:46 INFO Synced /opt/dsf/sd/sys
2026-09-17 18:26:47 INFO Synced /opt/dsf/sd/macros
2026-09-17 18:26:47 INFO Push complete
2026-09-17 18:27:55 INFO Change detected: 18:27:55/opt/dsf/sd/sys/ (printstart.g.tmp.170692.943c937d54a0 CREATE)
2026-09-17 18:27:55 INFO Push started
2026-09-17 18:28:32 INFO   printstart.g: Copied (replaced existing)
2026-09-17 18:28:32 INFO Synced /opt/dsf/sd/sys
2026-09-17 18:28:33 INFO Synced /opt/dsf/sd/macros
2026-09-17 18:28:33 INFO Push complete
2026-09-17 18:28:33 INFO Change detected: 18:27:55/opt/dsf/sd/sys/ (printstart.g.tmp.170692.943c937d54a0 CLOSE_WRITE,CLOSE)
2026-09-17 18:28:33 INFO Push started
2026-09-17 18:28:35 INFO   project.txt: Copied (replaced existing)
2026-09-17 18:28:35 INFO Synced /opt/dsf/sd/sys
2026-09-17 18:28:36 INFO Synced /opt/dsf/sd/macros
2026-09-17 18:28:36 INFO Push complete
2026-09-17 18:28:36 INFO Change detected: 18:27:55/opt/dsf/sd/sys/ (printstart.g MOVED_TO)
2026-09-17 18:28:36 INFO Push started
2026-09-17 18:28:37 INFO Synced /opt/dsf/sd/sys
2026-09-17 18:28:38 INFO Synced /opt/dsf/sd/macros
2026-09-17 18:28:38 INFO Push complete
2026-09-17 18:28:38 INFO Change detected: 18:28:12/opt/dsf/sd/sys/ (project.txt.tmp.170692.a26f44a6e2d3 CREATE)
2026-09-17 18:28:38 INFO Push started
2026-09-17 18:28:39 INFO Synced /opt/dsf/sd/sys
2026-09-17 18:28:40 INFO Synced /opt/dsf/sd/macros
2026-09-17 18:28:40 INFO Push complete
2026-09-17 18:28:40 INFO Change detected: 18:28:12/opt/dsf/sd/sys/ (project.txt.tmp.170692.a26f44a6e2d3 CLOSE_WRITE,CLOSE)
2026-09-17 18:28:40 INFO Push started
2026-09-17 18:28:41 INFO Synced /opt/dsf/sd/sys
2026-09-17 18:28:42 INFO Synced /opt/dsf/sd/macros
2026-09-17 18:28:42 INFO Push complete
2026-09-17 18:28:42 INFO Change detected: 18:28:12/opt/dsf/sd/sys/ (project.txt MOVED_TO)
2026-09-17 18:28:42 INFO Push started
2026-09-17 18:28:43 INFO Synced /opt/dsf/sd/sys
2026-09-17 18:28:44 INFO Synced /opt/dsf/sd/macros
2026-09-17 18:28:44 INFO Push complete
2026-09-17 18:38:47 INFO Change detected: 18:38:47/opt/dsf/sd/sys/ (dwc-settings.json.part CREATE)
2026-09-17 18:38:47 INFO Push started
2026-09-17 18:38:49 INFO   dwc-settings.json: Updated modification time in destination
2026-09-17 18:38:49 INFO Synced /opt/dsf/sd/sys
2026-09-17 18:38:50 INFO Synced /opt/dsf/sd/macros
2026-09-17 18:38:50 INFO Push complete
2026-09-17 18:38:50 INFO Change detected: 18:38:47/opt/dsf/sd/sys/ (dwc-settings.json.part CLOSE_WRITE,CLOSE)
2026-09-17 18:38:50 INFO Push started
2026-09-17 18:38:51 INFO Synced /opt/dsf/sd/sys
2026-09-17 18:38:52 INFO Synced /opt/dsf/sd/macros
2026-09-17 18:38:52 INFO Push complete
2026-09-17 18:38:52 INFO Change detected: 18:38:47/opt/dsf/sd/sys/ (dwc-settings.json MOVED_TO)
2026-09-17 18:38:52 INFO Push started
2026-09-17 18:38:53 INFO Synced /opt/dsf/sd/sys
2026-09-17 18:38:54 INFO Synced /opt/dsf/sd/macros
2026-09-17 18:38:54 INFO Push complete
2026-09-17 18:38:54 INFO Change detected: 18:38:53/opt/dsf/sd/sys/ (dwc-settings.json.part CREATE)
2026-09-17 18:38:54 INFO Push started
2026-09-17 18:38:55 INFO   dwc-settings.json: Updated modification time in destination
2026-09-17 18:38:55 INFO Synced /opt/dsf/sd/sys
2026-09-17 18:38:56 INFO Synced /opt/dsf/sd/macros
2026-09-17 18:38:56 INFO Push complete
2026-09-17 18:38:56 INFO Change detected: 18:38:53/opt/dsf/sd/sys/ (dwc-settings.json.part CLOSE_WRITE,CLOSE)
2026-09-17 18:38:56 INFO Push started
2026-09-17 18:39:31 INFO Synced /opt/dsf/sd/sys
2026-09-17 18:39:33 INFO Synced /opt/dsf/sd/macros
2026-09-17 18:39:33 INFO Push complete
2026-09-17 18:39:33 INFO Change detected: 18:38:53/opt/dsf/sd/sys/ (dwc-settings.json MOVED_TO)
2026-09-17 18:39:33 INFO Push started
2026-09-17 18:39:36 INFO   eventlog.txt: Copied (replaced existing)
2026-09-17 18:39:36 INFO Synced /opt/dsf/sd/sys
2026-09-17 18:39:37 INFO Synced /opt/dsf/sd/macros
2026-09-17 18:39:37 INFO Push complete
2026-09-17 18:39:37 INFO Change detected: 18:39:15/opt/dsf/sd/sys/ (eventlog.txt CLOSE_WRITE,CLOSE)
2026-09-17 18:39:37 INFO Push started
2026-09-17 18:39:38 INFO Synced /opt/dsf/sd/sys
2026-09-17 18:39:39 INFO Synced /opt/dsf/sd/macros
2026-09-17 18:39:39 INFO Push complete
2026-09-17 18:39:39 INFO Change detected: 18:39:20/opt/dsf/sd/sys/duetBackup/ (duetBackup.log CLOSE_WRITE,CLOSE)
2026-09-17 18:39:39 INFO Push started
2026-09-17 18:39:40 INFO Synced /opt/dsf/sd/sys
2026-09-17 18:39:41 INFO Synced /opt/dsf/sd/macros
2026-09-17 18:39:41 INFO Push complete
2026-09-17 18:42:22 INFO Change detected: 18:42:22/opt/dsf/sd/sys/ (eventlog.txt CLOSE_WRITE,CLOSE)
2026-09-17 18:42:22 INFO Push started
2026-09-17 18:42:36 INFO   eventlog.txt: Copied (new)
2026-09-17 18:42:36 INFO Synced /opt/dsf/sd/sys
2026-09-17 18:42:37 INFO Synced /opt/dsf/sd/macros
2026-09-17 18:42:37 INFO Push complete
2026-09-17 18:42:37 INFO Change detected: 18:42:27/opt/dsf/sd/sys/duetBackup/ (duetBackup.log CLOSE_WRITE,CLOSE)
2026-09-17 18:42:37 INFO Push started
2026-09-17 18:42:39 INFO Synced /opt/dsf/sd/sys
2026-09-17 18:42:40 INFO Synced /opt/dsf/sd/macros
2026-09-17 18:42:40 INFO Push complete
2026-09-17 18:51:27 INFO Change detected: 18:51:27/opt/dsf/sd/sys/ (printstart.g.tmp.170692.6c5eeb0c4e53 CREATE)
2026-09-17 18:51:27 INFO Push started
2026-09-17 18:51:30 INFO   printstart.g: Copied (replaced existing)
2026-09-17 18:51:30 INFO Synced /opt/dsf/sd/sys
2026-09-17 18:51:31 INFO Synced /opt/dsf/sd/macros
2026-09-17 18:51:31 INFO Push complete
2026-09-17 18:51:31 INFO Change detected: 18:51:27/opt/dsf/sd/sys/ (printstart.g.tmp.170692.6c5eeb0c4e53 CLOSE_WRITE,CLOSE)
2026-09-17 18:51:31 INFO Push started
2026-09-17 18:51:32 INFO Synced /opt/dsf/sd/sys
2026-09-17 18:51:33 INFO Synced /opt/dsf/sd/macros
2026-09-17 18:51:33 INFO Push complete
2026-09-17 18:51:33 INFO Change detected: 18:51:27/opt/dsf/sd/sys/ (printstart.g MOVED_TO)
2026-09-17 18:51:33 INFO Push started
2026-09-17 18:51:34 INFO Synced /opt/dsf/sd/sys
2026-09-17 18:51:35 INFO Synced /opt/dsf/sd/macros
2026-09-17 18:51:35 INFO Push complete
2026-09-17 18:51:38 INFO Change detected: 18:51:38/opt/dsf/sd/sys/ (homeall.g.tmp.170692.7bc3f055aef5 CREATE)
2026-09-17 18:51:38 INFO Push started
2026-09-17 18:51:43 INFO   homeall.g: Copied (new)
2026-09-17 18:51:43 INFO Synced /opt/dsf/sd/sys
2026-09-17 18:51:44 INFO Synced /opt/dsf/sd/macros
2026-09-17 18:51:44 INFO Push complete
2026-09-17 18:51:44 INFO Change detected: 18:51:38/opt/dsf/sd/sys/ (homeall.g.tmp.170692.7bc3f055aef5 CLOSE_WRITE,CLOSE)
2026-09-17 18:51:44 INFO Push started
2026-09-17 18:51:45 INFO Synced /opt/dsf/sd/sys
2026-09-17 18:51:46 INFO Synced /opt/dsf/sd/macros
2026-09-17 18:51:46 INFO Push complete
2026-09-17 18:51:46 INFO Change detected: 18:51:38/opt/dsf/sd/sys/ (homeall.g MOVED_TO)
2026-09-17 18:51:46 INFO Push started
2026-09-17 18:51:49 INFO   homeall.g: Copied (replaced existing)
2026-09-17 18:51:49 INFO Synced /opt/dsf/sd/sys
2026-09-17 18:51:49 INFO Synced /opt/dsf/sd/macros
2026-09-17 18:51:49 INFO Push complete
2026-09-17 18:51:49 INFO Change detected: 18:51:40/opt/dsf/sd/sys/ (homeall.g.tmp.170692.40fdf0b1f5a9 CREATE)
2026-09-17 18:51:49 INFO Push started
2026-09-17 18:51:50 INFO Synced /opt/dsf/sd/sys
2026-09-17 18:51:51 INFO Synced /opt/dsf/sd/macros
2026-09-17 18:51:51 INFO Push complete
2026-09-17 18:51:51 INFO Change detected: 18:51:40/opt/dsf/sd/sys/ (homeall.g.tmp.170692.40fdf0b1f5a9 CLOSE_WRITE,CLOSE)
2026-09-17 18:51:51 INFO Push started
2026-09-17 18:51:52 INFO Synced /opt/dsf/sd/sys
2026-09-17 18:51:55 INFO Synced /opt/dsf/sd/macros
2026-09-17 18:51:55 INFO Push complete
2026-09-17 18:51:55 INFO Change detected: 18:51:40/opt/dsf/sd/sys/ (homeall.g MOVED_TO)
2026-09-17 18:51:55 INFO Push started
2026-09-17 18:51:55 INFO Synced /opt/dsf/sd/sys
2026-09-17 18:51:56 INFO Synced /opt/dsf/sd/macros
2026-09-17 18:51:56 INFO Push complete
2026-09-17 18:51:56 INFO Change detected: 18:51:46/opt/dsf/sd/sys/ (homeall.g.tmp.170692.9a928733f806 CREATE)
2026-09-17 18:51:56 INFO Push started
2026-09-17 18:51:57 INFO Synced /opt/dsf/sd/sys
2026-09-17 18:52:48 INFO Synced /opt/dsf/sd/macros
2026-09-17 18:52:48 INFO Push complete
2026-09-17 18:52:48 INFO Change detected: 18:51:46/opt/dsf/sd/sys/ (homeall.g.tmp.170692.9a928733f806 CLOSE_WRITE,CLOSE)
2026-09-17 18:52:48 INFO Push started
2026-09-17 18:52:50 INFO   printend.g: Copied (replaced existing)
2026-09-17 18:52:50 INFO Synced /opt/dsf/sd/sys
2026-09-17 18:52:51 INFO Synced /opt/dsf/sd/macros
2026-09-17 18:52:51 INFO Push complete
2026-09-17 18:52:51 INFO Change detected: 18:51:46/opt/dsf/sd/sys/ (homeall.g MOVED_TO)
2026-09-17 18:52:51 INFO Push started
2026-09-17 18:52:52 INFO Synced /opt/dsf/sd/sys
2026-09-17 18:52:53 INFO Synced /opt/dsf/sd/macros
2026-09-17 18:52:53 INFO Push complete
2026-09-17 18:52:53 INFO Change detected: 18:52:42/opt/dsf/sd/sys/ (printend.g.tmp.170692.68584a9b6534 CREATE)
2026-09-17 18:52:53 INFO Push started
2026-09-17 18:52:54 INFO Synced /opt/dsf/sd/sys
2026-09-17 18:52:55 INFO Synced /opt/dsf/sd/macros
2026-09-17 18:52:55 INFO Push complete
2026-09-17 18:52:55 INFO Change detected: 18:52:42/opt/dsf/sd/sys/ (printend.g.tmp.170692.68584a9b6534 CLOSE_WRITE,CLOSE)
2026-09-17 18:52:55 INFO Push started
2026-09-17 18:52:56 INFO Synced /opt/dsf/sd/sys
2026-09-17 18:53:47 INFO Synced /opt/dsf/sd/macros
2026-09-17 18:53:47 INFO Push complete
2026-09-17 18:53:47 INFO Change detected: 18:52:42/opt/dsf/sd/sys/ (printend.g MOVED_TO)
2026-09-17 18:53:47 INFO Push started
2026-09-17 18:53:49 INFO   printend.g: Copied (replaced existing)
2026-09-17 18:53:49 INFO   project.txt: Copied (replaced existing)
2026-09-17 18:53:49 INFO Synced /opt/dsf/sd/sys
2026-09-17 18:53:50 INFO Synced /opt/dsf/sd/macros
2026-09-17 18:53:50 INFO Push complete
2026-09-17 18:53:50 INFO Change detected: 18:52:57/opt/dsf/sd/sys/ (project.txt.tmp.170692.bc3de1e72d14 CREATE)
2026-09-17 18:53:50 INFO Push started
2026-09-17 18:53:51 INFO Synced /opt/dsf/sd/sys
2026-09-17 18:53:52 INFO Synced /opt/dsf/sd/macros
2026-09-17 18:53:52 INFO Push complete
2026-09-17 18:53:52 INFO Change detected: 18:52:57/opt/dsf/sd/sys/ (project.txt.tmp.170692.bc3de1e72d14 CLOSE_WRITE,CLOSE)
2026-09-17 18:53:52 INFO Push started
2026-09-17 18:53:53 INFO Synced /opt/dsf/sd/sys
2026-09-17 18:53:54 INFO Synced /opt/dsf/sd/macros
2026-09-17 18:53:54 INFO Push complete
2026-09-17 18:53:54 INFO Change detected: 18:52:57/opt/dsf/sd/sys/ (project.txt MOVED_TO)
2026-09-17 18:53:54 INFO Push started
2026-09-17 18:53:56 INFO Synced /opt/dsf/sd/sys
2026-09-17 18:53:56 INFO Synced /opt/dsf/sd/macros
2026-09-17 18:53:56 INFO Push complete
2026-09-17 18:53:56 INFO Change detected: 18:53:02/opt/dsf/sd/sys/ (printend.g.tmp.170692.8702ae094c7d CREATE)
2026-09-17 18:53:56 INFO Push started
2026-09-17 18:53:57 INFO Synced /opt/dsf/sd/sys
2026-09-17 18:54:04 INFO Synced /opt/dsf/sd/macros
2026-09-17 18:54:04 INFO Push complete
2026-09-17 18:54:04 INFO Change detected: 18:53:02/opt/dsf/sd/sys/ (printend.g.tmp.170692.8702ae094c7d CLOSE_WRITE,CLOSE)
2026-09-17 18:54:04 INFO Push started
2026-09-17 18:54:30 INFO Synced /opt/dsf/sd/sys
2026-09-17 18:54:31 INFO Synced /opt/dsf/sd/macros
2026-09-17 18:54:31 INFO Push complete
2026-09-17 18:54:31 INFO Change detected: 18:53:02/opt/dsf/sd/sys/ (printend.g MOVED_TO)
2026-09-17 18:54:31 INFO Push started
2026-09-17 18:54:32 INFO Synced /opt/dsf/sd/sys
2026-09-17 18:54:33 INFO Synced /opt/dsf/sd/macros
2026-09-17 18:54:33 INFO Push complete
2026-09-17 18:54:33 INFO Change detected: 18:53:04/opt/dsf/sd/sys/ (project.txt.tmp.170692.76135c709a69 CREATE)
2026-09-17 18:54:33 INFO Push started
2026-09-17 18:54:34 INFO Synced /opt/dsf/sd/sys
2026-09-17 18:54:35 INFO Synced /opt/dsf/sd/macros
2026-09-17 18:54:35 INFO Push complete
2026-09-17 18:54:35 INFO Change detected: 18:53:04/opt/dsf/sd/sys/ (project.txt.tmp.170692.76135c709a69 CLOSE_WRITE,CLOSE)
2026-09-17 18:54:35 INFO Push started
2026-09-17 18:54:36 INFO Synced /opt/dsf/sd/sys
2026-09-17 18:54:37 INFO Synced /opt/dsf/sd/macros
2026-09-17 18:54:37 INFO Push complete
2026-09-17 18:54:37 INFO Change detected: 18:53:04/opt/dsf/sd/sys/ (project.txt MOVED_TO)
2026-09-17 18:54:37 INFO Push started
2026-09-17 18:54:38 INFO Synced /opt/dsf/sd/sys
2026-09-17 18:54:40 INFO Synced /opt/dsf/sd/macros
2026-09-17 18:54:40 INFO Push complete
2026-09-17 19:00:34 INFO Change detected: 19:00:34/opt/dsf/sd/sys/ (project.txt.tmp.170692.31efcc55a38b CREATE)
2026-09-17 19:00:34 INFO Push started
2026-09-17 19:00:37 INFO   project.txt: Copied (replaced existing)
2026-09-17 19:00:37 INFO Synced /opt/dsf/sd/sys
2026-09-17 19:00:38 INFO Synced /opt/dsf/sd/macros
2026-09-17 19:00:38 INFO Push complete
2026-09-17 19:00:38 INFO Change detected: 19:00:34/opt/dsf/sd/sys/ (project.txt.tmp.170692.31efcc55a38b CLOSE_WRITE,CLOSE)
2026-09-17 19:00:38 INFO Push started
2026-09-17 19:00:39 INFO Synced /opt/dsf/sd/sys
2026-09-17 19:00:40 INFO Synced /opt/dsf/sd/macros
2026-09-17 19:00:40 INFO Push complete
2026-09-17 19:00:40 INFO Change detected: 19:00:34/opt/dsf/sd/sys/ (project.txt MOVED_TO)
2026-09-17 19:00:40 INFO Push started
2026-09-17 19:00:42 INFO Synced /opt/dsf/sd/sys
2026-09-17 19:00:43 INFO Synced /opt/dsf/sd/macros
2026-09-17 19:00:43 INFO Push complete
2026-09-17 19:01:06 INFO Change detected: 19:01:06/opt/dsf/sd/sys/ (resurrect.g CREATE)
2026-09-17 19:01:06 INFO Push started
2026-09-17 19:02:47 INFO   resurrect.g: Copied (new)
2026-09-17 19:02:47 INFO   printstart.g: Copied (replaced existing)
2026-09-17 19:02:47 INFO   eventlog.txt: Copied (replaced existing)
2026-09-17 19:02:47 INFO Synced /opt/dsf/sd/sys
2026-09-17 19:02:48 INFO Synced /opt/dsf/sd/macros
2026-09-17 19:02:48 INFO Push complete
2026-09-17 19:02:48 INFO Change detected: 19:01:06/opt/dsf/sd/sys/ (resurrect.g CLOSE_WRITE,CLOSE)
2026-09-17 19:02:48 INFO Push started
2026-09-17 19:02:49 INFO Synced /opt/dsf/sd/sys
2026-09-17 19:02:50 INFO Synced /opt/dsf/sd/macros
2026-09-17 19:02:50 INFO Push complete
2026-09-17 19:02:50 INFO Change detected: 19:02:10/opt/dsf/sd/sys/ (printstart.g.tmp.170692.4a9e8c4f3fa7 CREATE)
2026-09-17 19:02:50 INFO Push started
2026-09-17 19:02:51 INFO Synced /opt/dsf/sd/sys
2026-09-17 19:02:52 INFO Synced /opt/dsf/sd/macros
2026-09-17 19:02:52 INFO Push complete
2026-09-17 19:02:52 INFO Change detected: 19:02:10/opt/dsf/sd/sys/ (printstart.g.tmp.170692.4a9e8c4f3fa7 CLOSE_WRITE,CLOSE)
2026-09-17 19:02:52 INFO Push started
2026-09-17 19:02:53 INFO Synced /opt/dsf/sd/sys
2026-09-17 19:03:27 INFO Synced /opt/dsf/sd/macros
2026-09-17 19:03:27 INFO Push complete
2026-09-17 19:03:27 INFO Change detected: 19:02:10/opt/dsf/sd/sys/ (printstart.g MOVED_TO)
2026-09-17 19:03:27 INFO Push started
2026-09-17 19:03:28 INFO Synced /opt/dsf/sd/sys
2026-09-17 19:03:29 INFO Synced /opt/dsf/sd/macros
2026-09-17 19:03:29 INFO Push complete
2026-09-17 19:04:20 INFO Change detected: 19:04:20/opt/dsf/sd/sys/ (vars.g.tmp.170692.98dbc36cf869 CREATE)
2026-09-17 19:04:20 INFO Push started
2026-09-17 19:04:40 INFO   vars.g: Copied (replaced existing)
2026-09-17 19:04:40 INFO Synced /opt/dsf/sd/sys
2026-09-17 19:04:41 INFO Synced /opt/dsf/sd/macros
2026-09-17 19:04:41 INFO Push complete
2026-09-17 19:04:41 INFO Change detected: 19:04:20/opt/dsf/sd/sys/ (vars.g.tmp.170692.98dbc36cf869 CLOSE_WRITE,CLOSE)
2026-09-17 19:04:41 INFO Push started
2026-09-17 19:04:43 INFO   resume.g: Copied (replaced existing)
2026-09-17 19:04:43 INFO   pause.g: Copied (replaced existing)
2026-09-17 19:04:43 INFO   printend.g: Copied (replaced existing)
2026-09-17 19:04:43 INFO   stop.g: Copied (replaced existing)
2026-09-17 19:04:43 INFO Synced /opt/dsf/sd/sys
2026-09-17 19:04:44 INFO Synced /opt/dsf/sd/macros
2026-09-17 19:04:44 INFO Push complete
2026-09-17 19:04:44 INFO Change detected: 19:04:20/opt/dsf/sd/sys/ (vars.g MOVED_TO)
2026-09-17 19:04:44 INFO Push started
2026-09-17 19:04:45 INFO Synced /opt/dsf/sd/sys
2026-09-17 19:04:46 INFO Synced /opt/dsf/sd/macros
2026-09-17 19:04:46 INFO Push complete
2026-09-17 19:04:46 INFO Change detected: 19:04:22/opt/dsf/sd/sys/ (pause.g.tmp.170692.1ed76bde451c CREATE)
2026-09-17 19:04:46 INFO Push started
2026-09-17 19:04:47 INFO Synced /opt/dsf/sd/sys
2026-09-17 19:04:47 INFO Synced /opt/dsf/sd/macros
2026-09-17 19:04:47 INFO Push complete
2026-09-17 19:04:47 INFO Change detected: 19:04:22/opt/dsf/sd/sys/ (pause.g.tmp.170692.1ed76bde451c CLOSE_WRITE,CLOSE)
2026-09-17 19:04:47 INFO Push started
2026-09-17 19:04:48 INFO Synced /opt/dsf/sd/sys
2026-09-17 19:04:49 INFO Synced /opt/dsf/sd/macros
2026-09-17 19:04:49 INFO Push complete
2026-09-17 19:04:49 INFO Change detected: 19:04:22/opt/dsf/sd/sys/ (pause.g MOVED_TO)
2026-09-17 19:04:49 INFO Push started
2026-09-17 19:04:50 INFO Synced /opt/dsf/sd/sys
2026-09-17 19:04:51 INFO Synced /opt/dsf/sd/macros
2026-09-17 19:04:51 INFO Push complete
2026-09-17 19:04:51 INFO Change detected: 19:04:27/opt/dsf/sd/sys/ (printend.g.tmp.170692.5f26f8de881c CREATE)
2026-09-17 19:04:51 INFO Push started
2026-09-17 19:04:52 INFO Synced /opt/dsf/sd/sys
2026-09-17 19:05:32 INFO Synced /opt/dsf/sd/macros
2026-09-17 19:05:32 INFO Push complete
2026-09-17 19:05:32 INFO Change detected: 19:04:27/opt/dsf/sd/sys/ (printend.g.tmp.170692.5f26f8de881c CLOSE_WRITE,CLOSE)
2026-09-17 19:05:32 INFO Push started
2026-09-17 19:05:34 INFO   project.txt: Copied (replaced existing)
2026-09-17 19:05:34 INFO Synced /opt/dsf/sd/sys
2026-09-17 19:05:35 INFO Synced /opt/dsf/sd/macros
2026-09-17 19:05:35 INFO Push complete
2026-09-17 19:05:35 INFO Change detected: 19:04:27/opt/dsf/sd/sys/ (printend.g MOVED_TO)
2026-09-17 19:05:35 INFO Push started
2026-09-17 19:05:36 INFO Synced /opt/dsf/sd/sys
2026-09-17 19:05:37 INFO Synced /opt/dsf/sd/macros
2026-09-17 19:05:37 INFO Push complete
2026-09-17 19:05:37 INFO Change detected: 19:04:35/opt/dsf/sd/sys/ (resume.g.tmp.170692.b367db1914cc CREATE)
2026-09-17 19:05:37 INFO Push started
2026-09-17 19:05:38 INFO Synced /opt/dsf/sd/sys
2026-09-17 19:05:39 INFO Synced /opt/dsf/sd/macros
2026-09-17 19:05:39 INFO Push complete
2026-09-17 19:05:39 INFO Change detected: 19:04:35/opt/dsf/sd/sys/ (resume.g.tmp.170692.b367db1914cc CLOSE_WRITE,CLOSE)
2026-09-17 19:05:39 INFO Push started
2026-09-17 19:05:40 INFO Synced /opt/dsf/sd/sys
2026-09-17 19:05:41 INFO Synced /opt/dsf/sd/macros
2026-09-17 19:05:41 INFO Push complete
2026-09-17 19:05:41 INFO Change detected: 19:04:35/opt/dsf/sd/sys/ (resume.g MOVED_TO)
2026-09-17 19:05:41 INFO Push started
2026-09-17 19:05:42 INFO Synced /opt/dsf/sd/sys
2026-09-17 19:05:43 INFO Synced /opt/dsf/sd/macros
2026-09-17 19:05:43 INFO Push complete
2026-09-17 19:05:43 INFO Change detected: 19:04:37/opt/dsf/sd/sys/ (stop.g.tmp.170692.6d3e76f041d5 CREATE)
2026-09-17 19:05:43 INFO Push started
2026-09-17 19:05:44 INFO Synced /opt/dsf/sd/sys
2026-09-17 19:05:44 INFO Synced /opt/dsf/sd/macros
2026-09-17 19:05:44 INFO Push complete
2026-09-17 19:05:44 INFO Change detected: 19:04:37/opt/dsf/sd/sys/ (stop.g.tmp.170692.6d3e76f041d5 CLOSE_WRITE,CLOSE)
2026-09-17 19:05:44 INFO Push started
2026-09-17 19:05:45 INFO Synced /opt/dsf/sd/sys
2026-09-17 19:05:46 INFO Synced /opt/dsf/sd/macros
2026-09-17 19:05:46 INFO Push complete
2026-09-17 19:05:46 INFO Change detected: 19:04:37/opt/dsf/sd/sys/ (stop.g MOVED_TO)
2026-09-17 19:05:46 INFO Push started
2026-09-17 19:05:47 INFO Synced /opt/dsf/sd/sys
2026-09-17 19:05:48 INFO Synced /opt/dsf/sd/macros
2026-09-17 19:05:48 INFO Push complete
2026-09-17 19:05:48 INFO Change detected: 19:04:53/opt/dsf/sd/sys/ (project.txt.tmp.170692.ad2188f1f8cc CREATE)
2026-09-17 19:05:48 INFO Push started
2026-09-17 19:05:49 INFO Synced /opt/dsf/sd/sys
2026-09-17 19:05:50 INFO Synced /opt/dsf/sd/macros
2026-09-17 19:05:50 INFO Push complete
2026-09-17 19:05:50 INFO Change detected: 19:04:53/opt/dsf/sd/sys/ (project.txt.tmp.170692.ad2188f1f8cc CLOSE_WRITE,CLOSE)
2026-09-17 19:05:50 INFO Push started
2026-09-17 19:05:51 INFO Synced /opt/dsf/sd/sys
2026-09-17 19:05:52 INFO Synced /opt/dsf/sd/macros
2026-09-17 19:05:52 INFO Push complete
2026-09-17 19:05:52 INFO Change detected: 19:04:53/opt/dsf/sd/sys/ (project.txt MOVED_TO)
2026-09-17 19:05:52 INFO Push started
2026-09-17 19:05:53 INFO Synced /opt/dsf/sd/sys
2026-09-17 19:05:54 INFO Synced /opt/dsf/sd/macros
2026-09-17 19:05:54 INFO Push complete
2026-09-17 19:14:36 INFO Change detected: 19:14:36/opt/dsf/sd/sys/ (dwc-settings.json.part CREATE)
2026-09-17 19:14:36 INFO Push started
2026-09-17 19:14:39 INFO   dwc-settings.json: Copied (replaced existing)
2026-09-17 19:14:39 INFO Synced /opt/dsf/sd/sys
2026-09-17 19:14:40 INFO Synced /opt/dsf/sd/macros
2026-09-17 19:14:40 INFO Push complete
2026-09-17 19:14:40 INFO Change detected: 19:14:36/opt/dsf/sd/sys/ (dwc-settings.json.part CLOSE_WRITE,CLOSE)
2026-09-17 19:14:40 INFO Push started
2026-09-17 19:14:41 INFO Synced /opt/dsf/sd/sys
2026-09-17 19:14:42 INFO Synced /opt/dsf/sd/macros
2026-09-17 19:14:42 INFO Push complete
2026-09-17 19:14:42 INFO Change detected: 19:14:36/opt/dsf/sd/sys/ (dwc-settings.json MOVED_TO)
2026-09-17 19:14:42 INFO Push started
2026-09-17 19:14:43 INFO Synced /opt/dsf/sd/sys
2026-09-17 19:14:43 INFO Synced /opt/dsf/sd/macros
2026-09-17 19:14:43 INFO Push complete
2026-09-17 19:26:42 INFO Change detected: 19:26:42/opt/dsf/sd/sys/ (project.txt.tmp.170692.d318b672a0a1 CREATE)
2026-09-17 19:26:42 INFO Push started
2026-09-17 19:26:45 INFO   project.txt: Copied (replaced existing)
2026-09-17 19:26:45 INFO   eventlog.txt: Copied (replaced existing)
2026-09-17 19:26:45 INFO Synced /opt/dsf/sd/sys
2026-09-17 19:26:46 INFO Synced /opt/dsf/sd/macros
2026-09-17 19:26:46 INFO Push complete
2026-09-17 19:26:46 INFO Change detected: 19:26:42/opt/dsf/sd/sys/ (project.txt.tmp.170692.d318b672a0a1 CLOSE_WRITE,CLOSE)
2026-09-17 19:26:46 INFO Push started
2026-09-17 19:26:47 INFO Synced /opt/dsf/sd/sys
2026-09-17 19:26:47 INFO Synced /opt/dsf/sd/macros
2026-09-17 19:26:47 INFO Push complete
2026-09-17 19:26:47 INFO Change detected: 19:26:42/opt/dsf/sd/sys/ (project.txt MOVED_TO)
2026-09-17 19:26:48 INFO Push started
2026-09-17 19:26:48 INFO Synced /opt/dsf/sd/sys
2026-09-17 19:26:49 INFO Synced /opt/dsf/sd/macros
2026-09-17 19:26:49 INFO Push complete
2026-09-17 19:27:53 INFO Change detected: 19:27:53/opt/dsf/sd/sys/ (project.txt.tmp.170692.f21228f6071c CREATE)
2026-09-17 19:27:53 INFO Push started
2026-09-17 19:27:56 INFO   project.txt: Copied (replaced existing)
2026-09-17 19:27:56 INFO Synced /opt/dsf/sd/sys
2026-09-17 19:27:56 INFO Synced /opt/dsf/sd/macros
2026-09-17 19:27:56 INFO Push complete
2026-09-17 19:27:56 INFO Change detected: 19:27:53/opt/dsf/sd/sys/ (project.txt.tmp.170692.f21228f6071c CLOSE_WRITE,CLOSE)
2026-09-17 19:27:57 INFO Push started
2026-09-17 19:28:46 INFO Synced /opt/dsf/sd/sys
2026-09-17 19:28:47 INFO Synced /opt/dsf/sd/macros
2026-09-17 19:28:47 INFO Push complete
2026-09-17 19:28:47 INFO Change detected: 19:27:53/opt/dsf/sd/sys/ (project.txt MOVED_TO)
2026-09-17 19:28:47 INFO Push started
2026-09-17 19:28:47 INFO Synced /opt/dsf/sd/sys
2026-09-17 19:28:48 INFO Synced /opt/dsf/sd/macros
2026-09-17 19:28:48 INFO Push complete
2026-09-17 19:28:49 INFO Change detected: 19:28:48/opt/dsf/sd/sys/ (project.txt.tmp.170692.7bf2d380aade CREATE)
2026-09-17 19:28:49 INFO Push started
2026-09-17 19:28:51 INFO   project.txt: Copied (replaced existing)
2026-09-17 19:28:51 INFO Synced /opt/dsf/sd/sys
2026-09-17 19:28:52 INFO Synced /opt/dsf/sd/macros
2026-09-17 19:28:52 INFO Push complete
2026-09-17 19:28:52 INFO Change detected: 19:28:49/opt/dsf/sd/sys/ (project.txt.tmp.170692.7bf2d380aade CLOSE_WRITE,CLOSE)
2026-09-17 19:28:52 INFO Push started
2026-09-17 19:28:53 INFO Synced /opt/dsf/sd/sys
2026-09-17 19:28:54 INFO Synced /opt/dsf/sd/macros
2026-09-17 19:28:54 INFO Push complete
2026-09-17 19:28:54 INFO Change detected: 19:28:49/opt/dsf/sd/sys/ (project.txt MOVED_TO)
2026-09-17 19:28:54 INFO Push started
2026-09-17 19:28:54 INFO Synced /opt/dsf/sd/sys
2026-09-17 19:28:55 INFO Synced /opt/dsf/sd/macros
2026-09-17 19:28:55 INFO Push complete
2026-09-17 19:37:46 INFO Change detected: 19:37:46/opt/dsf/sd/sys/ (printstart.g.tmp.170692.85dac2c71746 CREATE)
2026-09-17 19:37:46 INFO Push started
2026-09-17 19:37:48 INFO   printstart.g: Copied (replaced existing)
2026-09-17 19:37:48 INFO Synced /opt/dsf/sd/sys
2026-09-17 19:37:49 INFO Synced /opt/dsf/sd/macros
2026-09-17 19:37:49 INFO Push complete
2026-09-17 19:37:49 INFO Change detected: 19:37:46/opt/dsf/sd/sys/ (printstart.g.tmp.170692.85dac2c71746 CLOSE_WRITE,CLOSE)
2026-09-17 19:37:49 INFO Push started
2026-09-17 19:37:50 INFO Synced /opt/dsf/sd/sys
2026-09-17 19:37:51 INFO Synced /opt/dsf/sd/macros
2026-09-17 19:37:51 INFO Push complete
2026-09-17 19:37:51 INFO Change detected: 19:37:46/opt/dsf/sd/sys/ (printstart.g MOVED_TO)
2026-09-17 19:37:51 INFO Push started
2026-09-17 19:37:52 INFO Synced /opt/dsf/sd/sys
2026-09-17 19:37:53 INFO Synced /opt/dsf/sd/macros
2026-09-17 19:37:53 INFO Push complete
2026-09-17 19:37:54 INFO Change detected: 19:37:54/opt/dsf/sd/sys/ (printstart.g.tmp.170692.eb5cfc880131 CREATE)
2026-09-17 19:37:54 INFO Push started
2026-09-17 19:37:56 INFO   printstart.g: Copied (replaced existing)
2026-09-17 19:37:56 INFO Synced /opt/dsf/sd/sys
2026-09-17 19:38:34 INFO Synced /opt/dsf/sd/macros
2026-09-17 19:38:34 INFO Push complete
2026-09-17 19:38:34 INFO Change detected: 19:37:54/opt/dsf/sd/sys/ (printstart.g.tmp.170692.eb5cfc880131 CLOSE_WRITE,CLOSE)
2026-09-17 19:38:34 INFO Push started
2026-09-17 19:38:36 INFO   project.txt: Copied (replaced existing)
2026-09-17 19:38:36 INFO Synced /opt/dsf/sd/sys
2026-09-17 19:38:39 INFO Synced /opt/dsf/sd/macros
2026-09-17 19:38:39 INFO Push complete
2026-09-17 19:38:39 INFO Change detected: 19:37:54/opt/dsf/sd/sys/ (printstart.g MOVED_TO)
2026-09-17 19:38:39 INFO Push started
2026-09-17 19:38:40 INFO Synced /opt/dsf/sd/sys
2026-09-17 19:38:40 INFO Synced /opt/dsf/sd/macros
2026-09-17 19:38:40 INFO Push complete
2026-09-17 19:38:40 INFO Change detected: 19:38:08/opt/dsf/sd/sys/ (project.txt.tmp.170692.156b60e7c065 CREATE)
2026-09-17 19:38:40 INFO Push started
2026-09-17 19:38:41 INFO Synced /opt/dsf/sd/sys
2026-09-17 19:38:42 INFO Synced /opt/dsf/sd/macros
2026-09-17 19:38:42 INFO Push complete
2026-09-17 19:38:42 INFO Change detected: 19:38:08/opt/dsf/sd/sys/ (project.txt.tmp.170692.156b60e7c065 CLOSE_WRITE,CLOSE)
2026-09-17 19:38:42 INFO Push started
2026-09-17 19:38:43 INFO Synced /opt/dsf/sd/sys
2026-09-17 19:38:44 INFO Synced /opt/dsf/sd/macros
2026-09-17 19:38:44 INFO Push complete
2026-09-17 19:38:44 INFO Change detected: 19:38:08/opt/dsf/sd/sys/ (project.txt MOVED_TO)
2026-09-17 19:38:44 INFO Push started
2026-09-17 19:38:45 INFO Synced /opt/dsf/sd/sys
2026-09-17 19:38:46 INFO Synced /opt/dsf/sd/macros
2026-09-17 19:38:46 INFO Push complete
2026-09-17 20:52:24 INFO Change detected: 20:52:24/opt/dsf/sd/sys/ (stop.g.tmp.170692.c21992f11d95 CREATE)
2026-09-17 20:52:24 INFO Push started
2026-09-17 20:52:28 INFO   stop.g: Copied (replaced existing)
2026-09-17 20:52:28 INFO Synced /opt/dsf/sd/sys
2026-09-17 20:52:29 INFO Synced /opt/dsf/sd/macros
2026-09-17 20:52:29 INFO Push complete
2026-09-17 20:52:29 INFO Change detected: 20:52:24/opt/dsf/sd/sys/ (stop.g.tmp.170692.c21992f11d95 CLOSE_WRITE,CLOSE)
2026-09-17 20:52:29 INFO Push started
2026-09-17 20:52:30 INFO Synced /opt/dsf/sd/sys
2026-09-17 20:52:31 INFO Synced /opt/dsf/sd/macros
2026-09-17 20:52:31 INFO Push complete
2026-09-17 20:52:31 INFO Change detected: 20:52:24/opt/dsf/sd/sys/ (stop.g MOVED_TO)
2026-09-17 20:52:31 INFO Push started
2026-09-17 20:52:34 INFO   cancel.g: Copied (new)
2026-09-17 20:52:34 INFO Synced /opt/dsf/sd/sys
2026-09-17 20:52:35 INFO Synced /opt/dsf/sd/macros
2026-09-17 20:52:35 INFO Push complete
2026-09-17 20:52:35 INFO Change detected: 20:52:31/opt/dsf/sd/sys/ (cancel.g.tmp.170692.3aab8ce471a1 CREATE)
2026-09-17 20:52:35 INFO Push started
2026-09-17 20:52:36 INFO Synced /opt/dsf/sd/sys
2026-09-17 20:52:36 INFO Synced /opt/dsf/sd/macros
2026-09-17 20:52:36 INFO Push complete
2026-09-17 20:52:36 INFO Change detected: 20:52:31/opt/dsf/sd/sys/ (cancel.g.tmp.170692.3aab8ce471a1 CLOSE_WRITE,CLOSE)
2026-09-17 20:52:37 INFO Push started
2026-09-17 20:52:37 INFO Synced /opt/dsf/sd/sys
2026-09-17 20:52:38 INFO Synced /opt/dsf/sd/macros
2026-09-17 20:52:38 INFO Push complete
2026-09-17 20:52:38 INFO Change detected: 20:52:31/opt/dsf/sd/sys/ (cancel.g MOVED_TO)
2026-09-17 20:52:38 INFO Push started
2026-09-17 20:52:39 INFO Synced /opt/dsf/sd/sys
2026-09-17 20:52:40 INFO Synced /opt/dsf/sd/macros
2026-09-17 20:52:40 INFO Push complete
2026-09-17 20:53:30 INFO Change detected: 20:53:30/opt/dsf/sd/sys/ (printend.g.tmp.170692.b04cfaef6ced CREATE)
2026-09-17 20:53:30 INFO Push started
2026-09-17 20:53:32 INFO   printend.g: Copied (replaced existing)
2026-09-17 20:53:32 INFO Synced /opt/dsf/sd/sys
2026-09-17 20:53:33 INFO Synced /opt/dsf/sd/macros
2026-09-17 20:53:33 INFO Push complete
2026-09-17 20:53:33 INFO Change detected: 20:53:30/opt/dsf/sd/sys/ (printend.g.tmp.170692.b04cfaef6ced CLOSE_WRITE,CLOSE)
2026-09-17 20:53:33 INFO Push started
2026-09-17 20:53:36 INFO   cancel.g: Copied (replaced existing)
2026-09-17 20:53:36 INFO Synced /opt/dsf/sd/sys
2026-09-17 20:53:36 INFO Synced /opt/dsf/sd/macros
2026-09-17 20:53:36 INFO Push complete
2026-09-17 20:53:36 INFO Change detected: 20:53:30/opt/dsf/sd/sys/ (printend.g MOVED_TO)
2026-09-17 20:53:36 INFO Push started
2026-09-17 20:53:39 INFO   cancel.g: Copied (replaced existing)
2026-09-17 20:53:39 INFO Synced /opt/dsf/sd/sys
2026-09-17 20:53:40 INFO Synced /opt/dsf/sd/macros
2026-09-17 20:53:40 INFO Push complete
2026-09-17 20:53:40 INFO Change detected: 20:53:32/opt/dsf/sd/sys/ (cancel.g.tmp.170692.d747d75f0f55 CREATE)
2026-09-17 20:53:40 INFO Push started
2026-09-17 20:53:40 INFO Synced /opt/dsf/sd/sys
2026-09-17 20:53:41 INFO Synced /opt/dsf/sd/macros
2026-09-17 20:53:41 INFO Push complete
2026-09-17 20:53:41 INFO Change detected: 20:53:32/opt/dsf/sd/sys/ (cancel.g.tmp.170692.d747d75f0f55 CLOSE_WRITE,CLOSE)
2026-09-17 20:53:41 INFO Push started
2026-09-17 20:53:42 INFO Synced /opt/dsf/sd/sys
2026-09-17 20:53:43 INFO Synced /opt/dsf/sd/macros
2026-09-17 20:53:43 INFO Push complete
2026-09-17 20:53:43 INFO Change detected: 20:53:32/opt/dsf/sd/sys/ (cancel.g MOVED_TO)
2026-09-17 20:53:43 INFO Push started
2026-09-17 20:53:44 INFO Synced /opt/dsf/sd/sys
2026-09-17 20:53:45 INFO Synced /opt/dsf/sd/macros
2026-09-17 20:53:45 INFO Push complete
2026-09-17 20:53:45 INFO Change detected: 20:53:37/opt/dsf/sd/sys/ (cancel.g.tmp.170692.cb9bb05b8198 CREATE)
2026-09-17 20:53:45 INFO Push started
2026-09-17 20:53:46 INFO Synced /opt/dsf/sd/sys
2026-09-17 20:53:47 INFO Synced /opt/dsf/sd/macros
2026-09-17 20:53:47 INFO Push complete
2026-09-17 20:53:47 INFO Change detected: 20:53:37/opt/dsf/sd/sys/ (cancel.g.tmp.170692.cb9bb05b8198 CLOSE_WRITE,CLOSE)
2026-09-17 20:53:47 INFO Push started
2026-09-17 20:53:48 INFO Synced /opt/dsf/sd/sys
2026-09-17 20:53:48 INFO Synced /opt/dsf/sd/macros
2026-09-17 20:53:48 INFO Push complete
2026-09-17 20:53:48 INFO Change detected: 20:53:37/opt/dsf/sd/sys/ (cancel.g MOVED_TO)
2026-09-17 20:53:48 INFO Push started
2026-09-17 20:53:51 INFO   project.txt: Copied (replaced existing)
2026-09-17 20:53:51 INFO Synced /opt/dsf/sd/sys
2026-09-17 20:53:52 INFO Synced /opt/dsf/sd/macros
2026-09-17 20:53:52 INFO Push complete
2026-09-17 20:53:52 INFO Change detected: 20:53:47/opt/dsf/sd/sys/ (project.txt.tmp.170692.8fff42743582 CREATE)
2026-09-17 20:53:52 INFO Push started
2026-09-17 20:53:52 INFO Synced /opt/dsf/sd/sys
2026-09-17 20:53:53 INFO Synced /opt/dsf/sd/macros
2026-09-17 20:53:53 INFO Push complete
2026-09-17 20:53:53 INFO Change detected: 20:53:47/opt/dsf/sd/sys/ (project.txt.tmp.170692.8fff42743582 CLOSE_WRITE,CLOSE)
2026-09-17 20:53:53 INFO Push started
2026-09-17 20:53:54 INFO Synced /opt/dsf/sd/sys
2026-09-17 20:53:55 INFO Synced /opt/dsf/sd/macros
2026-09-17 20:53:55 INFO Push complete
2026-09-17 20:53:55 INFO Change detected: 20:53:47/opt/dsf/sd/sys/ (project.txt MOVED_TO)
2026-09-17 20:53:55 INFO Push started
2026-09-17 20:53:56 INFO Synced /opt/dsf/sd/sys
2026-09-17 20:53:57 INFO Synced /opt/dsf/sd/macros
2026-09-17 20:53:57 INFO Push complete
2026-09-17 20:54:42 INFO Change detected: 20:54:42/opt/dsf/sd/sys/ (printstart.g.tmp.170692.b64249bad29a CREATE)
2026-09-17 20:54:42 INFO Push started
2026-09-17 20:54:44 INFO   printstart.g: Copied (replaced existing)
2026-09-17 20:54:44 INFO Synced /opt/dsf/sd/sys
2026-09-17 20:54:45 INFO Synced /opt/dsf/sd/macros
2026-09-17 20:54:45 INFO Push complete
2026-09-17 20:54:45 INFO Change detected: 20:54:42/opt/dsf/sd/sys/ (printstart.g.tmp.170692.b64249bad29a CLOSE_WRITE,CLOSE)
2026-09-17 20:54:45 INFO Push started
2026-09-17 20:54:58 INFO   printstart.g: Copied (new)
2026-09-17 20:54:58 INFO Synced /opt/dsf/sd/sys
2026-09-17 20:55:48 INFO Synced /opt/dsf/sd/macros
2026-09-17 20:55:48 INFO Push complete
2026-09-17 20:55:48 INFO Change detected: 20:54:42/opt/dsf/sd/sys/ (printstart.g MOVED_TO)
2026-09-17 20:55:48 INFO Push started
2026-09-17 20:55:50 INFO   project.txt: Copied (replaced existing)
2026-09-17 20:55:50 INFO Synced /opt/dsf/sd/sys
2026-09-17 20:55:51 INFO Synced /opt/dsf/sd/macros
2026-09-17 20:55:51 INFO Push complete
2026-09-17 20:55:51 INFO Change detected: 20:54:45/opt/dsf/sd/sys/ (printstart.g.tmp.170692.a644ac58647a CREATE)
2026-09-17 20:55:51 INFO Push started
2026-09-17 20:55:52 INFO Synced /opt/dsf/sd/sys
2026-09-17 20:55:53 INFO Synced /opt/dsf/sd/macros
2026-09-17 20:55:53 INFO Push complete
2026-09-17 20:55:53 INFO Change detected: 20:54:45/opt/dsf/sd/sys/ (printstart.g.tmp.170692.a644ac58647a CLOSE_WRITE,CLOSE)
2026-09-17 20:55:53 INFO Push started
2026-09-17 20:55:54 INFO Synced /opt/dsf/sd/sys
2026-09-17 20:55:55 INFO Synced /opt/dsf/sd/macros
2026-09-17 20:55:55 INFO Push complete
2026-09-17 20:55:55 INFO Change detected: 20:54:45/opt/dsf/sd/sys/ (printstart.g MOVED_TO)
2026-09-17 20:55:55 INFO Push started
2026-09-17 20:55:55 INFO Synced /opt/dsf/sd/sys
2026-09-17 20:56:46 INFO Synced /opt/dsf/sd/macros
2026-09-17 20:56:46 INFO Push complete
2026-09-17 20:56:46 INFO Change detected: 20:54:47/opt/dsf/sd/sys/ (printstart.g.tmp.170692.c44688dd07bd CREATE)
2026-09-17 20:56:46 INFO Push started
2026-09-17 20:56:47 INFO Synced /opt/dsf/sd/sys
2026-09-17 20:56:47 INFO Synced /opt/dsf/sd/macros
2026-09-17 20:56:47 INFO Push complete
2026-09-17 20:56:47 INFO Change detected: 20:54:47/opt/dsf/sd/sys/ (printstart.g.tmp.170692.c44688dd07bd CLOSE_WRITE,CLOSE)
2026-09-17 20:56:47 INFO Push started
2026-09-17 20:56:48 INFO Synced /opt/dsf/sd/sys
2026-09-17 20:56:49 INFO Synced /opt/dsf/sd/macros
2026-09-17 20:56:49 INFO Push complete
2026-09-17 20:56:49 INFO Change detected: 20:54:47/opt/dsf/sd/sys/ (printstart.g MOVED_TO)
2026-09-17 20:56:49 INFO Push started
2026-09-17 20:56:50 INFO Synced /opt/dsf/sd/sys
2026-09-17 20:56:51 INFO Synced /opt/dsf/sd/macros
2026-09-17 20:56:51 INFO Push complete
2026-09-17 20:56:51 INFO Change detected: 20:54:53/opt/dsf/sd/sys/ (project.txt.tmp.170692.825c0de2befe CREATE)
2026-09-17 20:56:51 INFO Push started
2026-09-17 20:56:52 INFO Synced /opt/dsf/sd/sys
2026-09-17 20:56:52 INFO Synced /opt/dsf/sd/macros
2026-09-17 20:56:53 INFO Push complete
2026-09-17 20:56:53 INFO Change detected: 20:54:53/opt/dsf/sd/sys/ (project.txt.tmp.170692.825c0de2befe CLOSE_WRITE,CLOSE)
2026-09-17 20:56:53 INFO Push started
2026-09-17 20:56:53 INFO Synced /opt/dsf/sd/sys
2026-09-17 20:56:54 INFO Synced /opt/dsf/sd/macros
2026-09-17 20:56:54 INFO Push complete
2026-09-17 20:56:54 INFO Change detected: 20:54:53/opt/dsf/sd/sys/ (project.txt MOVED_TO)
2026-09-17 20:56:54 INFO Push started
2026-09-17 20:56:55 INFO Synced /opt/dsf/sd/sys
2026-09-17 20:56:56 INFO Synced /opt/dsf/sd/macros
2026-09-17 20:56:56 INFO Push complete
2026-09-17 21:14:48 INFO Change detected: 21:14:47/opt/dsf/sd/sys/duetBackup/ (duetBackup.log CLOSE_WRITE,CLOSE)
2026-09-17 21:14:48 INFO Push started
2026-09-17 21:14:50 INFO   eventlog.txt: Copied (replaced existing)
2026-09-17 21:14:50 INFO Synced /opt/dsf/sd/sys
2026-09-17 21:14:51 INFO Synced /opt/dsf/sd/macros
2026-09-17 21:14:51 INFO Push complete
2026-09-17 21:15:46 INFO Change detected: 21:15:46/opt/dsf/sd/sys/duetBackup/ (duetBackup.log CLOSE_WRITE,CLOSE)
2026-09-17 21:15:46 INFO Push started
2026-09-17 21:15:47 INFO Synced /opt/dsf/sd/sys
2026-09-17 21:15:48 INFO Synced /opt/dsf/sd/macros
2026-09-17 21:15:48 INFO Push complete
2026-09-17 21:24:37 INFO Change detected: 21:24:37/opt/dsf/sd/sys/ (dwc-settings.json.part CREATE)
2026-09-17 21:24:37 INFO Push started
2026-09-17 21:24:39 INFO   dwc-settings.json: Updated modification time in destination
2026-09-17 21:24:39 INFO   eventlog.txt: Copied (replaced existing)
2026-09-17 21:24:39 INFO Synced /opt/dsf/sd/sys
2026-09-17 21:24:40 INFO Synced /opt/dsf/sd/macros
2026-09-17 21:24:40 INFO Push complete
2026-09-17 21:24:40 INFO Change detected: 21:24:37/opt/dsf/sd/sys/ (dwc-settings.json.part CLOSE_WRITE,CLOSE)
2026-09-17 21:24:40 INFO Push started
2026-09-17 21:24:41 INFO Synced /opt/dsf/sd/sys
2026-09-17 21:24:41 INFO Synced /opt/dsf/sd/macros
2026-09-17 21:24:41 INFO Push complete
2026-09-17 21:24:41 INFO Change detected: 21:24:37/opt/dsf/sd/sys/ (dwc-settings.json MOVED_TO)
2026-09-17 21:24:41 INFO Push started
2026-09-17 21:24:42 INFO Synced /opt/dsf/sd/sys
2026-09-17 21:24:43 INFO Synced /opt/dsf/sd/macros
2026-09-17 21:24:43 INFO Push complete
2026-09-17 21:28:33 INFO Change detected: 21:28:33/opt/dsf/sd/sys/ (dwc-settings.json.part CREATE)
2026-09-17 21:28:34 INFO Push started
2026-09-17 21:28:36 INFO   dwc-settings.json: Copied (replaced existing)
2026-09-17 21:28:36 INFO Synced /opt/dsf/sd/sys
2026-09-17 21:28:37 INFO Synced /opt/dsf/sd/macros
2026-09-17 21:28:37 INFO Push complete
2026-09-17 21:28:37 INFO Change detected: 21:28:34/opt/dsf/sd/sys/ (dwc-settings.json.part CLOSE_WRITE,CLOSE)
2026-09-17 21:28:37 INFO Push started
2026-09-17 21:28:37 INFO Synced /opt/dsf/sd/sys
2026-09-17 21:28:38 INFO Synced /opt/dsf/sd/macros
2026-09-17 21:28:38 INFO Push complete
2026-09-17 21:28:38 INFO Change detected: 21:28:34/opt/dsf/sd/sys/ (dwc-settings.json MOVED_TO)
2026-09-17 21:28:38 INFO Push started
2026-09-17 21:28:39 INFO Synced /opt/dsf/sd/sys
2026-09-17 21:28:40 INFO Synced /opt/dsf/sd/macros
2026-09-17 21:28:40 INFO Push complete
2026-09-18 03:15:46 INFO Change detected: 03:15:46/opt/dsf/sd/sys/duetBackup/ (duetBackup.log CLOSE_WRITE,CLOSE)
2026-09-18 03:15:46 INFO Push started
2026-09-18 03:15:46 INFO Synced /opt/dsf/sd/sys
2026-09-18 03:15:47 INFO Synced /opt/dsf/sd/macros
2026-09-18 03:15:47 INFO Push complete
2026-09-18 03:16:21 INFO Change detected: 03:16:21/opt/dsf/sd/sys/duetBackup/ (duetBackup.log CLOSE_WRITE,CLOSE)
2026-09-18 03:16:21 INFO Push started
2026-09-18 03:16:29 INFO Synced /opt/dsf/sd/sys
2026-09-18 03:16:30 INFO Synced /opt/dsf/sd/macros
2026-09-18 03:16:30 INFO Push complete
2026-09-18 08:53:21 INFO Change detected: 08:53:21/opt/dsf/sd/sys/ (dwc-settings.json.part CREATE)
2026-09-18 08:53:21 INFO Push started
2026-09-18 08:53:40 INFO   dwc-settings.json: Updated modification time in destination
2026-09-18 08:53:40 INFO Synced /opt/dsf/sd/sys
2026-09-18 08:53:40 INFO Synced /opt/dsf/sd/macros
2026-09-18 08:53:40 INFO Push complete
2026-09-18 08:53:41 INFO Change detected: 08:53:21/opt/dsf/sd/sys/ (dwc-settings.json.part CLOSE_WRITE,CLOSE)
2026-09-18 08:53:41 INFO Push started
2026-09-18 08:53:42 INFO   dwc-settings.json: Updated modification time in destination
2026-09-18 08:53:42 INFO Synced /opt/dsf/sd/sys
2026-09-18 08:53:43 INFO Synced /opt/dsf/sd/macros
2026-09-18 08:53:43 INFO Push complete
2026-09-18 08:53:43 INFO Change detected: 08:53:21/opt/dsf/sd/sys/ (dwc-settings.json MOVED_TO)
2026-09-18 08:53:43 INFO Push started
2026-09-18 08:53:44 INFO Synced /opt/dsf/sd/sys
2026-09-18 08:53:44 INFO Synced /opt/dsf/sd/macros
2026-09-18 08:53:44 INFO Push complete
2026-09-18 08:53:44 INFO Change detected: 08:53:22/opt/dsf/sd/sys/ (dwc-settings.json.part CREATE)
2026-09-18 08:53:44 INFO Push started
2026-09-18 08:53:45 INFO Synced /opt/dsf/sd/sys
2026-09-18 08:53:46 INFO Synced /opt/dsf/sd/macros
2026-09-18 08:53:46 INFO Push complete
2026-09-18 08:53:46 INFO Change detected: 08:53:22/opt/dsf/sd/sys/ (dwc-settings.json.part CLOSE_WRITE,CLOSE)
2026-09-18 08:53:46 INFO Push started
2026-09-18 08:53:47 INFO Synced /opt/dsf/sd/sys
2026-09-18 08:53:48 INFO Synced /opt/dsf/sd/macros
2026-09-18 08:53:48 INFO Push complete
2026-09-18 08:53:48 INFO Change detected: 08:53:22/opt/dsf/sd/sys/ (dwc-settings.json MOVED_TO)
2026-09-18 08:53:48 INFO Push started
2026-09-18 08:53:49 INFO Synced /opt/dsf/sd/sys
2026-09-18 08:53:50 INFO Synced /opt/dsf/sd/macros
2026-09-18 08:53:50 INFO Push complete
2026-09-18 08:53:50 INFO Change detected: 08:53:24/opt/dsf/sd/sys/ (dwc-settings.json.part CREATE)
2026-09-18 08:53:50 INFO Push started
2026-09-18 08:53:51 INFO Synced /opt/dsf/sd/sys
2026-09-18 08:53:52 INFO Synced /opt/dsf/sd/macros
2026-09-18 08:53:52 INFO Push complete
2026-09-18 08:53:52 INFO Change detected: 08:53:24/opt/dsf/sd/sys/ (dwc-settings.json.part CLOSE_WRITE,CLOSE)
2026-09-18 08:53:52 INFO Push started
2026-09-18 08:53:53 INFO Synced /opt/dsf/sd/sys
2026-09-18 08:53:53 INFO Synced /opt/dsf/sd/macros
2026-09-18 08:53:53 INFO Push complete
2026-09-18 08:53:53 INFO Change detected: 08:53:24/opt/dsf/sd/sys/ (dwc-settings.json MOVED_TO)
2026-09-18 08:53:53 INFO Push started
2026-09-18 08:53:54 INFO Synced /opt/dsf/sd/sys
2026-09-18 08:53:55 INFO Synced /opt/dsf/sd/macros
2026-09-18 08:53:55 INFO Push complete
2026-09-18 09:16:20 INFO Change detected: 09:16:19/opt/dsf/sd/sys/duetBackup/ (duetBackup.log CLOSE_WRITE,CLOSE)
2026-09-18 09:16:20 INFO Push started
2026-09-18 09:16:29 INFO Synced /opt/dsf/sd/sys
2026-09-18 09:16:30 INFO Synced /opt/dsf/sd/macros
2026-09-18 09:16:30 INFO Push complete
2026-09-18 09:16:54 INFO Change detected: 09:16:54/opt/dsf/sd/sys/duetBackup/ (duetBackup.log CLOSE_WRITE,CLOSE)
2026-09-18 09:16:54 INFO Push started
2026-09-18 09:16:55 INFO Synced /opt/dsf/sd/sys
2026-09-18 09:17:30 INFO Synced /opt/dsf/sd/macros
2026-09-18 09:17:30 INFO Push complete
2026-09-18 11:11:20 INFO Watcher started
2026-09-18 11:11:20 INFO Push started
2026-09-18 11:12:33 INFO Watcher started
2026-09-18 11:12:33 INFO Push started
2026-09-18 11:12:47 INFO   eventlog.txt: Copied (replaced existing)
2026-09-18 11:12:47 INFO Synced /opt/dsf/sd/sys
2026-09-18 11:12:48 INFO Synced /opt/dsf/sd/macros
2026-09-18 11:12:48 INFO Push complete
2026-09-18 11:52:24 INFO Change detected: 11:52:24/opt/dsf/sd/sys/ (dwc-settings.json.part CREATE)
2026-09-18 11:52:24 INFO Push started
2026-09-18 11:52:31 INFO   eventlog.txt: Copied (replaced existing)
2026-09-18 11:52:31 INFO   dwc-settings.json: Copied (replaced existing)
2026-09-18 11:52:31 INFO Synced /opt/dsf/sd/sys
2026-09-18 11:52:32 INFO Synced /opt/dsf/sd/macros
2026-09-18 11:52:32 INFO Push complete
2026-09-18 11:52:32 INFO Change detected: 11:52:24/opt/dsf/sd/sys/ (dwc-settings.json.part CLOSE_WRITE,CLOSE)
2026-09-18 11:52:32 INFO Push started
2026-09-18 11:52:33 INFO Synced /opt/dsf/sd/sys
2026-09-18 11:52:34 INFO Synced /opt/dsf/sd/macros
2026-09-18 11:52:34 INFO Push complete
2026-09-18 11:52:34 INFO Change detected: 11:52:24/opt/dsf/sd/sys/ (dwc-settings.json MOVED_TO)
2026-09-18 11:52:34 INFO Push started
2026-09-18 11:52:35 INFO Synced /opt/dsf/sd/sys
2026-09-18 11:52:37 INFO Synced /opt/dsf/sd/macros
2026-09-18 11:52:37 INFO Push complete
2026-09-18 11:52:37 INFO Change detected: 11:52:25/opt/dsf/sd/sys/ (dwc-settings.json.part CREATE)
2026-09-18 11:52:37 INFO Push started
2026-09-18 11:52:38 INFO Synced /opt/dsf/sd/sys
2026-09-18 11:52:39 INFO Synced /opt/dsf/sd/macros
2026-09-18 11:52:39 INFO Push complete
2026-09-18 11:52:39 INFO Change detected: 11:52:25/opt/dsf/sd/sys/ (dwc-settings.json.part CLOSE_WRITE,CLOSE)
2026-09-18 11:52:39 INFO Push started
2026-09-18 11:52:40 INFO Synced /opt/dsf/sd/sys
2026-09-18 11:52:41 INFO Synced /opt/dsf/sd/macros
2026-09-18 11:52:41 INFO Push complete
2026-09-18 11:52:41 INFO Change detected: 11:52:25/opt/dsf/sd/sys/ (dwc-settings.json MOVED_TO)
2026-09-18 11:52:41 INFO Push started
2026-09-18 11:52:42 INFO Synced /opt/dsf/sd/sys
2026-09-18 11:52:42 INFO Synced /opt/dsf/sd/macros
2026-09-18 11:52:42 INFO Push complete
2026-09-18 11:55:16 INFO Change detected: 11:55:16/opt/dsf/sd/sys/ (eventlog.txt CLOSE_WRITE,CLOSE)
2026-09-18 11:55:16 INFO Push started
2026-09-18 11:55:37 INFO   eventlog.txt: Copied (replaced existing)
2026-09-18 11:55:37 INFO Synced /opt/dsf/sd/sys
2026-09-18 11:55:38 INFO Synced /opt/dsf/sd/macros
2026-09-18 11:55:38 INFO Push complete
2026-09-18 11:55:38 INFO Change detected: 11:55:22/opt/dsf/sd/sys/duetBackup/ (duetBackup.log CLOSE_WRITE,CLOSE)
2026-09-18 11:55:38 INFO Push started
2026-09-18 11:55:38 INFO Synced /opt/dsf/sd/sys
2026-09-18 11:55:39 INFO Synced /opt/dsf/sd/macros
2026-09-18 11:55:39 INFO Push complete
2026-09-18 12:31:42 INFO Change detected: 12:31:42/opt/dsf/sd/sys/ (dwc-settings.json.part CREATE)
2026-09-18 12:31:42 INFO Push started
2026-09-18 12:31:44 INFO   dwc-settings.json: Updated modification time in destination
2026-09-18 12:31:44 INFO   eventlog.txt: Copied (replaced existing)
2026-09-18 12:31:44 INFO Synced /opt/dsf/sd/sys
2026-09-18 12:31:45 INFO Synced /opt/dsf/sd/macros
2026-09-18 12:31:45 INFO Push complete
2026-09-18 12:31:45 INFO Change detected: 12:31:42/opt/dsf/sd/sys/ (dwc-settings.json.part CLOSE_WRITE,CLOSE)
2026-09-18 12:31:45 INFO Push started
2026-09-18 12:31:46 INFO Synced /opt/dsf/sd/sys
2026-09-18 12:31:47 INFO Synced /opt/dsf/sd/macros
2026-09-18 12:31:47 INFO Push complete
2026-09-18 12:31:47 INFO Change detected: 12:31:42/opt/dsf/sd/sys/ (dwc-settings.json MOVED_TO)
2026-09-18 12:31:47 INFO Push started
2026-09-18 12:31:48 INFO Synced /opt/dsf/sd/sys
2026-09-18 12:31:49 INFO Synced /opt/dsf/sd/macros
2026-09-18 12:31:49 INFO Push complete
2026-09-18 12:33:47 INFO Change detected: 12:33:47/opt/dsf/sd/sys/ (config.g CLOSE_WRITE,CLOSE)
2026-09-18 12:33:47 INFO Push started
2026-09-18 12:33:54 INFO   config.g: Copied (replaced existing)
2026-09-18 12:33:54 INFO Synced /opt/dsf/sd/sys
2026-09-18 12:33:55 INFO Synced /opt/dsf/sd/macros
2026-09-18 12:33:55 INFO Push complete
2026-09-18 12:40:12 INFO Change detected: 12:40:12/opt/dsf/sd/sys/ (dwc-settings.json.part CREATE)
2026-09-18 12:40:12 INFO Push started
2026-09-18 12:40:46 INFO   dwc-settings.json: Updated modification time in destination
2026-09-18 12:40:46 INFO Synced /opt/dsf/sd/sys
2026-09-18 12:40:47 INFO Synced /opt/dsf/sd/macros
2026-09-18 12:40:47 INFO Push complete
2026-09-18 12:40:47 INFO Change detected: 12:40:12/opt/dsf/sd/sys/ (dwc-settings.json.part CLOSE_WRITE,CLOSE)
2026-09-18 12:40:47 INFO Push started
2026-09-18 12:40:48 INFO Synced /opt/dsf/sd/sys
2026-09-18 12:40:49 INFO Synced /opt/dsf/sd/macros
2026-09-18 12:40:49 INFO Push complete
2026-09-18 12:40:49 INFO Change detected: 12:40:12/opt/dsf/sd/sys/ (dwc-settings.json MOVED_TO)
2026-09-18 12:40:49 INFO Push started
2026-09-18 12:40:50 INFO Synced /opt/dsf/sd/sys
2026-09-18 12:40:51 INFO Synced /opt/dsf/sd/macros
2026-09-18 12:40:51 INFO Push complete
2026-09-18 12:41:38 INFO Change detected: 12:41:38/opt/dsf/sd/sys/ (dwc-settings.json.part CREATE)
2026-09-18 12:41:38 INFO Push started
2026-09-18 12:41:41 INFO   dwc-settings.json: Copied (replaced existing)
2026-09-18 12:41:41 INFO Synced /opt/dsf/sd/sys
2026-09-18 12:41:42 INFO Synced /opt/dsf/sd/macros
2026-09-18 12:41:42 INFO Push complete
2026-09-18 12:41:42 INFO Change detected: 12:41:38/opt/dsf/sd/sys/ (dwc-settings.json.part CLOSE_WRITE,CLOSE)
2026-09-18 12:41:42 INFO Push started
2026-09-18 12:41:43 INFO Synced /opt/dsf/sd/sys
2026-09-18 12:41:44 INFO Synced /opt/dsf/sd/macros
2026-09-18 12:41:44 INFO Push complete
2026-09-18 12:41:44 INFO Change detected: 12:41:38/opt/dsf/sd/sys/ (dwc-settings.json MOVED_TO)
2026-09-18 12:41:44 INFO Push started
2026-09-18 12:41:45 INFO Synced /opt/dsf/sd/sys
2026-09-18 12:41:46 INFO Synced /opt/dsf/sd/macros
2026-09-18 12:41:46 INFO Push complete
2026-09-18 13:08:13 INFO Change detected: 13:08:13/opt/dsf/sd/sys/ (printstart.g CLOSE_WRITE,CLOSE)
2026-09-18 13:08:13 INFO Push started
2026-09-18 13:08:49 INFO   printstart.g: Copied (replaced existing)
2026-09-18 13:08:49 INFO   eventlog.txt: Copied (replaced existing)
2026-09-18 13:08:49 INFO Synced /opt/dsf/sd/sys
2026-09-18 13:08:50 INFO Synced /opt/dsf/sd/macros
2026-09-18 13:08:50 INFO Push complete
2026-09-18 13:16:00 INFO Change detected: 13:16:00/opt/dsf/sd/sys/ (config.g.tmp.897.f52454af30c5 CREATE)
2026-09-18 13:16:00 INFO Push started
2026-09-18 13:16:53 INFO   config.g: Copied (replaced existing)
2026-09-18 13:16:53 INFO Synced /opt/dsf/sd/sys
2026-09-18 13:17:45 INFO Synced /opt/dsf/sd/macros
2026-09-18 13:17:45 INFO Push complete
2026-09-18 13:17:45 INFO Change detected: 13:16:00/opt/dsf/sd/sys/ (config.g.tmp.897.f52454af30c5 CLOSE_WRITE,CLOSE)
2026-09-18 13:17:45 INFO Push started
2026-09-18 13:17:47 INFO   mesh.g: Copied (replaced existing)
2026-09-18 13:17:47 INFO   eventlog.txt: Copied (replaced existing)
2026-09-18 13:17:47 INFO Synced /opt/dsf/sd/sys
2026-09-18 13:17:48 INFO Synced /opt/dsf/sd/macros
2026-09-18 13:17:48 INFO Push complete
2026-09-18 13:17:48 INFO Change detected: 13:16:00/opt/dsf/sd/sys/ (config.g MOVED_TO)
2026-09-18 13:17:48 INFO Push started
2026-09-18 13:17:49 INFO Synced /opt/dsf/sd/sys
2026-09-18 13:17:50 INFO Synced /opt/dsf/sd/macros
2026-09-18 13:17:50 INFO Push complete
2026-09-18 13:17:50 INFO Change detected: 13:16:16/opt/dsf/sd/sys/ (mesh.g.tmp.897.8271ef0344a6 CREATE)
2026-09-18 13:17:50 INFO Push started
2026-09-18 13:17:50 INFO Synced /opt/dsf/sd/sys
2026-09-18 13:17:51 INFO Synced /opt/dsf/sd/macros
2026-09-18 13:17:51 INFO Push complete
2026-09-18 13:17:51 INFO Change detected: 13:16:16/opt/dsf/sd/sys/ (mesh.g.tmp.897.8271ef0344a6 CLOSE_WRITE,CLOSE)
2026-09-18 13:17:51 INFO Push started
2026-09-18 13:17:52 INFO Synced /opt/dsf/sd/sys
2026-09-18 13:17:54 INFO Synced /opt/dsf/sd/macros
2026-09-18 13:17:54 INFO Push complete
2026-09-18 13:17:54 INFO Change detected: 13:16:16/opt/dsf/sd/sys/ (mesh.g MOVED_TO)
2026-09-18 13:17:54 INFO Push started
2026-09-18 13:17:55 INFO Synced /opt/dsf/sd/sys
2026-09-18 13:18:45 INFO Synced /opt/dsf/sd/macros
2026-09-18 13:18:45 INFO Push complete
2026-09-18 13:18:45 INFO Change detected: 13:16:23/opt/dsf/sd/sys/ (mesh.g.tmp.897.1d28c89cf94e CREATE)
2026-09-18 13:18:45 INFO Push started
2026-09-18 13:18:46 INFO Synced /opt/dsf/sd/sys
2026-09-18 13:18:47 INFO Synced /opt/dsf/sd/macros
2026-09-18 13:18:47 INFO Push complete
2026-09-18 13:18:47 INFO Change detected: 13:16:23/opt/dsf/sd/sys/ (mesh.g.tmp.897.1d28c89cf94e CLOSE_WRITE,CLOSE)
2026-09-18 13:18:47 INFO Push started
2026-09-18 13:18:48 INFO Synced /opt/dsf/sd/sys
2026-09-18 13:18:49 INFO Synced /opt/dsf/sd/macros
2026-09-18 13:18:49 INFO Push complete
2026-09-18 13:18:49 INFO Change detected: 13:16:23/opt/dsf/sd/sys/ (mesh.g MOVED_TO)
2026-09-18 13:18:49 INFO Push started
2026-09-18 13:18:50 INFO Synced /opt/dsf/sd/sys
2026-09-18 13:18:51 INFO Synced /opt/dsf/sd/macros
2026-09-18 13:18:51 INFO Push complete
2026-09-18 13:18:51 INFO Change detected: 13:16:40/opt/dsf/sd/sys/ (eventlog.txt CLOSE_WRITE,CLOSE)
2026-09-18 13:18:51 INFO Push started
2026-09-18 13:18:52 INFO Synced /opt/dsf/sd/sys
2026-09-18 13:18:53 INFO Synced /opt/dsf/sd/macros
2026-09-18 13:18:53 INFO Push complete
2026-09-18 13:18:53 INFO Change detected: 13:16:45/opt/dsf/sd/sys/duetBackup/ (duetBackup.log CLOSE_WRITE,CLOSE)
2026-09-18 13:18:53 INFO Push started
2026-09-18 13:18:54 INFO Synced /opt/dsf/sd/sys
2026-09-18 13:18:55 INFO Synced /opt/dsf/sd/macros
2026-09-18 13:18:55 INFO Push complete
2026-09-18 13:33:17 INFO Change detected: 13:33:17/opt/dsf/sd/sys/ (heightmap.csv CLOSE_WRITE,CLOSE)
2026-09-18 13:33:17 INFO Push started
2026-09-18 13:33:53 INFO   heightmap.csv: Copied (replaced existing)
2026-09-18 13:33:53 INFO Synced /opt/dsf/sd/sys
2026-09-18 13:33:54 INFO Synced /opt/dsf/sd/macros
2026-09-18 13:33:54 INFO Push complete
2026-09-18 13:38:43 INFO Change detected: 13:38:43/opt/dsf/sd/sys/ (heightmap.csv CLOSE_WRITE,CLOSE)
2026-09-18 13:38:43 INFO Push started
2026-09-18 13:38:46 INFO   heightmap.csv: Copied (replaced existing)
2026-09-18 13:38:46 INFO Synced /opt/dsf/sd/sys
2026-09-18 13:38:47 INFO Synced /opt/dsf/sd/macros
2026-09-18 13:38:47 INFO Push complete
2026-09-18 13:45:57 INFO Change detected: 13:45:57/opt/dsf/sd/sys/ (heightmap_bed90_ch50.csv CREATE)
2026-09-18 13:45:57 INFO Push started
2026-09-18 13:46:49 INFO   heightmap_bed90_ch50.csv: Copied (new)
2026-09-18 13:46:49 INFO Synced /opt/dsf/sd/sys
2026-09-18 13:46:50 INFO Synced /opt/dsf/sd/macros
2026-09-18 13:46:50 INFO Push complete
2026-09-18 13:46:50 INFO Change detected: 13:45:57/opt/dsf/sd/sys/ (heightmap_bed90_ch50.csv CLOSE_WRITE,CLOSE)
2026-09-18 13:46:50 INFO Push started
2026-09-18 13:46:52 INFO   printstart.g: Copied (replaced existing)
2026-09-18 13:46:52 INFO   eventlog.txt: Copied (replaced existing)
2026-09-18 13:46:52 INFO Synced /opt/dsf/sd/sys
2026-09-18 13:46:53 INFO Synced /opt/dsf/sd/macros
2026-09-18 13:46:53 INFO Push complete
2026-09-18 13:46:53 INFO Change detected: 13:46:05/opt/dsf/sd/sys/ (printstart.g.tmp.897.423007a2a007 CREATE)
2026-09-18 13:46:53 INFO Push started
2026-09-18 13:46:54 INFO Synced /opt/dsf/sd/sys
2026-09-18 13:46:55 INFO Synced /opt/dsf/sd/macros
2026-09-18 13:46:55 INFO Push complete
2026-09-18 13:46:55 INFO Change detected: 13:46:05/opt/dsf/sd/sys/ (printstart.g.tmp.897.423007a2a007 CLOSE_WRITE,CLOSE)
2026-09-18 13:46:55 INFO Push started
2026-09-18 13:47:46 INFO Synced /opt/dsf/sd/sys
2026-09-18 13:47:47 INFO Synced /opt/dsf/sd/macros
2026-09-18 13:47:47 INFO Push complete
2026-09-18 13:47:47 INFO Change detected: 13:46:05/opt/dsf/sd/sys/ (printstart.g MOVED_TO)
2026-09-18 13:47:47 INFO Push started
2026-09-18 13:47:48 INFO Synced /opt/dsf/sd/sys
2026-09-18 13:47:49 INFO Synced /opt/dsf/sd/macros
2026-09-18 13:47:49 INFO Push complete
2026-09-18 13:58:19 INFO Change detected: 13:58:19/opt/dsf/sd/sys/ (printstart.g.tmp.897.0bf5cdf82dfb CREATE)
2026-09-18 13:58:19 INFO Push started
2026-09-18 13:58:40 INFO   eventlog.txt: Copied (replaced existing)
2026-09-18 13:58:40 INFO   printstart.g: Copied (replaced existing)
2026-09-18 13:58:40 INFO Synced /opt/dsf/sd/sys
2026-09-18 13:58:41 INFO Synced /opt/dsf/sd/macros
2026-09-18 13:58:41 INFO Push complete
2026-09-18 13:58:41 INFO Change detected: 13:58:19/opt/dsf/sd/sys/ (printstart.g.tmp.897.0bf5cdf82dfb CLOSE_WRITE,CLOSE)
2026-09-18 13:58:41 INFO Push started
2026-09-18 13:58:42 INFO Synced /opt/dsf/sd/sys
2026-09-18 13:58:43 INFO Synced /opt/dsf/sd/macros
2026-09-18 13:58:43 INFO Push complete
2026-09-18 13:58:43 INFO Change detected: 13:58:19/opt/dsf/sd/sys/ (printstart.g MOVED_TO)
2026-09-18 13:58:43 INFO Push started
2026-09-18 13:58:44 INFO Synced /opt/dsf/sd/sys
2026-09-18 13:58:45 INFO Synced /opt/dsf/sd/macros
2026-09-18 13:58:45 INFO Push complete
2026-09-18 13:58:45 INFO Change detected: 13:58:26/opt/dsf/sd/sys/ (printstart.g.tmp.897.0bb6a586fbc9 CREATE)
2026-09-18 13:58:45 INFO Push started
2026-09-18 13:58:46 INFO Synced /opt/dsf/sd/sys
2026-09-18 13:58:47 INFO Synced /opt/dsf/sd/macros
2026-09-18 13:58:47 INFO Push complete
2026-09-18 13:58:47 INFO Change detected: 13:58:26/opt/dsf/sd/sys/ (printstart.g.tmp.897.0bb6a586fbc9 CLOSE_WRITE,CLOSE)
2026-09-18 13:58:47 INFO Push started
2026-09-18 13:58:49 INFO Synced /opt/dsf/sd/sys
2026-09-18 13:58:50 INFO Synced /opt/dsf/sd/macros
2026-09-18 13:58:50 INFO Push complete
2026-09-18 13:58:50 INFO Change detected: 13:58:26/opt/dsf/sd/sys/ (printstart.g MOVED_TO)
2026-09-18 13:58:50 INFO Push started
2026-09-18 13:58:51 INFO Synced /opt/dsf/sd/sys
2026-09-18 13:58:52 INFO Synced /opt/dsf/sd/macros
2026-09-18 13:58:52 INFO Push complete
2026-09-18 14:17:26 INFO Change detected: 14:17:26/opt/dsf/sd/sys/ (config.g.tmp.897.51510951409e CREATE)
2026-09-18 14:17:26 INFO Push started
2026-09-18 14:17:29 INFO   eventlog.txt: Copied (replaced existing)
2026-09-18 14:17:29 INFO   config.g: Copied (replaced existing)
2026-09-18 14:17:29 INFO Synced /opt/dsf/sd/sys
2026-09-18 14:17:30 INFO Synced /opt/dsf/sd/macros
2026-09-18 14:17:30 INFO Push complete
2026-09-18 14:17:30 INFO Change detected: 14:17:26/opt/dsf/sd/sys/ (config.g.tmp.897.51510951409e CLOSE_WRITE,CLOSE)
2026-09-18 14:17:30 INFO Push started
2026-09-18 14:17:31 INFO Synced /opt/dsf/sd/sys
2026-09-18 14:17:32 INFO Synced /opt/dsf/sd/macros
2026-09-18 14:17:32 INFO Push complete
2026-09-18 14:17:32 INFO Change detected: 14:17:26/opt/dsf/sd/sys/ (config.g MOVED_TO)
2026-09-18 14:17:32 INFO Push started
2026-09-18 14:17:33 INFO Synced /opt/dsf/sd/sys
2026-09-18 14:17:33 INFO Synced /opt/dsf/sd/macros
2026-09-18 14:17:33 INFO Push complete
2026-09-18 14:17:37 INFO Change detected: 14:17:37/opt/dsf/sd/sys/ (mesh.g.tmp.897.35674a0690d7 CREATE)
2026-09-18 14:17:37 INFO Push started
2026-09-18 14:17:42 INFO   mesh.g: Copied (new)
2026-09-18 14:17:42 INFO Synced /opt/dsf/sd/sys
2026-09-18 14:17:43 INFO Synced /opt/dsf/sd/macros
2026-09-18 14:17:43 INFO Push complete
2026-09-18 14:17:43 INFO Change detected: 14:17:37/opt/dsf/sd/sys/ (mesh.g.tmp.897.35674a0690d7 CLOSE_WRITE,CLOSE)
2026-09-18 14:17:43 INFO Push started
2026-09-18 14:17:44 INFO Synced /opt/dsf/sd/sys
2026-09-18 14:17:45 INFO Synced /opt/dsf/sd/macros
2026-09-18 14:17:45 INFO Push complete
2026-09-18 14:17:45 INFO Change detected: 14:17:37/opt/dsf/sd/sys/ (mesh.g MOVED_TO)
2026-09-18 14:17:45 INFO Push started
2026-09-18 14:17:46 INFO Synced /opt/dsf/sd/sys
2026-09-18 14:17:46 INFO Synced /opt/dsf/sd/macros
2026-09-18 14:17:46 INFO Push complete
2026-09-18 14:17:46 INFO Change detected: 14:17:38/opt/dsf/sd/sys/ (mesh.g.tmp.897.fb7d9ab6e262 CREATE)
2026-09-18 14:17:46 INFO Push started
2026-09-18 14:17:47 INFO Synced /opt/dsf/sd/sys
2026-09-18 14:17:48 INFO Synced /opt/dsf/sd/macros
2026-09-18 14:17:48 INFO Push complete
2026-09-18 14:17:48 INFO Change detected: 14:17:38/opt/dsf/sd/sys/ (mesh.g.tmp.897.fb7d9ab6e262 CLOSE_WRITE,CLOSE)
2026-09-18 14:17:48 INFO Push started
2026-09-18 14:17:49 INFO Synced /opt/dsf/sd/sys
2026-09-18 14:17:50 INFO Synced /opt/dsf/sd/macros
2026-09-18 14:17:50 INFO Push complete
2026-09-18 14:17:50 INFO Change detected: 14:17:38/opt/dsf/sd/sys/ (mesh.g MOVED_TO)
2026-09-18 14:17:50 INFO Push started
2026-09-18 14:17:51 INFO Synced /opt/dsf/sd/sys
2026-09-18 14:17:52 INFO Synced /opt/dsf/sd/macros
2026-09-18 14:17:52 INFO Push complete
2026-09-18 14:17:54 INFO Change detected: 14:17:54/opt/dsf/sd/sys/ (eventlog.txt CLOSE_WRITE,CLOSE)
2026-09-18 14:17:54 INFO Push started
2026-09-18 14:18:48 INFO   eventlog.txt: Copied (replaced existing)
2026-09-18 14:18:48 INFO Synced /opt/dsf/sd/sys
2026-09-18 14:18:48 INFO Synced /opt/dsf/sd/macros
2026-09-18 14:18:48 INFO Push complete
2026-09-18 14:18:48 INFO Change detected: 14:18:15/opt/dsf/sd/sys/duetBackup/ (duetBackup.log CLOSE_WRITE,CLOSE)
2026-09-18 14:18:48 INFO Push started
2026-09-18 14:18:49 INFO Synced /opt/dsf/sd/sys
2026-09-18 14:18:50 INFO Synced /opt/dsf/sd/macros
2026-09-18 14:18:50 INFO Push complete
2026-09-18 14:28:24 INFO Change detected: 14:28:24/opt/dsf/sd/sys/ (resurrect.g CREATE)
2026-09-18 14:28:24 INFO Push started
2026-09-18 14:28:28 INFO   resurrect.g: Copied (replaced existing)
2026-09-18 14:28:28 INFO   eventlog.txt: Copied (replaced existing)
2026-09-18 14:28:28 INFO Synced /opt/dsf/sd/sys
2026-09-18 14:28:29 INFO Synced /opt/dsf/sd/macros
2026-09-18 14:28:29 INFO Push complete
2026-09-18 14:28:29 INFO Change detected: 14:28:24/opt/dsf/sd/sys/ (resurrect.g CLOSE_WRITE,CLOSE)
2026-09-18 14:28:29 INFO Push started
2026-09-18 14:28:30 INFO Synced /opt/dsf/sd/sys
2026-09-18 14:28:33 INFO Synced /opt/dsf/sd/macros
2026-09-18 14:28:33 INFO Push complete
2026-09-18 15:17:27 INFO Change detected: 15:17:26/opt/dsf/sd/sys/duetBackup/ (duetBackup.log CLOSE_WRITE,CLOSE)
2026-09-18 15:17:27 INFO Push started
2026-09-18 15:17:29 INFO   eventlog.txt: Copied (replaced existing)
2026-09-18 15:17:29 INFO Synced /opt/dsf/sd/sys
2026-09-18 15:17:30 INFO Synced /opt/dsf/sd/macros
2026-09-18 15:17:30 INFO Push complete
2026-09-18 15:18:09 INFO Change detected: 15:18:08/opt/dsf/sd/sys/duetBackup/ (duetBackup.log CLOSE_WRITE,CLOSE)
2026-09-18 15:18:09 INFO Push started
2026-09-18 15:18:43 INFO Synced /opt/dsf/sd/sys
2026-09-18 15:18:44 INFO Synced /opt/dsf/sd/macros
2026-09-18 15:18:44 INFO Push complete
2026-09-18 15:32:42 INFO Change detected: 15:32:42/opt/dsf/sd/sys/ (config.g.tmp.897.51615841e2bf CREATE)
2026-09-18 15:32:42 INFO Push started
2026-09-18 15:32:44 INFO   config.g: Copied (replaced existing)
2026-09-18 15:32:44 INFO   eventlog.txt: Copied (replaced existing)
2026-09-18 15:32:44 INFO Synced /opt/dsf/sd/sys
2026-09-18 15:32:45 INFO Synced /opt/dsf/sd/macros
2026-09-18 15:32:45 INFO Push complete
2026-09-18 15:32:45 INFO Change detected: 15:32:42/opt/dsf/sd/sys/ (config.g.tmp.897.51615841e2bf CLOSE_WRITE,CLOSE)
2026-09-18 15:32:45 INFO Push started
2026-09-18 15:32:46 INFO Synced /opt/dsf/sd/sys
2026-09-18 15:32:47 INFO Synced /opt/dsf/sd/macros
2026-09-18 15:32:47 INFO Push complete
2026-09-18 15:32:47 INFO Change detected: 15:32:42/opt/dsf/sd/sys/ (config.g MOVED_TO)
2026-09-18 15:32:47 INFO Push started
2026-09-18 15:32:48 INFO Synced /opt/dsf/sd/sys
2026-09-18 15:32:49 INFO Synced /opt/dsf/sd/macros
2026-09-18 15:32:49 INFO Push complete
2026-09-18 15:40:46 INFO Change detected: 15:40:46/opt/dsf/sd/sys/ (dwc-settings.json.part CREATE)
2026-09-18 15:40:46 INFO Push started
2026-09-18 15:40:48 INFO   dwc-settings.json: Updated modification time in destination
2026-09-18 15:40:48 INFO Synced /opt/dsf/sd/sys
2026-09-18 15:40:49 INFO Synced /opt/dsf/sd/macros
2026-09-18 15:40:49 INFO Push complete
2026-09-18 15:40:49 INFO Change detected: 15:40:46/opt/dsf/sd/sys/ (dwc-settings.json.part CLOSE_WRITE,CLOSE)
2026-09-18 15:40:49 INFO Push started
2026-09-18 15:40:49 INFO Synced /opt/dsf/sd/sys
2026-09-18 15:40:50 INFO Synced /opt/dsf/sd/macros
2026-09-18 15:40:50 INFO Push complete
2026-09-18 15:40:50 INFO Change detected: 15:40:46/opt/dsf/sd/sys/ (dwc-settings.json MOVED_TO)
2026-09-18 15:40:50 INFO Push started
2026-09-18 15:40:51 INFO Synced /opt/dsf/sd/sys
2026-09-18 15:40:52 INFO Synced /opt/dsf/sd/macros
2026-09-18 15:40:52 INFO Push complete
2026-09-18 15:42:13 INFO Change detected: 15:42:13/opt/dsf/sd/sys/ (dwc-settings.json.part CREATE)
2026-09-18 15:42:13 INFO Push started
2026-09-18 15:42:47 INFO   dwc-settings.json: Updated modification time in destination
2026-09-18 15:42:47 INFO Synced /opt/dsf/sd/sys
2026-09-18 15:42:48 INFO Synced /opt/dsf/sd/macros
2026-09-18 15:42:48 INFO Push complete
2026-09-18 15:42:48 INFO Change detected: 15:42:13/opt/dsf/sd/sys/ (dwc-settings.json.part CLOSE_WRITE,CLOSE)
2026-09-18 15:42:48 INFO Push started
2026-09-18 15:42:48 INFO Synced /opt/dsf/sd/sys
2026-09-18 15:42:49 INFO Synced /opt/dsf/sd/macros
2026-09-18 15:42:49 INFO Push complete
2026-09-18 15:42:49 INFO Change detected: 15:42:13/opt/dsf/sd/sys/ (dwc-settings.json MOVED_TO)
2026-09-18 15:42:49 INFO Push started
2026-09-18 15:42:50 INFO Synced /opt/dsf/sd/sys
2026-09-18 15:42:51 INFO Synced /opt/dsf/sd/macros
2026-09-18 15:42:51 INFO Push complete
2026-09-18 16:05:18 INFO Change detected: 16:05:18/opt/dsf/sd/sys/ (resurrect.g CREATE)
2026-09-18 16:05:18 INFO Push started
2026-09-18 16:05:39 INFO   resurrect.g: Copied (replaced existing)
2026-09-18 16:05:39 INFO   eventlog.txt: Copied (replaced existing)
2026-09-18 16:05:39 INFO Synced /opt/dsf/sd/sys
2026-09-18 16:05:40 INFO Synced /opt/dsf/sd/macros
2026-09-18 16:05:40 INFO Push complete
2026-09-18 16:05:40 INFO Change detected: 16:05:18/opt/dsf/sd/sys/ (resurrect.g CLOSE_WRITE,CLOSE)
2026-09-18 16:05:40 INFO Push started
2026-09-18 16:05:41 INFO Synced /opt/dsf/sd/sys
2026-09-18 16:05:42 INFO Synced /opt/dsf/sd/macros
2026-09-18 16:05:42 INFO Push complete
2026-09-18 16:24:22 INFO Change detected: 16:24:22/opt/dsf/sd/sys/ (dwc-settings.json.part CREATE)
2026-09-18 16:24:22 INFO Push started
2026-09-18 16:24:27 INFO   dwc-settings.json: Updated modification time in destination
2026-09-18 16:24:27 INFO Synced /opt/dsf/sd/sys
2026-09-18 16:24:28 INFO Synced /opt/dsf/sd/macros
2026-09-18 16:24:28 INFO Push complete
2026-09-18 16:24:28 INFO Change detected: 16:24:22/opt/dsf/sd/sys/ (dwc-settings.json.part CLOSE_WRITE,CLOSE)
2026-09-18 16:24:28 INFO Push started
2026-09-18 16:24:29 INFO Synced /opt/dsf/sd/sys
2026-09-18 16:24:30 INFO Synced /opt/dsf/sd/macros
2026-09-18 16:24:30 INFO Push complete
2026-09-18 16:24:30 INFO Change detected: 16:24:22/opt/dsf/sd/sys/ (dwc-settings.json MOVED_TO)
2026-09-18 16:24:30 INFO Push started
2026-09-18 16:24:31 INFO Synced /opt/dsf/sd/sys
2026-09-18 16:24:32 INFO Synced /opt/dsf/sd/macros
2026-09-18 16:24:32 INFO Push complete
2026-09-18 17:25:50 INFO Change detected: 17:25:50/opt/dsf/sd/sys/ (dwc-settings.json.part CREATE)
2026-09-18 17:25:50 INFO Push started
2026-09-18 17:25:53 INFO   dwc-settings.json: Updated modification time in destination
2026-09-18 17:25:53 INFO   eventlog.txt: Copied (replaced existing)
2026-09-18 17:25:53 INFO Synced /opt/dsf/sd/sys
2026-09-18 17:25:54 INFO Synced /opt/dsf/sd/macros
2026-09-18 17:25:54 INFO Push complete
2026-09-18 17:25:54 INFO Change detected: 17:25:50/opt/dsf/sd/sys/ (dwc-settings.json.part CLOSE_WRITE,CLOSE)
2026-09-18 17:25:54 INFO Push started
2026-09-18 17:25:55 INFO Synced /opt/dsf/sd/sys
2026-09-18 17:26:31 INFO Synced /opt/dsf/sd/macros
2026-09-18 17:26:31 INFO Push complete
2026-09-18 17:26:31 INFO Change detected: 17:25:50/opt/dsf/sd/sys/ (dwc-settings.json MOVED_TO)
2026-09-18 17:26:31 INFO Push started
2026-09-18 17:26:32 INFO   dwc-settings.json: Updated modification time in destination
2026-09-18 17:26:32 INFO Synced /opt/dsf/sd/sys
2026-09-18 17:26:33 INFO Synced /opt/dsf/sd/macros
2026-09-18 17:26:33 INFO Push complete
2026-09-18 17:26:33 INFO Change detected: 17:26:23/opt/dsf/sd/sys/ (dwc-settings.json.part CREATE)
2026-09-18 17:26:34 INFO Push started
2026-09-18 17:26:34 INFO Synced /opt/dsf/sd/sys
2026-09-18 17:26:36 INFO Synced /opt/dsf/sd/macros
2026-09-18 17:26:36 INFO Push complete
2026-09-18 17:26:36 INFO Change detected: 17:26:23/opt/dsf/sd/sys/ (dwc-settings.json.part CLOSE_WRITE,CLOSE)
2026-09-18 17:26:36 INFO Push started
2026-09-18 17:26:37 INFO Synced /opt/dsf/sd/sys
2026-09-18 17:26:37 INFO Synced /opt/dsf/sd/macros
2026-09-18 17:26:37 INFO Push complete
2026-09-18 17:26:37 INFO Change detected: 17:26:23/opt/dsf/sd/sys/ (dwc-settings.json MOVED_TO)
2026-09-18 17:26:37 INFO Push started
2026-09-18 17:26:38 INFO Synced /opt/dsf/sd/sys
2026-09-18 17:26:39 INFO Synced /opt/dsf/sd/macros
2026-09-18 17:26:39 INFO Push complete
2026-09-18 21:18:08 INFO Change detected: 21:18:07/opt/dsf/sd/sys/duetBackup/ (duetBackup.log CLOSE_WRITE,CLOSE)
2026-09-18 21:18:08 INFO Push started
2026-09-18 21:19:47 INFO   eventlog.txt: Copied (replaced existing)
2026-09-18 21:19:47 INFO Synced /opt/dsf/sd/sys
2026-09-18 21:19:48 INFO Synced /opt/dsf/sd/macros
2026-09-18 21:19:48 INFO Push complete
2026-09-18 21:19:48 INFO Change detected: 21:18:44/opt/dsf/sd/sys/duetBackup/ (duetBackup.log CLOSE_WRITE,CLOSE)
2026-09-18 21:19:48 INFO Push started
2026-09-18 21:19:49 INFO Synced /opt/dsf/sd/sys
2026-09-18 21:19:50 INFO Synced /opt/dsf/sd/macros
2026-09-18 21:19:50 INFO Push complete
2026-09-18 21:40:57 INFO Change detected: 21:40:57/opt/dsf/sd/sys/ (heightmap.csv CLOSE_WRITE,CLOSE)
2026-09-18 21:40:57 INFO Push started
2026-09-18 21:41:51 INFO   heightmap.csv: Copied (replaced existing)
2026-09-18 21:41:51 INFO Synced /opt/dsf/sd/sys
2026-09-18 21:41:51 INFO Synced /opt/dsf/sd/macros
2026-09-18 21:41:51 INFO Push complete
2026-09-18 21:49:57 INFO Change detected: 21:49:57/opt/dsf/sd/sys/ (dwc-settings.json.part CREATE)
2026-09-18 21:49:57 INFO Push started
2026-09-18 21:50:35 INFO   dwc-settings.json: Copied (replaced existing)
2026-09-18 21:50:35 INFO Synced /opt/dsf/sd/sys
2026-09-18 21:50:35 INFO Synced /opt/dsf/sd/macros
2026-09-18 21:50:35 INFO Push complete
2026-09-18 21:50:36 INFO Change detected: 21:49:57/opt/dsf/sd/sys/ (dwc-settings.json.part CLOSE_WRITE,CLOSE)
2026-09-18 21:50:36 INFO Push started
2026-09-18 21:50:36 INFO Synced /opt/dsf/sd/sys
2026-09-18 21:50:37 INFO Synced /opt/dsf/sd/macros
2026-09-18 21:50:37 INFO Push complete
2026-09-18 21:50:37 INFO Change detected: 21:49:57/opt/dsf/sd/sys/ (dwc-settings.json MOVED_TO)
2026-09-18 21:50:37 INFO Push started
2026-09-18 21:50:38 INFO Synced /opt/dsf/sd/sys
2026-09-18 21:50:39 INFO Synced /opt/dsf/sd/macros
2026-09-18 21:50:39 INFO Push complete
2026-09-18 21:50:39 INFO Change detected: 21:50:05/opt/dsf/sd/sys/ (dwc-settings.json.part CREATE)
2026-09-18 21:50:39 INFO Push started
2026-09-18 21:50:39 INFO Synced /opt/dsf/sd/sys
2026-09-18 21:50:40 INFO Synced /opt/dsf/sd/macros
2026-09-18 21:50:40 INFO Push complete
2026-09-18 21:50:40 INFO Change detected: 21:50:05/opt/dsf/sd/sys/ (dwc-settings.json.part CLOSE_WRITE,CLOSE)
2026-09-18 21:50:40 INFO Push started
2026-09-18 21:50:41 INFO Synced /opt/dsf/sd/sys
2026-09-18 21:50:42 INFO Synced /opt/dsf/sd/macros
2026-09-18 21:50:42 INFO Push complete
2026-09-18 21:50:42 INFO Change detected: 21:50:05/opt/dsf/sd/sys/ (dwc-settings.json MOVED_TO)
2026-09-18 21:50:42 INFO Push started
2026-09-18 21:50:43 INFO Synced /opt/dsf/sd/sys
2026-09-18 21:50:43 INFO Synced /opt/dsf/sd/macros
2026-09-18 21:50:43 INFO Push complete
2026-09-18 21:50:43 INFO Change detected: 21:50:15/opt/dsf/sd/sys/ (dwc-settings.json.part CREATE)
2026-09-18 21:50:43 INFO Push started
2026-09-18 21:50:44 INFO Synced /opt/dsf/sd/sys
2026-09-18 21:50:45 INFO Synced /opt/dsf/sd/macros
2026-09-18 21:50:45 INFO Push complete
2026-09-18 21:50:45 INFO Change detected: 21:50:15/opt/dsf/sd/sys/ (dwc-settings.json.part CLOSE_WRITE,CLOSE)
2026-09-18 21:50:45 INFO Push started
2026-09-18 21:50:46 INFO Synced /opt/dsf/sd/sys
2026-09-18 21:50:47 INFO Synced /opt/dsf/sd/macros
2026-09-18 21:50:47 INFO Push complete
2026-09-18 21:50:47 INFO Change detected: 21:50:15/opt/dsf/sd/sys/ (dwc-settings.json MOVED_TO)
2026-09-18 21:50:47 INFO Push started
2026-09-18 21:50:47 INFO Synced /opt/dsf/sd/sys
2026-09-18 21:50:48 INFO Synced /opt/dsf/sd/macros
2026-09-18 21:50:48 INFO Push complete
2026-09-18 22:29:19 INFO Change detected: 22:29:19/opt/dsf/sd/sys/ (heightmap.csv CLOSE_WRITE,CLOSE)
2026-09-18 22:29:20 INFO Push started
2026-09-18 22:29:25 INFO   heightmap.csv: Copied (replaced existing)
2026-09-18 22:29:25 INFO Synced /opt/dsf/sd/sys
2026-09-18 22:29:26 INFO Synced /opt/dsf/sd/macros
2026-09-18 22:29:26 INFO Push complete
2026-09-18 23:49:50 INFO Change detected: 23:49:50/opt/dsf/sd/sys/ (heightmap_bed60_chamberoff.csv CREATE)
2026-09-18 23:49:50 INFO Push started
2026-09-18 23:49:52 INFO   heightmap_bed80_chamberoff.csv: Copied (new)
2026-09-18 23:49:52 INFO   heightmap_bed60_chamberoff.csv: Copied (new)
2026-09-18 23:49:52 INFO Synced /opt/dsf/sd/sys
2026-09-18 23:49:53 INFO Synced /opt/dsf/sd/macros
2026-09-18 23:49:53 INFO Push complete
2026-09-18 23:49:53 INFO Change detected: 23:49:50/opt/dsf/sd/sys/ (heightmap_bed60_chamberoff.csv CLOSE_WRITE,CLOSE)
2026-09-18 23:49:53 INFO Push started
2026-09-18 23:49:54 INFO Synced /opt/dsf/sd/sys
2026-09-18 23:49:54 INFO Synced /opt/dsf/sd/macros
2026-09-18 23:49:54 INFO Push complete
2026-09-18 23:49:54 INFO Change detected: 23:49:50/opt/dsf/sd/sys/ (heightmap_bed80_chamberoff.csv CREATE)
2026-09-18 23:49:54 INFO Push started
2026-09-18 23:49:55 INFO Synced /opt/dsf/sd/sys
2026-09-18 23:49:56 INFO Synced /opt/dsf/sd/macros
2026-09-18 23:49:56 INFO Push complete
2026-09-18 23:49:56 INFO Change detected: 23:49:50/opt/dsf/sd/sys/ (heightmap_bed80_chamberoff.csv CLOSE_WRITE,CLOSE)
2026-09-18 23:49:56 INFO Push started
2026-09-18 23:50:31 INFO Synced /opt/dsf/sd/sys
2026-09-18 23:50:32 INFO Synced /opt/dsf/sd/macros
2026-09-18 23:50:32 INFO Push complete
2026-09-19 00:23:10 INFO Change detected: 00:23:10/opt/dsf/sd/sys/ (heightmap.csv CLOSE_WRITE,CLOSE)
2026-09-19 00:23:10 INFO Push started
2026-09-19 00:23:46 INFO   heightmap.csv: Copied (replaced existing)
2026-09-19 00:23:46 INFO Synced /opt/dsf/sd/sys
2026-09-19 00:23:46 INFO Synced /opt/dsf/sd/macros
2026-09-19 00:23:46 INFO Push complete
2026-09-19 00:28:36 INFO Change detected: 00:28:36/opt/dsf/sd/sys/ (heightmap.csv CLOSE_WRITE,CLOSE)
2026-09-19 00:28:36 INFO Push started
2026-09-19 00:28:38 INFO   heightmap.csv: Copied (replaced existing)
2026-09-19 00:28:38 INFO Synced /opt/dsf/sd/sys
2026-09-19 00:28:39 INFO Synced /opt/dsf/sd/macros
2026-09-19 00:28:39 INFO Push complete
2026-09-19 03:18:43 INFO Change detected: 03:18:42/opt/dsf/sd/sys/duetBackup/ (duetBackup.log CLOSE_WRITE,CLOSE)
2026-09-19 03:18:43 INFO Push started
2026-09-19 03:18:45 INFO   eventlog.txt: Copied (replaced existing)
2026-09-19 03:18:45 INFO Synced /opt/dsf/sd/sys
2026-09-19 03:18:45 INFO Synced /opt/dsf/sd/macros
2026-09-19 03:18:45 INFO Push complete
2026-09-19 03:19:21 INFO Change detected: 03:19:21/opt/dsf/sd/sys/duetBackup/ (duetBackup.log CLOSE_WRITE,CLOSE)
2026-09-19 03:19:21 INFO Push started
2026-09-19 03:19:30 INFO Synced /opt/dsf/sd/sys
2026-09-19 03:19:31 INFO Synced /opt/dsf/sd/macros
2026-09-19 03:19:31 INFO Push complete
2026-09-19 09:09:44 INFO Change detected: 09:09:44/opt/dsf/sd/sys/ (heightmap_bed60_chamberoff.csv CREATE)
2026-09-19 09:09:44 INFO Push started
2026-09-19 09:09:46 INFO   heightmap_bed60_chamberoff.csv: Updated modification time in destination
2026-09-19 09:09:46 INFO   heightmap_bed80_chamberoff.csv: Updated modification time in destination
2026-09-19 09:09:46 INFO Synced /opt/dsf/sd/sys
2026-09-19 09:09:46 INFO Synced /opt/dsf/sd/macros
2026-09-19 09:09:46 INFO Push complete
2026-09-19 09:09:46 INFO Change detected: 09:09:44/opt/dsf/sd/sys/ (heightmap_bed60_chamberoff.csv CLOSE_WRITE,CLOSE)
2026-09-19 09:09:46 INFO Push started
2026-09-19 09:09:47 INFO Synced /opt/dsf/sd/sys
2026-09-19 09:09:48 INFO Synced /opt/dsf/sd/macros
2026-09-19 09:09:48 INFO Push complete
2026-09-19 09:09:48 INFO Change detected: 09:09:44/opt/dsf/sd/sys/ (heightmap_bed80_chamberoff.csv CREATE)
2026-09-19 09:09:48 INFO Push started
2026-09-19 09:09:49 INFO Synced /opt/dsf/sd/sys
2026-09-19 09:09:50 INFO Synced /opt/dsf/sd/macros
2026-09-19 09:09:50 INFO Push complete
2026-09-19 09:09:50 INFO Change detected: 09:09:44/opt/dsf/sd/sys/ (heightmap_bed80_chamberoff.csv CLOSE_WRITE,CLOSE)
2026-09-19 09:09:50 INFO Push started
2026-09-19 09:09:51 INFO Synced /opt/dsf/sd/sys
2026-09-19 09:09:51 INFO Synced /opt/dsf/sd/macros
2026-09-19 09:09:51 INFO Push complete
2026-09-19 09:10:40 INFO Change detected: 09:10:40/opt/dsf/sd/sys/ (heightmap_bed105_ch60.csv CREATE)
2026-09-19 09:10:40 INFO Push started
2026-09-19 09:10:42 INFO   heightmap_bed105_ch60.csv: Copied (new)
2026-09-19 09:10:42 INFO Synced /opt/dsf/sd/sys
2026-09-19 09:10:43 INFO Synced /opt/dsf/sd/macros
2026-09-19 09:10:43 INFO Push complete
2026-09-19 09:10:43 INFO Change detected: 09:10:40/opt/dsf/sd/sys/ (heightmap_bed105_ch60.csv CLOSE_WRITE,CLOSE)
2026-09-19 09:10:43 INFO Push started
2026-09-19 09:10:44 INFO Synced /opt/dsf/sd/sys
2026-09-19 09:10:44 INFO Synced /opt/dsf/sd/macros
2026-09-19 09:10:44 INFO Push complete
2026-09-19 09:19:21 INFO Change detected: 09:19:21/opt/dsf/sd/sys/duetBackup/ (duetBackup.log CLOSE_WRITE,CLOSE)
2026-09-19 09:19:21 INFO Push started
2026-09-19 09:19:27 INFO Synced /opt/dsf/sd/sys
2026-09-19 09:19:27 INFO Synced /opt/dsf/sd/macros
2026-09-19 09:19:27 INFO Push complete
2026-09-19 09:20:00 INFO Change detected: 09:20:00/opt/dsf/sd/sys/duetBackup/ (duetBackup.log CLOSE_WRITE,CLOSE)
2026-09-19 09:20:00 INFO Push started
2026-09-19 09:20:52 INFO Synced /opt/dsf/sd/sys
2026-09-19 09:20:53 INFO Synced /opt/dsf/sd/macros
2026-09-19 09:20:53 INFO Push complete
2026-09-19 09:54:51 INFO Change detected: 09:54:51/opt/dsf/sd/sys/ (heightmap.csv CLOSE_WRITE,CLOSE)
2026-09-19 09:54:51 INFO Push started
2026-09-19 09:54:53 INFO   heightmap.csv: Copied (replaced existing)
2026-09-19 09:54:53 INFO Synced /opt/dsf/sd/sys
2026-09-19 09:54:54 INFO Synced /opt/dsf/sd/macros
2026-09-19 09:54:54 INFO Push complete
2026-09-19 10:00:17 INFO Change detected: 10:00:17/opt/dsf/sd/sys/ (heightmap.csv CLOSE_WRITE,CLOSE)
2026-09-19 10:00:17 INFO Push started
2026-09-19 10:01:41 INFO   heightmap.csv: Copied (replaced existing)
2026-09-19 10:01:41 INFO Synced /opt/dsf/sd/sys
2026-09-19 10:01:42 INFO Synced /opt/dsf/sd/macros
2026-09-19 10:01:42 INFO Push complete
2026-09-19 10:01:51 INFO Change detected: 10:01:51/opt/dsf/sd/sys/ (heightmap_bed60_chamberoff.csv CLOSE_WRITE,CLOSE)
2026-09-19 10:01:51 INFO Push started
2026-09-19 10:02:28 INFO   heightmap_bed60_chamberoff.csv: Copied (replaced existing)
2026-09-19 10:02:28 INFO Synced /opt/dsf/sd/sys
2026-09-19 10:02:28 INFO Synced /opt/dsf/sd/macros
2026-09-19 10:02:28 INFO Push complete
2026-09-19 10:32:08 INFO Change detected: 10:32:08/opt/dsf/sd/sys/ (heightmap.csv CLOSE_WRITE,CLOSE)
2026-09-19 10:32:08 INFO Push started
2026-09-19 10:33:48 INFO   heightmap.csv: Copied (replaced existing)
2026-09-19 10:33:48 INFO Synced /opt/dsf/sd/sys
2026-09-19 10:33:49 INFO Synced /opt/dsf/sd/macros
2026-09-19 10:33:49 INFO Push complete
2026-09-19 10:37:33 INFO Change detected: 10:37:33/opt/dsf/sd/sys/ (heightmap.csv CLOSE_WRITE,CLOSE)
2026-09-19 10:37:33 INFO Push started
2026-09-19 10:37:35 INFO   heightmap.csv: Copied (replaced existing)
2026-09-19 10:37:35 INFO Synced /opt/dsf/sd/sys
2026-09-19 10:37:36 INFO Synced /opt/dsf/sd/macros
2026-09-19 10:37:36 INFO Push complete
2026-09-19 11:20:35 INFO Change detected: 11:20:35/opt/dsf/sd/sys/ (heightmap.csv CLOSE_WRITE,CLOSE)
2026-09-19 11:20:35 INFO Push started
2026-09-19 11:20:38 INFO   heightmap.csv: Copied (replaced existing)
2026-09-19 11:20:38 INFO Synced /opt/dsf/sd/sys
2026-09-19 11:20:38 INFO Synced /opt/dsf/sd/macros
2026-09-19 11:20:38 INFO Push complete
2026-09-19 11:26:02 INFO Change detected: 11:26:02/opt/dsf/sd/sys/ (heightmap.csv CLOSE_WRITE,CLOSE)
2026-09-19 11:26:02 INFO Push started
2026-09-19 11:26:53 INFO   heightmap.csv: Copied (replaced existing)
2026-09-19 11:26:53 INFO Synced /opt/dsf/sd/sys
2026-09-19 11:26:54 INFO Synced /opt/dsf/sd/macros
2026-09-19 11:26:54 INFO Push complete
2026-09-19 12:33:52 INFO Change detected: 12:33:52/opt/dsf/sd/sys/ (heightmap.csv CLOSE_WRITE,CLOSE)
2026-09-19 12:33:52 INFO Push started
2026-09-19 12:33:54 INFO   heightmap.csv: Copied (replaced existing)
2026-09-19 12:33:54 INFO Synced /opt/dsf/sd/sys
2026-09-19 12:33:55 INFO Synced /opt/dsf/sd/macros
2026-09-19 12:33:55 INFO Push complete
2026-09-19 12:39:26 INFO Change detected: 12:39:26/opt/dsf/sd/sys/ (heightmap.csv CLOSE_WRITE,CLOSE)
2026-09-19 12:39:26 INFO Push started
2026-09-19 12:39:28 INFO   heightmap.csv: Copied (replaced existing)
2026-09-19 12:39:28 INFO Synced /opt/dsf/sd/sys
2026-09-19 12:39:29 INFO Synced /opt/dsf/sd/macros
2026-09-19 12:39:29 INFO Push complete
2026-09-19 12:47:32 INFO Change detected: 12:47:32/opt/dsf/sd/sys/ (printend.g.tmp.897.48c90292da98 CREATE)
2026-09-19 12:47:32 INFO Push started
2026-09-19 12:47:34 INFO   printend.g: Copied (replaced existing)
2026-09-19 12:47:34 INFO   eventlog.txt: Copied (replaced existing)
2026-09-19 12:47:34 INFO Synced /opt/dsf/sd/sys
2026-09-19 12:47:35 INFO Synced /opt/dsf/sd/macros
2026-09-19 12:47:35 INFO Push complete
2026-09-19 12:47:35 INFO Change detected: 12:47:32/opt/dsf/sd/sys/ (printend.g.tmp.897.48c90292da98 CLOSE_WRITE,CLOSE)
2026-09-19 12:47:35 INFO Push started
2026-09-19 12:47:35 INFO Synced /opt/dsf/sd/sys
2026-09-19 12:47:36 INFO Synced /opt/dsf/sd/macros
2026-09-19 12:47:36 INFO Push complete
2026-09-19 12:47:36 INFO Change detected: 12:47:32/opt/dsf/sd/sys/ (printend.g MOVED_TO)
2026-09-19 12:47:36 INFO Push started
2026-09-19 12:47:37 INFO Synced /opt/dsf/sd/sys
2026-09-19 12:47:38 INFO Synced /opt/dsf/sd/macros
2026-09-19 12:47:38 INFO Push complete
2026-09-19 12:47:39 INFO Change detected: 12:47:39/opt/dsf/sd/sys/ (heightmap_bed60_ch0.csv CREATE)
2026-09-19 12:47:39 INFO Push started
2026-09-19 12:47:42 INFO   heightmap_bed105_ch60.csv: Updated modification time in destination
2026-09-19 12:47:42 INFO   heightmap_bed60_ch0.csv: Copied (new)
2026-09-19 12:47:42 INFO   heightmap_bed80_ch65.csv: Copied (new)
2026-09-19 12:47:42 INFO   heightmap_bed80_ch0.csv: Copied (new)
2026-09-19 12:47:42 INFO   heightmap_bed110_ch70.csv: Copied (new)
2026-09-19 12:47:42 INFO Synced /opt/dsf/sd/sys
2026-09-19 12:47:42 INFO Synced /opt/dsf/sd/macros
2026-09-19 12:47:42 INFO Push complete
2026-09-19 12:47:42 INFO Change detected: 12:47:39/opt/dsf/sd/sys/ (heightmap_bed60_ch0.csv CLOSE_WRITE,CLOSE)
2026-09-19 12:47:42 INFO Push started
2026-09-19 12:47:43 INFO Synced /opt/dsf/sd/sys
2026-09-19 12:47:44 INFO Synced /opt/dsf/sd/macros
2026-09-19 12:47:44 INFO Push complete
2026-09-19 12:47:44 INFO Change detected: 12:47:39/opt/dsf/sd/sys/ (heightmap_bed80_ch0.csv CREATE)
2026-09-19 12:47:44 INFO Push started
2026-09-19 12:47:45 INFO Synced /opt/dsf/sd/sys
2026-09-19 12:47:45 INFO Synced /opt/dsf/sd/macros
2026-09-19 12:47:45 INFO Push complete
2026-09-19 12:47:45 INFO Change detected: 12:47:39/opt/dsf/sd/sys/ (heightmap_bed80_ch0.csv CLOSE_WRITE,CLOSE)
2026-09-19 12:47:45 INFO Push started
2026-09-19 12:47:46 INFO Synced /opt/dsf/sd/sys
2026-09-19 12:47:47 INFO Synced /opt/dsf/sd/macros
2026-09-19 12:47:47 INFO Push complete
2026-09-19 12:47:47 INFO Change detected: 12:47:39/opt/dsf/sd/sys/ (heightmap_bed80_ch65.csv CREATE)
2026-09-19 12:47:47 INFO Push started
2026-09-19 12:47:48 INFO Synced /opt/dsf/sd/sys
2026-09-19 12:47:49 INFO Synced /opt/dsf/sd/macros
2026-09-19 12:47:49 INFO Push complete
2026-09-19 12:47:49 INFO Change detected: 12:47:39/opt/dsf/sd/sys/ (heightmap_bed80_ch65.csv CLOSE_WRITE,CLOSE)
2026-09-19 12:47:49 INFO Push started
2026-09-19 12:47:49 INFO Synced /opt/dsf/sd/sys
2026-09-19 12:47:50 INFO Synced /opt/dsf/sd/macros
2026-09-19 12:47:50 INFO Push complete
2026-09-19 12:47:50 INFO Change detected: 12:47:39/opt/dsf/sd/sys/ (heightmap_bed105_ch60.csv CLOSE_WRITE,CLOSE)
2026-09-19 12:47:50 INFO Push started
2026-09-19 12:47:51 INFO Synced /opt/dsf/sd/sys
2026-09-19 12:47:52 INFO Synced /opt/dsf/sd/macros
2026-09-19 12:47:52 INFO Push complete
2026-09-19 12:47:52 INFO Change detected: 12:47:39/opt/dsf/sd/sys/ (heightmap_bed110_ch70.csv CREATE)
2026-09-19 12:47:52 INFO Push started
2026-09-19 12:47:53 INFO   printstart.g: Copied (replaced existing)
2026-09-19 12:47:53 INFO Synced /opt/dsf/sd/sys
2026-09-19 12:47:54 INFO Synced /opt/dsf/sd/macros
2026-09-19 12:47:54 INFO Push complete
2026-09-19 12:47:54 INFO Change detected: 12:47:39/opt/dsf/sd/sys/ (heightmap_bed110_ch70.csv CLOSE_WRITE,CLOSE)
2026-09-19 12:47:54 INFO Push started
2026-09-19 12:47:55 INFO Synced /opt/dsf/sd/sys
2026-09-19 12:47:56 INFO Synced /opt/dsf/sd/macros
2026-09-19 12:47:56 INFO Push complete
2026-09-19 12:47:56 INFO Change detected: 12:47:52/opt/dsf/sd/sys/ (printstart.g.tmp.897.1a4fa7721d9b CREATE)
2026-09-19 12:47:56 INFO Push started
2026-09-19 12:48:29 INFO Synced /opt/dsf/sd/sys
2026-09-19 12:48:30 INFO Synced /opt/dsf/sd/macros
2026-09-19 12:48:30 INFO Push complete
2026-09-19 12:48:30 INFO Change detected: 12:47:52/opt/dsf/sd/sys/ (printstart.g.tmp.897.1a4fa7721d9b CLOSE_WRITE,CLOSE)
2026-09-19 12:48:30 INFO Push started
2026-09-19 12:48:32 INFO   printstart.g: Copied (replaced existing)
2026-09-19 12:48:32 INFO   eventlog.txt: Copied (replaced existing)
2026-09-19 12:48:32 INFO Synced /opt/dsf/sd/sys
2026-09-19 12:48:33 INFO Synced /opt/dsf/sd/macros
2026-09-19 12:48:33 INFO Push complete
2026-09-19 12:48:33 INFO Change detected: 12:47:52/opt/dsf/sd/sys/ (printstart.g MOVED_TO)
2026-09-19 12:48:33 INFO Push started
2026-09-19 12:48:34 INFO Synced /opt/dsf/sd/sys
2026-09-19 12:48:35 INFO Synced /opt/dsf/sd/macros
2026-09-19 12:48:35 INFO Push complete
2026-09-19 12:48:35 INFO Change detected: 12:47:58/opt/dsf/sd/sys/ (printstart.g.tmp.897.d792cb073eba CREATE)
2026-09-19 12:48:35 INFO Push started
2026-09-19 12:48:35 INFO Synced /opt/dsf/sd/sys
2026-09-19 12:48:36 INFO Synced /opt/dsf/sd/macros
2026-09-19 12:48:36 INFO Push complete
2026-09-19 12:48:36 INFO Change detected: 12:47:58/opt/dsf/sd/sys/ (printstart.g.tmp.897.d792cb073eba CLOSE_WRITE,CLOSE)
2026-09-19 12:48:36 INFO Push started
2026-09-19 12:48:37 INFO Synced /opt/dsf/sd/sys
2026-09-19 12:48:38 INFO Synced /opt/dsf/sd/macros
2026-09-19 12:48:38 INFO Push complete
2026-09-19 12:48:38 INFO Change detected: 12:47:58/opt/dsf/sd/sys/ (printstart.g MOVED_TO)
2026-09-19 12:48:38 INFO Push started
2026-09-19 12:48:39 INFO Synced /opt/dsf/sd/sys
2026-09-19 12:48:39 INFO Synced /opt/dsf/sd/macros
2026-09-19 12:48:39 INFO Push complete
2026-09-19 13:08:37 INFO Change detected: 13:08:37/opt/dsf/sd/sys/ (project.txt CLOSE_WRITE,CLOSE)
2026-09-19 13:08:37 INFO Push started
2026-09-19 13:08:39 INFO   eventlog.txt: Copied (replaced existing)
2026-09-19 13:08:40 INFO   project.txt: Copied (replaced existing)
2026-09-19 13:08:40 INFO Synced /opt/dsf/sd/sys
2026-09-19 13:08:40 INFO Synced /opt/dsf/sd/macros
2026-09-19 13:08:40 INFO Push complete
2026-09-19 13:09:02 INFO Change detected: 13:09:02/opt/dsf/sd/sys/ (project.txt CLOSE_WRITE,CLOSE)
2026-09-19 13:09:02 INFO Push started
2026-09-19 13:09:55 INFO   project.txt: Copied (replaced existing)
2026-09-19 13:09:55 INFO Synced /opt/dsf/sd/sys
2026-09-19 13:10:44 INFO Synced /opt/dsf/sd/macros
2026-09-19 13:10:44 INFO Push complete
2026-09-19 13:10:44 INFO Change detected: 13:09:12/opt/dsf/sd/sys/ (project.txt CLOSE_WRITE,CLOSE)
2026-09-19 13:10:44 INFO Push started
2026-09-19 13:10:45 INFO Synced /opt/dsf/sd/sys
2026-09-19 13:10:46 INFO Synced /opt/dsf/sd/macros
2026-09-19 13:10:46 INFO Push complete
2026-09-19 13:10:46 INFO Change detected: 13:09:30/opt/dsf/sd/sys/ (project.txt CLOSE_WRITE,CLOSE)
2026-09-19 13:10:46 INFO Push started
2026-09-19 13:10:47 INFO Synced /opt/dsf/sd/sys
2026-09-19 13:10:48 INFO Synced /opt/dsf/sd/macros
2026-09-19 13:10:48 INFO Push complete
2026-09-19 13:21:15 INFO Change detected: 13:21:15/opt/dsf/sd/sys/ (dwc-settings.json.part CREATE)
2026-09-19 13:21:15 INFO Push started
2026-09-19 13:21:51 INFO   dwc-settings.json: Updated modification time in destination
2026-09-19 13:21:51 INFO Synced /opt/dsf/sd/sys
2026-09-19 13:21:51 INFO Synced /opt/dsf/sd/macros
2026-09-19 13:21:51 INFO Push complete
2026-09-19 13:21:51 INFO Change detected: 13:21:15/opt/dsf/sd/sys/ (dwc-settings.json.part CLOSE_WRITE,CLOSE)
2026-09-19 13:21:51 INFO Push started
2026-09-19 13:21:52 INFO Synced /opt/dsf/sd/sys
2026-09-19 13:21:53 INFO Synced /opt/dsf/sd/macros
2026-09-19 13:21:53 INFO Push complete
2026-09-19 13:21:53 INFO Change detected: 13:21:15/opt/dsf/sd/sys/ (dwc-settings.json MOVED_TO)
2026-09-19 13:21:53 INFO Push started
2026-09-19 13:21:54 INFO Synced /opt/dsf/sd/sys
2026-09-19 13:21:54 INFO Synced /opt/dsf/sd/macros
2026-09-19 13:21:54 INFO Push complete
2026-09-19 13:25:19 INFO Change detected: 13:25:19/opt/dsf/sd/sys/ (config.g.tmp.897.2d791fb46c5b CREATE)
2026-09-19 13:25:19 INFO Push started
2026-09-19 13:25:38 INFO   config.g: Copied (replaced existing)
2026-09-19 13:25:38 INFO Synced /opt/dsf/sd/sys
2026-09-19 13:25:39 INFO Synced /opt/dsf/sd/macros
2026-09-19 13:25:39 INFO Push complete
2026-09-19 13:25:39 INFO Change detected: 13:25:19/opt/dsf/sd/sys/ (config.g.tmp.897.2d791fb46c5b CLOSE_WRITE,CLOSE)
2026-09-19 13:25:39 INFO Push started
2026-09-19 13:25:39 INFO Synced /opt/dsf/sd/sys
2026-09-19 13:25:40 INFO Synced /opt/dsf/sd/macros
2026-09-19 13:25:40 INFO Push complete
2026-09-19 13:25:40 INFO Change detected: 13:25:19/opt/dsf/sd/sys/ (config.g MOVED_TO)
2026-09-19 13:25:40 INFO Push started
2026-09-19 13:25:41 INFO Synced /opt/dsf/sd/sys
2026-09-19 13:25:42 INFO Synced /opt/dsf/sd/macros
2026-09-19 13:25:42 INFO Push complete
2026-09-19 13:26:00 INFO Change detected: 13:26:00/opt/dsf/sd/sys/ (dwc-settings.json.part CREATE)
2026-09-19 13:26:00 INFO Push started
2026-09-19 13:26:52 INFO   dwc-settings.json: Updated modification time in destination
2026-09-19 13:26:52 INFO Synced /opt/dsf/sd/sys
2026-09-19 13:26:52 INFO Synced /opt/dsf/sd/macros
2026-09-19 13:26:52 INFO Push complete
2026-09-19 13:26:52 INFO Change detected: 13:26:00/opt/dsf/sd/sys/ (dwc-settings.json.part CLOSE_WRITE,CLOSE)
2026-09-19 13:26:52 INFO Push started
2026-09-19 13:26:54 INFO   dwc-settings.json: Updated modification time in destination
2026-09-19 13:26:54 INFO Synced /opt/dsf/sd/sys
2026-09-19 13:26:54 INFO Synced /opt/dsf/sd/macros
2026-09-19 13:26:54 INFO Push complete
2026-09-19 13:26:54 INFO Change detected: 13:26:00/opt/dsf/sd/sys/ (dwc-settings.json MOVED_TO)
2026-09-19 13:26:54 INFO Push started
2026-09-19 13:26:55 INFO Synced /opt/dsf/sd/sys
2026-09-19 13:27:43 INFO Synced /opt/dsf/sd/macros
2026-09-19 13:27:43 INFO Push complete
2026-09-19 13:27:43 INFO Change detected: 13:26:19/opt/dsf/sd/sys/ (dwc-settings.json.part CREATE)
2026-09-19 13:27:43 INFO Push started
2026-09-19 13:27:44 INFO Synced /opt/dsf/sd/sys
2026-09-19 13:27:45 INFO Synced /opt/dsf/sd/macros
2026-09-19 13:27:45 INFO Push complete
2026-09-19 13:27:45 INFO Change detected: 13:26:19/opt/dsf/sd/sys/ (dwc-settings.json.part CLOSE_WRITE,CLOSE)
2026-09-19 13:27:45 INFO Push started
2026-09-19 13:27:45 INFO Synced /opt/dsf/sd/sys
2026-09-19 13:27:46 INFO Synced /opt/dsf/sd/macros
2026-09-19 13:27:46 INFO Push complete
2026-09-19 13:27:46 INFO Change detected: 13:26:19/opt/dsf/sd/sys/ (dwc-settings.json MOVED_TO)
2026-09-19 13:27:46 INFO Push started
2026-09-19 13:27:47 INFO Synced /opt/dsf/sd/sys
2026-09-19 13:27:48 INFO Synced /opt/dsf/sd/macros
2026-09-19 13:27:48 INFO Push complete
2026-09-19 13:34:16 INFO Change detected: 13:34:16/opt/dsf/sd/sys/ (config.g.tmp.897.357d598b2930 CREATE)
2026-09-19 13:34:16 INFO Push started
2026-09-19 13:34:36 INFO   config.g: Copied (replaced existing)
2026-09-19 13:34:36 INFO Synced /opt/dsf/sd/sys
2026-09-19 13:34:37 INFO Synced /opt/dsf/sd/macros
2026-09-19 13:34:37 INFO Push complete
2026-09-19 13:34:37 INFO Change detected: 13:34:16/opt/dsf/sd/sys/ (config.g.tmp.897.357d598b2930 CLOSE_WRITE,CLOSE)
2026-09-19 13:34:37 INFO Push started
2026-09-19 13:34:37 INFO Synced /opt/dsf/sd/sys
2026-09-19 13:34:38 INFO Synced /opt/dsf/sd/macros
2026-09-19 13:34:38 INFO Push complete
2026-09-19 13:34:38 INFO Change detected: 13:34:16/opt/dsf/sd/sys/ (config.g MOVED_TO)
2026-09-19 13:34:38 INFO Push started
2026-09-19 13:34:39 INFO Synced /opt/dsf/sd/sys
2026-09-19 13:34:40 INFO Synced /opt/dsf/sd/macros
2026-09-19 13:34:40 INFO Push complete
2026-09-19 13:36:03 INFO Change detected: 13:36:03/opt/dsf/sd/sys/ (config.g.tmp.897.3411fdcc30f1 CREATE)
2026-09-19 13:36:03 INFO Push started
2026-09-19 13:36:55 INFO   config.g: Copied (replaced existing)
2026-09-19 13:36:55 INFO Synced /opt/dsf/sd/sys
2026-09-19 13:36:56 INFO Synced /opt/dsf/sd/macros
2026-09-19 13:36:56 INFO Push complete
2026-09-19 13:36:56 INFO Change detected: 13:36:03/opt/dsf/sd/sys/ (config.g.tmp.897.3411fdcc30f1 CLOSE_WRITE,CLOSE)
2026-09-19 13:36:56 INFO Push started
2026-09-19 13:37:46 INFO Synced /opt/dsf/sd/sys
2026-09-19 13:37:47 INFO Synced /opt/dsf/sd/macros
2026-09-19 13:37:47 INFO Push complete
2026-09-19 13:37:47 INFO Change detected: 13:36:03/opt/dsf/sd/sys/ (config.g MOVED_TO)
2026-09-19 13:37:47 INFO Push started
2026-09-19 13:37:47 INFO Synced /opt/dsf/sd/sys
2026-09-19 13:37:48 INFO Synced /opt/dsf/sd/macros
2026-09-19 13:37:48 INFO Push complete
2026-09-19 13:42:34 INFO Change detected: 13:42:34/opt/dsf/sd/sys/ (resurrect.g CREATE)
2026-09-19 13:42:34 INFO Push started
2026-09-19 13:42:36 INFO   resurrect.g: Copied (replaced existing)
2026-09-19 13:42:36 INFO   eventlog.txt: Copied (replaced existing)
2026-09-19 13:42:36 INFO Synced /opt/dsf/sd/sys
2026-09-19 13:42:37 INFO Synced /opt/dsf/sd/macros
2026-09-19 13:42:37 INFO Push complete
2026-09-19 13:42:37 INFO Change detected: 13:42:34/opt/dsf/sd/sys/ (resurrect.g CLOSE_WRITE,CLOSE)
2026-09-19 13:42:37 INFO Push started
2026-09-19 13:42:39 INFO   eventlog.txt: Copied (replaced existing)
2026-09-19 13:42:39 INFO Synced /opt/dsf/sd/sys
2026-09-19 13:42:40 INFO Synced /opt/dsf/sd/macros
2026-09-19 13:42:40 INFO Push complete
2026-09-19 14:22:57 INFO Change detected: 14:22:57/opt/dsf/sd/sys/ (config.g.tmp.897.6f6836306c0d CREATE)
2026-09-19 14:22:57 INFO Push started
2026-09-19 14:23:49 INFO   config.g: Copied (replaced existing)
2026-09-19 14:23:49 INFO   eventlog.txt: Copied (replaced existing)
2026-09-19 14:23:49 INFO Synced /opt/dsf/sd/sys
2026-09-19 14:23:50 INFO Synced /opt/dsf/sd/macros
2026-09-19 14:23:50 INFO Push complete
2026-09-19 14:23:50 INFO Change detected: 14:22:57/opt/dsf/sd/sys/ (config.g.tmp.897.6f6836306c0d CLOSE_WRITE,CLOSE)
2026-09-19 14:23:50 INFO Push started
2026-09-19 14:23:51 INFO Synced /opt/dsf/sd/sys
2026-09-19 14:23:53 INFO Synced /opt/dsf/sd/macros
2026-09-19 14:23:53 INFO Push complete
2026-09-19 14:23:53 INFO Change detected: 14:22:57/opt/dsf/sd/sys/ (config.g MOVED_TO)
2026-09-19 14:23:53 INFO Push started
2026-09-19 14:23:54 INFO Synced /opt/dsf/sd/sys
2026-09-19 14:23:55 INFO Synced /opt/dsf/sd/macros
2026-09-19 14:23:55 INFO Push complete
2026-09-19 14:23:55 INFO Change detected: 14:23:05/opt/dsf/sd/sys/ (eventlog.txt CLOSE_WRITE,CLOSE)
2026-09-19 14:23:55 INFO Push started
2026-09-19 14:23:56 INFO Synced /opt/dsf/sd/sys
2026-09-19 14:23:57 INFO Synced /opt/dsf/sd/macros
2026-09-19 14:23:57 INFO Push complete
2026-09-19 14:23:57 INFO Change detected: 14:23:25/opt/dsf/sd/sys/duetBackup/ (duetBackup.log CLOSE_WRITE,CLOSE)
2026-09-19 14:23:57 INFO Push started
2026-09-19 14:24:49 INFO Synced /opt/dsf/sd/sys
2026-09-19 14:24:51 INFO Synced /opt/dsf/sd/macros
2026-09-19 14:24:51 INFO Push complete
2026-09-19 14:28:23 INFO Change detected: 14:28:23/opt/dsf/sd/sys/ (dwc-settings.json.part CREATE)
2026-09-19 14:28:23 INFO Push started
2026-09-19 14:28:28 INFO   dwc-settings.json: Updated modification time in destination
2026-09-19 14:28:28 INFO   eventlog.txt: Copied (replaced existing)
2026-09-19 14:28:28 INFO Synced /opt/dsf/sd/sys
2026-09-19 14:28:29 INFO Synced /opt/dsf/sd/macros
2026-09-19 14:28:29 INFO Push complete
2026-09-19 14:28:29 INFO Change detected: 14:28:23/opt/dsf/sd/sys/ (dwc-settings.json.part CLOSE_WRITE,CLOSE)
2026-09-19 14:28:29 INFO Push started
2026-09-19 14:28:30 INFO Synced /opt/dsf/sd/sys
2026-09-19 14:28:31 INFO Synced /opt/dsf/sd/macros
2026-09-19 14:28:31 INFO Push complete
2026-09-19 14:28:31 INFO Change detected: 14:28:23/opt/dsf/sd/sys/ (dwc-settings.json MOVED_TO)
2026-09-19 14:28:31 INFO Push started
2026-09-19 14:28:32 INFO Synced /opt/dsf/sd/sys
2026-09-19 14:28:32 INFO Synced /opt/dsf/sd/macros
2026-09-19 14:28:32 INFO Push complete
2026-09-19 14:28:49 INFO Change detected: 14:28:49/opt/dsf/sd/sys/ (dwc-settings.json.part CREATE)
2026-09-19 14:28:49 INFO Push started
2026-09-19 14:28:51 INFO   dwc-settings.json: Updated modification time in destination
2026-09-19 14:28:51 INFO Synced /opt/dsf/sd/sys
2026-09-19 14:28:51 INFO Synced /opt/dsf/sd/macros
2026-09-19 14:28:51 INFO Push complete
2026-09-19 14:28:51 INFO Change detected: 14:28:49/opt/dsf/sd/sys/ (dwc-settings.json.part CLOSE_WRITE,CLOSE)
2026-09-19 14:28:51 INFO Push started
2026-09-19 14:28:52 INFO Synced /opt/dsf/sd/sys
2026-09-19 14:28:53 INFO Synced /opt/dsf/sd/macros
2026-09-19 14:28:53 INFO Push complete
2026-09-19 14:28:53 INFO Change detected: 14:28:49/opt/dsf/sd/sys/ (dwc-settings.json MOVED_TO)
2026-09-19 14:28:53 INFO Push started
2026-09-19 14:28:54 INFO Synced /opt/dsf/sd/sys
2026-09-19 14:28:55 INFO Synced /opt/dsf/sd/macros
2026-09-19 14:28:55 INFO Push complete
2026-09-19 15:20:32 INFO Change detected: 15:20:31/opt/dsf/sd/sys/duetBackup/ (duetBackup.log CLOSE_WRITE,CLOSE)
2026-09-19 15:20:32 INFO Push started
2026-09-19 15:20:34 INFO   eventlog.txt: Copied (replaced existing)
2026-09-19 15:20:34 INFO Synced /opt/dsf/sd/sys
2026-09-19 15:20:35 INFO Synced /opt/dsf/sd/macros
2026-09-19 15:20:35 INFO Push complete
2026-09-19 15:21:22 INFO Change detected: 15:21:22/opt/dsf/sd/sys/duetBackup/ (duetBackup.log CLOSE_WRITE,CLOSE)
2026-09-19 15:21:22 INFO Push started
2026-09-19 15:21:31 INFO Synced /opt/dsf/sd/sys
2026-09-19 15:21:32 INFO Synced /opt/dsf/sd/macros
2026-09-19 15:21:32 INFO Push complete
2026-09-19 15:23:11 INFO Change detected: 15:23:11/opt/dsf/sd/sys/ (printstart.g.tmp.897.e6c9b9abd61a CREATE)
2026-09-19 15:23:11 INFO Push started
2026-09-19 15:23:45 INFO   printstart.g: Copied (replaced existing)
2026-09-19 15:23:45 INFO Synced /opt/dsf/sd/sys
2026-09-19 15:23:46 INFO Synced /opt/dsf/sd/macros
2026-09-19 15:23:46 INFO Push complete
2026-09-19 15:23:46 INFO Change detected: 15:23:11/opt/dsf/sd/sys/ (printstart.g.tmp.897.e6c9b9abd61a CLOSE_WRITE,CLOSE)
2026-09-19 15:23:46 INFO Push started
2026-09-19 15:23:47 INFO   dwc-settings.json: Updated modification time in destination
2026-09-19 15:23:47 INFO Synced /opt/dsf/sd/sys
2026-09-19 15:23:48 INFO Synced /opt/dsf/sd/macros
2026-09-19 15:23:48 INFO Push complete
2026-09-19 15:23:48 INFO Change detected: 15:23:11/opt/dsf/sd/sys/ (printstart.g MOVED_TO)
2026-09-19 15:23:48 INFO Push started
2026-09-19 15:23:49 INFO Synced /opt/dsf/sd/sys
2026-09-19 15:23:50 INFO Synced /opt/dsf/sd/macros
2026-09-19 15:23:50 INFO Push complete
2026-09-19 15:23:50 INFO Change detected: 15:23:21/opt/dsf/sd/sys/ (dwc-settings.json.part CREATE)
2026-09-19 15:23:50 INFO Push started
2026-09-19 15:23:51 INFO Synced /opt/dsf/sd/sys
2026-09-19 15:23:51 INFO Synced /opt/dsf/sd/macros
2026-09-19 15:23:51 INFO Push complete
2026-09-19 15:23:51 INFO Change detected: 15:23:21/opt/dsf/sd/sys/ (dwc-settings.json.part CLOSE_WRITE,CLOSE)
2026-09-19 15:23:51 INFO Push started
2026-09-19 15:23:52 INFO Synced /opt/dsf/sd/sys
2026-09-19 15:23:53 INFO Synced /opt/dsf/sd/macros
2026-09-19 15:23:53 INFO Push complete
2026-09-19 15:23:53 INFO Change detected: 15:23:21/opt/dsf/sd/sys/ (dwc-settings.json MOVED_TO)
2026-09-19 15:23:53 INFO Push started
2026-09-19 15:23:54 INFO Synced /opt/dsf/sd/sys
2026-09-19 15:23:55 INFO Synced /opt/dsf/sd/macros
2026-09-19 15:23:55 INFO Push complete
2026-09-19 15:23:55 INFO Change detected: 15:23:42/opt/dsf/sd/sys/ (dwc-settings.json.part CREATE)
2026-09-19 15:23:55 INFO Push started
2026-09-19 15:23:55 INFO Synced /opt/dsf/sd/sys
2026-09-19 15:24:46 INFO Synced /opt/dsf/sd/macros
2026-09-19 15:24:46 INFO Push complete
2026-09-19 15:24:46 INFO Change detected: 15:23:42/opt/dsf/sd/sys/ (dwc-settings.json.part CLOSE_WRITE,CLOSE)
2026-09-19 15:24:46 INFO Push started
2026-09-19 15:24:47 INFO Synced /opt/dsf/sd/sys
2026-09-19 15:24:47 INFO Synced /opt/dsf/sd/macros
2026-09-19 15:24:47 INFO Push complete
2026-09-19 15:24:47 INFO Change detected: 15:23:42/opt/dsf/sd/sys/ (dwc-settings.json MOVED_TO)
2026-09-19 15:24:47 INFO Push started
2026-09-19 15:24:48 INFO Synced /opt/dsf/sd/sys
2026-09-19 15:24:49 INFO Synced /opt/dsf/sd/macros
2026-09-19 15:24:49 INFO Push complete
2026-09-19 15:29:24 INFO Change detected: 15:29:24/opt/dsf/sd/sys/ (dwc-settings.json.part CREATE)
2026-09-19 15:29:24 INFO Push started
2026-09-19 15:29:29 INFO   dwc-settings.json: Updated modification time in destination
2026-09-19 15:29:29 INFO Synced /opt/dsf/sd/sys
2026-09-19 15:29:30 INFO Synced /opt/dsf/sd/macros
2026-09-19 15:29:30 INFO Push complete
2026-09-19 15:29:30 INFO Change detected: 15:29:24/opt/dsf/sd/sys/ (dwc-settings.json.part CLOSE_WRITE,CLOSE)
2026-09-19 15:29:30 INFO Push started
2026-09-19 15:29:30 INFO Synced /opt/dsf/sd/sys
2026-09-19 15:29:31 INFO Synced /opt/dsf/sd/macros
2026-09-19 15:29:31 INFO Push complete
2026-09-19 15:29:31 INFO Change detected: 15:29:24/opt/dsf/sd/sys/ (dwc-settings.json MOVED_TO)
2026-09-19 15:29:31 INFO Push started
2026-09-19 15:29:32 INFO Synced /opt/dsf/sd/sys
2026-09-19 15:29:33 INFO Synced /opt/dsf/sd/macros
2026-09-19 15:29:33 INFO Push complete
2026-09-19 15:33:50 INFO Change detected: 15:33:50/opt/dsf/sd/sys/ (dwc-settings.json.part CREATE)
2026-09-19 15:33:50 INFO Push started
2026-09-19 15:33:52 INFO   dwc-settings.json: Updated modification time in destination
2026-09-19 15:33:52 INFO Synced /opt/dsf/sd/sys
2026-09-19 15:33:52 INFO Synced /opt/dsf/sd/macros
2026-09-19 15:33:52 INFO Push complete
2026-09-19 15:33:52 INFO Change detected: 15:33:50/opt/dsf/sd/sys/ (dwc-settings.json.part CLOSE_WRITE,CLOSE)
2026-09-19 15:33:52 INFO Push started
2026-09-19 15:33:53 INFO Synced /opt/dsf/sd/sys
2026-09-19 15:33:54 INFO Synced /opt/dsf/sd/macros
2026-09-19 15:33:54 INFO Push complete
2026-09-19 15:33:54 INFO Change detected: 15:33:50/opt/dsf/sd/sys/ (dwc-settings.json MOVED_TO)
2026-09-19 15:33:54 INFO Push started
2026-09-19 15:33:55 INFO Synced /opt/dsf/sd/sys
2026-09-19 15:33:56 INFO Synced /opt/dsf/sd/macros
2026-09-19 15:33:56 INFO Push complete
2026-09-19 16:58:56 INFO Change detected: 16:58:56/opt/dsf/sd/sys/ (project.txt CLOSE_WRITE,CLOSE)
2026-09-19 16:58:56 INFO Push started
2026-09-19 17:00:46 INFO   project.txt: Copied (replaced existing)
2026-09-19 17:00:46 INFO   eventlog.txt: Copied (replaced existing)
2026-09-19 17:00:46 INFO Synced /opt/dsf/sd/sys
2026-09-19 17:00:47 INFO Synced /opt/dsf/sd/macros
2026-09-19 17:00:47 INFO Push complete
2026-09-19 17:03:05 INFO Change detected: 17:03:05/opt/dsf/sd/sys/ (project.txt CLOSE_WRITE,CLOSE)
2026-09-19 17:03:05 INFO Push started
2026-09-19 17:04:48 INFO   project.txt: Copied (replaced existing)
2026-09-19 17:04:48 INFO Synced /opt/dsf/sd/sys
2026-09-19 17:04:49 INFO Synced /opt/dsf/sd/macros
2026-09-19 17:04:49 INFO Push complete
2026-09-19 17:04:49 INFO Change detected: 17:03:15/opt/dsf/sd/sys/ (project.txt CLOSE_WRITE,CLOSE)
2026-09-19 17:04:49 INFO Push started
2026-09-19 17:04:50 INFO Synced /opt/dsf/sd/sys
2026-09-19 17:04:51 INFO Synced /opt/dsf/sd/macros
2026-09-19 17:04:51 INFO Push complete
2026-09-19 17:04:51 INFO Change detected: 17:03:33/opt/dsf/sd/sys/ (project.txt CLOSE_WRITE,CLOSE)
2026-09-19 17:04:51 INFO Push started
2026-09-19 17:04:51 INFO Synced /opt/dsf/sd/sys
2026-09-19 17:04:52 INFO Synced /opt/dsf/sd/macros
2026-09-19 17:04:52 INFO Push complete
2026-09-19 17:04:52 INFO Change detected: 17:04:07/opt/dsf/sd/sys/ (project.txt CLOSE_WRITE,CLOSE)
2026-09-19 17:04:52 INFO Push started
2026-09-19 17:04:53 INFO Synced /opt/dsf/sd/sys
2026-09-19 17:04:54 INFO Synced /opt/dsf/sd/macros
2026-09-19 17:04:54 INFO Push complete
2026-09-19 17:04:54 INFO Change detected: 17:04:39/opt/dsf/sd/sys/ (project.txt CLOSE_WRITE,CLOSE)
2026-09-19 17:04:54 INFO Push started
2026-09-19 17:04:55 INFO Synced /opt/dsf/sd/sys
2026-09-19 17:05:31 INFO Synced /opt/dsf/sd/macros
2026-09-19 17:05:31 INFO Push complete
2026-09-19 17:05:31 INFO Change detected: 17:05:10/opt/dsf/sd/sys/ (project.txt CLOSE_WRITE,CLOSE)
2026-09-19 17:05:31 INFO Push started
2026-09-19 17:05:33 INFO   project.txt: Copied (replaced existing)
2026-09-19 17:05:33 INFO Synced /opt/dsf/sd/sys
2026-09-19 17:05:35 INFO Synced /opt/dsf/sd/macros
2026-09-19 17:05:35 INFO Push complete
2026-09-19 17:06:52 INFO Change detected: 17:06:52/opt/dsf/sd/sys/ (project.txt CLOSE_WRITE,CLOSE)
2026-09-19 17:06:52 INFO Push started
2026-09-19 17:06:55 INFO   project.txt: Copied (replaced existing)
2026-09-19 17:06:55 INFO Synced /opt/dsf/sd/sys
2026-09-19 17:07:45 INFO Synced /opt/dsf/sd/macros
2026-09-19 17:07:45 INFO Push complete
